Bridge-1 Self-Weight (Abaqus->STAP, coincident nodes merged)
4085  4  1  1  10
1  0 0 0  200 -10 0
2  0 0 0  200 10 0
3  0 0 0  150 10 0
4  0 0 0  150 -10 0
5  0 0 0  100 10 0
6  0 0 0  100 -10 0
7  0 0 0  50 10 0
8  0 0 0  50 -10 0
9  0 0 0  0 10 0
10  0 0 0  0 -10 0
11  0 0 0  -50 10 0
12  0 0 0  -50 -10 0
13  0 0 0  -100 10 0
14  0 0 0  -100 -10 0
15  0 0 0  -150 10 0
16  0 0 0  -150 -10 0
17  0 0 0  -200 10 0
18  0 0 0  -200 -10 0
19  0 0 0  -250 10 0
20  0 0 0  -250 -10 0
21  0 0 0  250 -10 0
22  0 0 0  250 10 0
23  0 0 0  200 -5 0
24  0 0 0  200 0 0
25  0 0 0  200 5 0
26  0 0 0  195 10 0
27  0 0 0  190 10 0
28  0 0 0  185 10 0
29  0 0 0  180 10 0
30  0 0 0  175 10 0
31  0 0 0  170 10 0
32  0 0 0  165 10 0
33  0 0 0  160 10 0
34  0 0 0  155 10 0
35  0 0 0  150 5 0
36  0 0 0  150 0 0
37  0 0 0  150 -5 0
38  0 0 0  155 -10 0
39  0 0 0  160 -10 0
40  0 0 0  165 -10 0
41  0 0 0  170 -10 0
42  0 0 0  175 -10 0
43  0 0 0  180 -10 0
44  0 0 0  185 -10 0
45  0 0 0  190 -10 0
46  0 0 0  195 -10 0
47  0 0 0  145 10 0
48  0 0 0  140 10 0
49  0 0 0  135 10 0
50  0 0 0  130 10 0
51  0 0 0  125 10 0
52  0 0 0  120 10 0
53  0 0 0  115 10 0
54  0 0 0  110 10 0
55  0 0 0  105 10 0
56  0 0 0  100 5 0
57  0 0 0  100 0 0
58  0 0 0  100 -5 0
59  0 0 0  105 -10 0
60  0 0 0  110 -10 0
61  0 0 0  115 -10 0
62  0 0 0  120 -10 0
63  0 0 0  125 -10 0
64  0 0 0  130 -10 0
65  0 0 0  135 -10 0
66  0 0 0  140 -10 0
67  0 0 0  145 -10 0
68  0 0 0  95 10 0
69  0 0 0  90 10 0
70  0 0 0  85 10 0
71  0 0 0  80 10 0
72  0 0 0  75 10 0
73  0 0 0  70 10 0
74  0 0 0  65 10 0
75  0 0 0  60 10 0
76  0 0 0  55 10 0
77  0 0 0  50 5 0
78  0 0 0  50 0 0
79  0 0 0  50 -5 0
80  0 0 0  55 -10 0
81  0 0 0  60 -10 0
82  0 0 0  65 -10 0
83  0 0 0  70 -10 0
84  0 0 0  75 -10 0
85  0 0 0  80 -10 0
86  0 0 0  85 -10 0
87  0 0 0  90 -10 0
88  0 0 0  95 -10 0
89  0 0 0  45 10 0
90  0 0 0  40 10 0
91  0 0 0  35 10 0
92  0 0 0  30 10 0
93  0 0 0  25 10 0
94  0 0 0  20 10 0
95  0 0 0  15 10 0
96  0 0 0  10 10 0
97  0 0 0  5 10 0
98  0 0 0  0 5 0
99  0 0 0  0 0 0
100  0 0 0  0 -5 0
101  0 0 0  5 -10 0
102  0 0 0  10 -10 0
103  0 0 0  15 -10 0
104  0 0 0  20 -10 0
105  0 0 0  25 -10 0
106  0 0 0  30 -10 0
107  0 0 0  35 -10 0
108  0 0 0  40 -10 0
109  0 0 0  45 -10 0
110  0 0 0  -5 10 0
111  0 0 0  -10 10 0
112  0 0 0  -15 10 0
113  0 0 0  -20 10 0
114  0 0 0  -25 10 0
115  0 0 0  -30 10 0
116  0 0 0  -35 10 0
117  0 0 0  -40 10 0
118  0 0 0  -45 10 0
119  0 0 0  -50 5 0
120  0 0 0  -50 0 0
121  0 0 0  -50 -5 0
122  0 0 0  -45 -10 0
123  0 0 0  -40 -10 0
124  0 0 0  -35 -10 0
125  0 0 0  -30 -10 0
126  0 0 0  -25 -10 0
127  0 0 0  -20 -10 0
128  0 0 0  -15 -10 0
129  0 0 0  -10 -10 0
130  0 0 0  -5 -10 0
131  0 0 0  -55 10 0
132  0 0 0  -60 10 0
133  0 0 0  -65 10 0
134  0 0 0  -70 10 0
135  0 0 0  -75 10 0
136  0 0 0  -80 10 0
137  0 0 0  -85 10 0
138  0 0 0  -90 10 0
139  0 0 0  -95 10 0
140  0 0 0  -100 5 0
141  0 0 0  -100 0 0
142  0 0 0  -100 -5 0
143  0 0 0  -95 -10 0
144  0 0 0  -90 -10 0
145  0 0 0  -85 -10 0
146  0 0 0  -80 -10 0
147  0 0 0  -75 -10 0
148  0 0 0  -70 -10 0
149  0 0 0  -65 -10 0
150  0 0 0  -60 -10 0
151  0 0 0  -55 -10 0
152  0 0 0  -105 10 0
153  0 0 0  -110 10 0
154  0 0 0  -115 10 0
155  0 0 0  -120 10 0
156  0 0 0  -125 10 0
157  0 0 0  -130 10 0
158  0 0 0  -135 10 0
159  0 0 0  -140 10 0
160  0 0 0  -145 10 0
161  0 0 0  -150 5 0
162  0 0 0  -150 0 0
163  0 0 0  -150 -5 0
164  0 0 0  -145 -10 0
165  0 0 0  -140 -10 0
166  0 0 0  -135 -10 0
167  0 0 0  -130 -10 0
168  0 0 0  -125 -10 0
169  0 0 0  -120 -10 0
170  0 0 0  -115 -10 0
171  0 0 0  -110 -10 0
172  0 0 0  -105 -10 0
173  0 0 0  -155 10 0
174  0 0 0  -160 10 0
175  0 0 0  -165 10 0
176  0 0 0  -170 10 0
177  0 0 0  -175 10 0
178  0 0 0  -180 10 0
179  0 0 0  -185 10 0
180  0 0 0  -190 10 0
181  0 0 0  -195 10 0
182  0 0 0  -200 5 0
183  0 0 0  -200 0 0
184  0 0 0  -200 -5 0
185  0 0 0  -195 -10 0
186  0 0 0  -190 -10 0
187  0 0 0  -185 -10 0
188  0 0 0  -180 -10 0
189  0 0 0  -175 -10 0
190  0 0 0  -170 -10 0
191  0 0 0  -165 -10 0
192  0 0 0  -160 -10 0
193  0 0 0  -155 -10 0
194  0 0 0  -205 10 0
195  0 0 0  -210 10 0
196  0 0 0  -215 10 0
197  0 0 0  -220 10 0
198  0 0 0  -225 10 0
199  0 0 0  -230 10 0
200  0 0 0  -235 10 0
201  0 0 0  -240 10 0
202  0 0 0  -245 10 0
203  0 0 0  -250 5 0
204  0 0 0  -250 0 0
205  0 0 0  -250 -5 0
206  0 0 0  -245 -10 0
207  0 0 0  -240 -10 0
208  0 0 0  -235 -10 0
209  0 0 0  -230 -10 0
210  0 0 0  -225 -10 0
211  0 0 0  -220 -10 0
212  0 0 0  -215 -10 0
213  0 0 0  -210 -10 0
214  0 0 0  -205 -10 0
215  0 0 0  205 -10 0
216  0 0 0  210 -10 0
217  0 0 0  215 -10 0
218  0 0 0  220 -10 0
219  0 0 0  225 -10 0
220  0 0 0  230 -10 0
221  0 0 0  235 -10 0
222  0 0 0  240 -10 0
223  0 0 0  245 -10 0
224  0 0 0  250 -5 0
225  0 0 0  250 0 0
226  0 0 0  250 5 0
227  0 0 0  245 10 0
228  0 0 0  240 10 0
229  0 0 0  235 10 0
230  0 0 0  230 10 0
231  0 0 0  225 10 0
232  0 0 0  220 10 0
233  0 0 0  215 10 0
234  0 0 0  210 10 0
235  0 0 0  205 10 0
236  0 0 0  195 -5 0
237  0 0 0  195 0 0
238  0 0 0  195 5 0
239  0 0 0  190 -5 0
240  0 0 0  190 0 0
241  0 0 0  190 5 0
242  0 0 0  185 -5 0
243  0 0 0  185 0 0
244  0 0 0  185 5 0
245  0 0 0  180 -5 0
246  0 0 0  180 0 0
247  0 0 0  180 5 0
248  0 0 0  175 -5 0
249  0 0 0  175 0 0
250  0 0 0  175 5 0
251  0 0 0  170 -5 0
252  0 0 0  170 0 0
253  0 0 0  170 5 0
254  0 0 0  165 -5 0
255  0 0 0  165 0 0
256  0 0 0  165 5 0
257  0 0 0  160 -5 0
258  0 0 0  160 0 0
259  0 0 0  160 5 0
260  0 0 0  155 -5 0
261  0 0 0  155 0 0
262  0 0 0  155 5 0
263  0 0 0  145 -5 0
264  0 0 0  145 0 0
265  0 0 0  145 5 0
266  0 0 0  140 -5 0
267  0 0 0  140 0 0
268  0 0 0  140 5 0
269  0 0 0  135 -5 0
270  0 0 0  135 0 0
271  0 0 0  135 5 0
272  0 0 0  130 -5 0
273  0 0 0  130 0 0
274  0 0 0  130 5 0
275  0 0 0  125 -5 0
276  0 0 0  125 0 0
277  0 0 0  125 5 0
278  0 0 0  120 -5 0
279  0 0 0  120 0 0
280  0 0 0  120 5 0
281  0 0 0  115 -5 0
282  0 0 0  115 0 0
283  0 0 0  115 5 0
284  0 0 0  110 -5 0
285  0 0 0  110 0 0
286  0 0 0  110 5 0
287  0 0 0  105 -5 0
288  0 0 0  105 0 0
289  0 0 0  105 5 0
290  0 0 0  95 -5 0
291  0 0 0  95 0 0
292  0 0 0  95 5 0
293  0 0 0  90 -5 0
294  0 0 0  90 0 0
295  0 0 0  90 5 0
296  0 0 0  85 -5 0
297  0 0 0  85 0 0
298  0 0 0  85 5 0
299  0 0 0  80 -5 0
300  0 0 0  80 0 0
301  0 0 0  80 5 0
302  0 0 0  75 -5 0
303  0 0 0  75 0 0
304  0 0 0  75 5 0
305  0 0 0  70 -5 0
306  0 0 0  70 0 0
307  0 0 0  70 5 0
308  0 0 0  65 -5 0
309  0 0 0  65 0 0
310  0 0 0  65 5 0
311  0 0 0  60 -5 0
312  0 0 0  60 0 0
313  0 0 0  60 5 0
314  0 0 0  55 -5 0
315  0 0 0  55 0 0
316  0 0 0  55 5 0
317  0 0 0  45 -5 0
318  0 0 0  45 0 0
319  0 0 0  45 5 0
320  0 0 0  40 -5 0
321  0 0 0  40 0 0
322  0 0 0  40 5 0
323  0 0 0  35 -5 0
324  0 0 0  35 0 0
325  0 0 0  35 5 0
326  0 0 0  30 -5 0
327  0 0 0  30 0 0
328  0 0 0  30 5 0
329  0 0 0  25 -5 0
330  0 0 0  25 0 0
331  0 0 0  25 5 0
332  0 0 0  20 -5 0
333  0 0 0  20 0 0
334  0 0 0  20 5 0
335  0 0 0  15 -5 0
336  0 0 0  15 0 0
337  0 0 0  15 5 0
338  0 0 0  10 -5 0
339  0 0 0  10 0 0
340  0 0 0  10 5 0
341  0 0 0  5 -5 0
342  0 0 0  5 0 0
343  0 0 0  5 5 0
344  0 0 0  -5 -5 0
345  0 0 0  -5 0 0
346  0 0 0  -5 5 0
347  0 0 0  -10 -5 0
348  0 0 0  -10 0 0
349  0 0 0  -10 5 0
350  0 0 0  -15 -5 0
351  0 0 0  -15 0 0
352  0 0 0  -15 5 0
353  0 0 0  -20 -5 0
354  0 0 0  -20 0 0
355  0 0 0  -20 5 0
356  0 0 0  -25 -5 0
357  0 0 0  -25 0 0
358  0 0 0  -25 5 0
359  0 0 0  -30 -5 0
360  0 0 0  -30 0 0
361  0 0 0  -30 5 0
362  0 0 0  -35 -5 0
363  0 0 0  -35 0 0
364  0 0 0  -35 5 0
365  0 0 0  -40 -5 0
366  0 0 0  -40 0 0
367  0 0 0  -40 5 0
368  0 0 0  -45 -5 0
369  0 0 0  -45 0 0
370  0 0 0  -45 5 0
371  0 0 0  -55 -5 0
372  0 0 0  -55 0 0
373  0 0 0  -55 5 0
374  0 0 0  -60 -5 0
375  0 0 0  -60 0 0
376  0 0 0  -60 5 0
377  0 0 0  -65 -5 0
378  0 0 0  -65 0 0
379  0 0 0  -65 5 0
380  0 0 0  -70 -5 0
381  0 0 0  -70 0 0
382  0 0 0  -70 5 0
383  0 0 0  -75 -5 0
384  0 0 0  -75 0 0
385  0 0 0  -75 5 0
386  0 0 0  -80 -5 0
387  0 0 0  -80 0 0
388  0 0 0  -80 5 0
389  0 0 0  -85 -5 0
390  0 0 0  -85 0 0
391  0 0 0  -85 5 0
392  0 0 0  -90 -5 0
393  0 0 0  -90 0 0
394  0 0 0  -90 5 0
395  0 0 0  -95 -5 0
396  0 0 0  -95 0 0
397  0 0 0  -95 5 0
398  0 0 0  -105 -5 0
399  0 0 0  -105 0 0
400  0 0 0  -105 5 0
401  0 0 0  -110 -5 0
402  0 0 0  -110 0 0
403  0 0 0  -110 5 0
404  0 0 0  -115 -5 0
405  0 0 0  -115 0 0
406  0 0 0  -115 5 0
407  0 0 0  -120 -5 0
408  0 0 0  -120 0 0
409  0 0 0  -120 5 0
410  0 0 0  -125 -5 0
411  0 0 0  -125 0 0
412  0 0 0  -125 5 0
413  0 0 0  -130 -5 0
414  0 0 0  -130 0 0
415  0 0 0  -130 5 0
416  0 0 0  -135 -5 0
417  0 0 0  -135 0 0
418  0 0 0  -135 5 0
419  0 0 0  -140 -5 0
420  0 0 0  -140 0 0
421  0 0 0  -140 5 0
422  0 0 0  -145 -5 0
423  0 0 0  -145 0 0
424  0 0 0  -145 5 0
425  0 0 0  -155 -5 0
426  0 0 0  -155 0 0
427  0 0 0  -155 5 0
428  0 0 0  -160 -5 0
429  0 0 0  -160 0 0
430  0 0 0  -160 5 0
431  0 0 0  -165 -5 0
432  0 0 0  -165 0 0
433  0 0 0  -165 5 0
434  0 0 0  -170 -5 0
435  0 0 0  -170 0 0
436  0 0 0  -170 5 0
437  0 0 0  -175 -5 0
438  0 0 0  -175 0 0
439  0 0 0  -175 5 0
440  0 0 0  -180 -5 0
441  0 0 0  -180 0 0
442  0 0 0  -180 5 0
443  0 0 0  -185 -5 0
444  0 0 0  -185 0 0
445  0 0 0  -185 5 0
446  0 0 0  -190 -5 0
447  0 0 0  -190 0 0
448  0 0 0  -190 5 0
449  0 0 0  -195 -5 0
450  0 0 0  -195 0 0
451  0 0 0  -195 5 0
452  0 0 0  -205 -5 0
453  0 0 0  -205 0 0
454  0 0 0  -205 5 0
455  0 0 0  -210 -5 0
456  0 0 0  -210 0 0
457  0 0 0  -210 5 0
458  0 0 0  -215 -5 0
459  0 0 0  -215 0 0
460  0 0 0  -215 5 0
461  0 0 0  -220 -5 0
462  0 0 0  -220 0 0
463  0 0 0  -220 5 0
464  0 0 0  -225 -5 0
465  0 0 0  -225 0 0
466  0 0 0  -225 5 0
467  0 0 0  -230 -5 0
468  0 0 0  -230 0 0
469  0 0 0  -230 5 0
470  0 0 0  -235 -5 0
471  0 0 0  -235 0 0
472  0 0 0  -235 5 0
473  0 0 0  -240 -5 0
474  0 0 0  -240 0 0
475  0 0 0  -240 5 0
476  0 0 0  -245 -5 0
477  0 0 0  -245 0 0
478  0 0 0  -245 5 0
479  0 0 0  205 5 0
480  0 0 0  205 0 0
481  0 0 0  205 -5 0
482  0 0 0  210 5 0
483  0 0 0  210 0 0
484  0 0 0  210 -5 0
485  0 0 0  215 5 0
486  0 0 0  215 0 0
487  0 0 0  215 -5 0
488  0 0 0  220 5 0
489  0 0 0  220 0 0
490  0 0 0  220 -5 0
491  0 0 0  225 5 0
492  0 0 0  225 0 0
493  0 0 0  225 -5 0
494  0 0 0  230 5 0
495  0 0 0  230 0 0
496  0 0 0  230 -5 0
497  0 0 0  235 5 0
498  0 0 0  235 0 0
499  0 0 0  235 -5 0
500  0 0 0  240 5 0
501  0 0 0  240 0 0
502  0 0 0  240 -5 0
503  0 0 0  245 5 0
504  0 0 0  245 0 0
505  0 0 0  245 -5 0
506  1 1 1  0 -10 -50
507  1 1 1  0 -20 -50
508  1 1 1  -20 -20 -50
509  1 1 1  -20 -10 -50
510  0 0 0  0 -20 150
511  0 0 0  -10 -20 150
512  0 0 0  -10 -10 150
513  0 0 0  0 -10 150
514  1 1 1  20 -10 -50
515  1 1 1  20 -20 -50
516  0 0 0  10 -10 150
517  0 0 0  10 -20 150
518  1 1 1  0 -15 -50
519  1 1 1  -6.6666665 -20 -50
520  1 1 1  -13.333333 -20 -50
521  1 1 1  -20 -15 -50
522  1 1 1  -13.333333 -10 -50
523  1 1 1  -6.6666665 -10 -50
524  0 0 0  0 -15 150
525  0 0 0  -6.6666665 -20 150
526  0 0 0  -3.3333332 -20 150
527  0 0 0  -10 -15 150
528  0 0 0  -3.3333332 -10 150
529  0 0 0  -6.6666665 -10 150
530  0 0 0  -19.75 -10 -45
531  0 0 0  -19.5 -10 -40
532  0 0 0  -19.25 -10 -35
533  0 0 0  -19 -10 -30
534  0 0 0  -18.75 -10 -25
535  0 0 0  -18.5 -10 -20
536  0 0 0  -18.25 -10 -15
537  0 0 0  -18 -10 -10
538  0 0 0  -17.75 -10 -5
539  0 0 0  -17.5 -10 0
540  0 0 0  -17.25 -10 5
541  0 0 0  -17 -10 10
542  0 0 0  -16.75 -10 15
543  0 0 0  -16.5 -10 20
544  0 0 0  -16.25 -10 25
545  0 0 0  -16 -10 30
546  0 0 0  -15.75 -10 35
547  0 0 0  -15.5 -10 40
548  0 0 0  -15.25 -10 45
549  0 0 0  -15 -10 50
550  0 0 0  -14.75 -10 55
551  0 0 0  -14.5 -10 60
552  0 0 0  -14.25 -10 65
553  0 0 0  -14 -10 70
554  0 0 0  -13.75 -10 75
555  0 0 0  -13.5 -10 80
556  0 0 0  -13.25 -10 85
557  0 0 0  -13 -10 90
558  0 0 0  -12.75 -10 95
559  0 0 0  -12.5 -10 100
560  0 0 0  -12.25 -10 105
561  0 0 0  -12 -10 110
562  0 0 0  -11.75 -10 115
563  0 0 0  -11.5 -10 120
564  0 0 0  -11.25 -10 125
565  0 0 0  -11 -10 130
566  0 0 0  -10.75 -10 135
567  0 0 0  -10.5 -10 140
568  0 0 0  -10.25 -10 145
569  0 0 0  0 -10 145
570  0 0 0  0 -10 140
571  0 0 0  0 -10 135
572  0 0 0  0 -10 130
573  0 0 0  0 -10 125
574  0 0 0  0 -10 120
575  0 0 0  0 -10 115
576  0 0 0  0 -10 110
577  0 0 0  0 -10 105
578  0 0 0  0 -10 100
579  0 0 0  0 -10 95
580  0 0 0  0 -10 90
581  0 0 0  0 -10 85
582  0 0 0  0 -10 80
583  0 0 0  0 -10 75
584  0 0 0  0 -10 70
585  0 0 0  0 -10 65
586  0 0 0  0 -10 60
587  0 0 0  0 -10 55
588  0 0 0  0 -10 50
589  0 0 0  0 -10 45
590  0 0 0  0 -10 40
591  0 0 0  0 -10 35
592  0 0 0  0 -10 30
593  0 0 0  0 -10 25
594  0 0 0  0 -10 20
595  0 0 0  0 -10 15
596  0 0 0  0 -10 10
597  0 0 0  0 -10 5
598  0 0 0  0 -10 -5
599  0 0 0  0 -10 -10
600  0 0 0  0 -10 -15
601  0 0 0  0 -10 -20
602  0 0 0  0 -10 -25
603  0 0 0  0 -10 -30
604  0 0 0  0 -10 -35
605  0 0 0  0 -10 -40
606  0 0 0  0 -10 -45
607  0 0 0  -10.25 -20 145
608  0 0 0  -10.5 -20 140
609  0 0 0  -10.75 -20 135
610  0 0 0  -11 -20 130
611  0 0 0  -11.25 -20 125
612  0 0 0  -11.5 -20 120
613  0 0 0  -11.75 -20 115
614  0 0 0  -12 -20 110
615  0 0 0  -12.25 -20 105
616  0 0 0  -12.5 -20 100
617  0 0 0  -12.75 -20 95
618  0 0 0  -13 -20 90
619  0 0 0  -13.25 -20 85
620  0 0 0  -13.5 -20 80
621  0 0 0  -13.75 -20 75
622  0 0 0  -14 -20 70
623  0 0 0  -14.25 -20 65
624  0 0 0  -14.5 -20 60
625  0 0 0  -14.75 -20 55
626  0 0 0  -15 -20 50
627  0 0 0  -15.25 -20 45
628  0 0 0  -15.5 -20 40
629  0 0 0  -15.75 -20 35
630  0 0 0  -16 -20 30
631  0 0 0  -16.25 -20 25
632  0 0 0  -16.5 -20 20
633  0 0 0  -16.75 -20 15
634  0 0 0  -17 -20 10
635  0 0 0  -17.25 -20 5
636  0 0 0  -17.5 -20 0
637  0 0 0  -17.75 -20 -5
638  0 0 0  -18 -20 -10
639  0 0 0  -18.25 -20 -15
640  0 0 0  -18.5 -20 -20
641  0 0 0  -18.75 -20 -25
642  0 0 0  -19 -20 -30
643  0 0 0  -19.25 -20 -35
644  0 0 0  -19.5 -20 -40
645  0 0 0  -19.75 -20 -45
646  0 0 0  0 -20 -45
647  0 0 0  0 -20 -40
648  0 0 0  0 -20 -35
649  0 0 0  0 -20 -30
650  0 0 0  0 -20 -25
651  0 0 0  0 -20 -20
652  0 0 0  0 -20 -15
653  0 0 0  0 -20 -10
654  0 0 0  0 -20 -5
655  0 0 0  0 -20 0
656  0 0 0  0 -20 5
657  0 0 0  0 -20 10
658  0 0 0  0 -20 15
659  0 0 0  0 -20 20
660  0 0 0  0 -20 25
661  0 0 0  0 -20 30
662  0 0 0  0 -20 35
663  0 0 0  0 -20 40
664  0 0 0  0 -20 45
665  0 0 0  0 -20 50
666  0 0 0  0 -20 55
667  0 0 0  0 -20 60
668  0 0 0  0 -20 65
669  0 0 0  0 -20 70
670  0 0 0  0 -20 75
671  0 0 0  0 -20 80
672  0 0 0  0 -20 85
673  0 0 0  0 -20 90
674  0 0 0  0 -20 95
675  0 0 0  0 -20 100
676  0 0 0  0 -20 105
677  0 0 0  0 -20 110
678  0 0 0  0 -20 115
679  0 0 0  0 -20 120
680  0 0 0  0 -20 125
681  0 0 0  0 -20 130
682  0 0 0  0 -20 135
683  0 0 0  0 -20 140
684  0 0 0  0 -20 145
685  1 1 1  6.6666665 -10 -50
686  1 1 1  13.333333 -10 -50
687  1 1 1  20 -15 -50
688  1 1 1  13.333333 -20 -50
689  1 1 1  6.6666665 -20 -50
690  0 0 0  6.6666665 -10 150
691  0 0 0  3.3333332 -10 150
692  0 0 0  10 -15 150
693  0 0 0  3.3333332 -20 150
694  0 0 0  6.6666665 -20 150
695  0 0 0  19.75 -20 -45
696  0 0 0  19.5 -20 -40
697  0 0 0  19.25 -20 -35
698  0 0 0  19 -20 -30
699  0 0 0  18.75 -20 -25
700  0 0 0  18.5 -20 -20
701  0 0 0  18.25 -20 -15
702  0 0 0  18 -20 -10
703  0 0 0  17.75 -20 -5
704  0 0 0  17.5 -20 0
705  0 0 0  17.25 -20 5
706  0 0 0  17 -20 10
707  0 0 0  16.75 -20 15
708  0 0 0  16.5 -20 20
709  0 0 0  16.25 -20 25
710  0 0 0  16 -20 30
711  0 0 0  15.75 -20 35
712  0 0 0  15.5 -20 40
713  0 0 0  15.25 -20 45
714  0 0 0  15 -20 50
715  0 0 0  14.75 -20 55
716  0 0 0  14.5 -20 60
717  0 0 0  14.25 -20 65
718  0 0 0  14 -20 70
719  0 0 0  13.75 -20 75
720  0 0 0  13.5 -20 80
721  0 0 0  13.25 -20 85
722  0 0 0  13 -20 90
723  0 0 0  12.75 -20 95
724  0 0 0  12.5 -20 100
725  0 0 0  12.25 -20 105
726  0 0 0  12 -20 110
727  0 0 0  11.75 -20 115
728  0 0 0  11.5 -20 120
729  0 0 0  11.25 -20 125
730  0 0 0  11 -20 130
731  0 0 0  10.75 -20 135
732  0 0 0  10.5 -20 140
733  0 0 0  10.25 -20 145
734  0 0 0  10.25 -10 145
735  0 0 0  10.5 -10 140
736  0 0 0  10.75 -10 135
737  0 0 0  11 -10 130
738  0 0 0  11.25 -10 125
739  0 0 0  11.5 -10 120
740  0 0 0  11.75 -10 115
741  0 0 0  12 -10 110
742  0 0 0  12.25 -10 105
743  0 0 0  12.5 -10 100
744  0 0 0  12.75 -10 95
745  0 0 0  13 -10 90
746  0 0 0  13.25 -10 85
747  0 0 0  13.5 -10 80
748  0 0 0  13.75 -10 75
749  0 0 0  14 -10 70
750  0 0 0  14.25 -10 65
751  0 0 0  14.5 -10 60
752  0 0 0  14.75 -10 55
753  0 0 0  15 -10 50
754  0 0 0  15.25 -10 45
755  0 0 0  15.5 -10 40
756  0 0 0  15.75 -10 35
757  0 0 0  16 -10 30
758  0 0 0  16.25 -10 25
759  0 0 0  16.5 -10 20
760  0 0 0  16.75 -10 15
761  0 0 0  17 -10 10
762  0 0 0  17.25 -10 5
763  0 0 0  17.5 -10 0
764  0 0 0  17.75 -10 -5
765  0 0 0  18 -10 -10
766  0 0 0  18.25 -10 -15
767  0 0 0  18.5 -10 -20
768  0 0 0  18.75 -10 -25
769  0 0 0  19 -10 -30
770  0 0 0  19.25 -10 -35
771  0 0 0  19.5 -10 -40
772  0 0 0  19.75 -10 -45
773  1 1 1  -6.6666665 -15 -50
774  1 1 1  -13.333333 -15 -50
775  0 0 0  -3.3333332 -15 150
776  0 0 0  -6.6666665 -15 150
777  0 0 0  -6.5833335 -10 -45
778  0 0 0  -13.166667 -10 -45
779  0 0 0  -6.5 -10 -40
780  0 0 0  -13 -10 -40
781  0 0 0  -6.4166665 -10 -35
782  0 0 0  -12.833333 -10 -35
783  0 0 0  -6.3333335 -10 -30
784  0 0 0  -12.666667 -10 -30
785  0 0 0  -6.25 -10 -25
786  0 0 0  -12.5 -10 -25
787  0 0 0  -6.1666665 -10 -20
788  0 0 0  -12.333333 -10 -20
789  0 0 0  -6.0833335 -10 -15
790  0 0 0  -12.166667 -10 -15
791  0 0 0  -6 -10 -10
792  0 0 0  -12 -10 -10
793  0 0 0  -5.9166665 -10 -5
794  0 0 0  -11.833333 -10 -5
795  0 0 0  -5.8333335 -10 0
796  0 0 0  -11.666667 -10 0
797  0 0 0  -5.75 -10 5
798  0 0 0  -11.5 -10 5
799  0 0 0  -5.6666665 -10 10
800  0 0 0  -11.333333 -10 10
801  0 0 0  -5.5833335 -10 15
802  0 0 0  -11.166667 -10 15
803  0 0 0  -5.5 -10 20
804  0 0 0  -11 -10 20
805  0 0 0  -5.4166665 -10 25
806  0 0 0  -10.833333 -10 25
807  0 0 0  -5.3333335 -10 30
808  0 0 0  -10.666667 -10 30
809  0 0 0  -5.25 -10 35
810  0 0 0  -10.5 -10 35
811  0 0 0  -5.1666665 -10 40
812  0 0 0  -10.333333 -10 40
813  0 0 0  -5.0833335 -10 45
814  0 0 0  -10.166667 -10 45
815  0 0 0  -5 -10 50
816  0 0 0  -10 -10 50
817  0 0 0  -4.9166665 -10 55
818  0 0 0  -9.833333 -10 55
819  0 0 0  -4.8333335 -10 60
820  0 0 0  -9.666667 -10 60
821  0 0 0  -4.75 -10 65
822  0 0 0  -9.5 -10 65
823  0 0 0  -4.6666665 -10 70
824  0 0 0  -9.333333 -10 70
825  0 0 0  -4.5833335 -10 75
826  0 0 0  -9.166667 -10 75
827  0 0 0  -4.5 -10 80
828  0 0 0  -9 -10 80
829  0 0 0  -4.4166665 -10 85
830  0 0 0  -8.833333 -10 85
831  0 0 0  -4.3333335 -10 90
832  0 0 0  -8.666667 -10 90
833  0 0 0  -4.25 -10 95
834  0 0 0  -8.5 -10 95
835  0 0 0  -4.1666665 -10 100
836  0 0 0  -8.333333 -10 100
837  0 0 0  -4.0833335 -10 105
838  0 0 0  -8.166667 -10 105
839  0 0 0  -4 -10 110
840  0 0 0  -8 -10 110
841  0 0 0  -3.9166668 -10 115
842  0 0 0  -7.8333335 -10 115
843  0 0 0  -3.8333332 -10 120
844  0 0 0  -7.6666665 -10 120
845  0 0 0  -3.75 -10 125
846  0 0 0  -7.5 -10 125
847  0 0 0  -3.6666668 -10 130
848  0 0 0  -7.3333335 -10 130
849  0 0 0  -3.5833332 -10 135
850  0 0 0  -7.1666665 -10 135
851  0 0 0  -3.5 -10 140
852  0 0 0  -7 -10 140
853  0 0 0  -3.4166668 -10 145
854  0 0 0  -6.8333335 -10 145
855  0 0 0  -6.5833335 -20 -45
856  0 0 0  -13.166667 -20 -45
857  0 0 0  -6.5 -20 -40
858  0 0 0  -13 -20 -40
859  0 0 0  -6.4166665 -20 -35
860  0 0 0  -12.833333 -20 -35
861  0 0 0  -6.3333335 -20 -30
862  0 0 0  -12.666667 -20 -30
863  0 0 0  -6.25 -20 -25
864  0 0 0  -12.5 -20 -25
865  0 0 0  -6.1666665 -20 -20
866  0 0 0  -12.333333 -20 -20
867  0 0 0  -6.0833335 -20 -15
868  0 0 0  -12.166667 -20 -15
869  0 0 0  -6 -20 -10
870  0 0 0  -12 -20 -10
871  0 0 0  -5.9166665 -20 -5
872  0 0 0  -11.833333 -20 -5
873  0 0 0  -5.8333335 -20 0
874  0 0 0  -11.666667 -20 0
875  0 0 0  -5.75 -20 5
876  0 0 0  -11.5 -20 5
877  0 0 0  -5.6666665 -20 10
878  0 0 0  -11.333333 -20 10
879  0 0 0  -5.5833335 -20 15
880  0 0 0  -11.166667 -20 15
881  0 0 0  -5.5 -20 20
882  0 0 0  -11 -20 20
883  0 0 0  -5.4166665 -20 25
884  0 0 0  -10.833333 -20 25
885  0 0 0  -5.3333335 -20 30
886  0 0 0  -10.666667 -20 30
887  0 0 0  -5.25 -20 35
888  0 0 0  -10.5 -20 35
889  0 0 0  -5.1666665 -20 40
890  0 0 0  -10.333333 -20 40
891  0 0 0  -5.0833335 -20 45
892  0 0 0  -10.166667 -20 45
893  0 0 0  -5 -20 50
894  0 0 0  -10 -20 50
895  0 0 0  -4.9166665 -20 55
896  0 0 0  -9.833333 -20 55
897  0 0 0  -4.8333335 -20 60
898  0 0 0  -9.666667 -20 60
899  0 0 0  -4.75 -20 65
900  0 0 0  -9.5 -20 65
901  0 0 0  -4.6666665 -20 70
902  0 0 0  -9.333333 -20 70
903  0 0 0  -4.5833335 -20 75
904  0 0 0  -9.166667 -20 75
905  0 0 0  -4.5 -20 80
906  0 0 0  -9 -20 80
907  0 0 0  -4.4166665 -20 85
908  0 0 0  -8.833333 -20 85
909  0 0 0  -4.3333335 -20 90
910  0 0 0  -8.666667 -20 90
911  0 0 0  -4.25 -20 95
912  0 0 0  -8.5 -20 95
913  0 0 0  -4.1666665 -20 100
914  0 0 0  -8.333333 -20 100
915  0 0 0  -4.0833335 -20 105
916  0 0 0  -8.166667 -20 105
917  0 0 0  -4 -20 110
918  0 0 0  -8 -20 110
919  0 0 0  -3.9166668 -20 115
920  0 0 0  -7.8333335 -20 115
921  0 0 0  -3.8333332 -20 120
922  0 0 0  -7.6666665 -20 120
923  0 0 0  -3.75 -20 125
924  0 0 0  -7.5 -20 125
925  0 0 0  -3.6666668 -20 130
926  0 0 0  -7.3333335 -20 130
927  0 0 0  -3.5833332 -20 135
928  0 0 0  -7.1666665 -20 135
929  0 0 0  -3.5 -20 140
930  0 0 0  -7 -20 140
931  0 0 0  -3.4166668 -20 145
932  0 0 0  -6.8333335 -20 145
933  0 0 0  0 -15 -45
934  0 0 0  0 -15 -40
935  0 0 0  0 -15 -35
936  0 0 0  0 -15 -30
937  0 0 0  0 -15 -25
938  0 0 0  0 -15 -20
939  0 0 0  0 -15 -15
940  0 0 0  0 -15 -10
941  0 0 0  0 -15 -5
942  0 0 0  0 -15 0
943  0 0 0  0 -15 5
944  0 0 0  0 -15 10
945  0 0 0  0 -15 15
946  0 0 0  0 -15 20
947  0 0 0  0 -15 25
948  0 0 0  0 -15 30
949  0 0 0  0 -15 35
950  0 0 0  0 -15 40
951  0 0 0  0 -15 45
952  0 0 0  0 -15 50
953  0 0 0  0 -15 55
954  0 0 0  0 -15 60
955  0 0 0  0 -15 65
956  0 0 0  0 -15 70
957  0 0 0  0 -15 75
958  0 0 0  0 -15 80
959  0 0 0  0 -15 85
960  0 0 0  0 -15 90
961  0 0 0  0 -15 95
962  0 0 0  0 -15 100
963  0 0 0  0 -15 105
964  0 0 0  0 -15 110
965  0 0 0  0 -15 115
966  0 0 0  0 -15 120
967  0 0 0  0 -15 125
968  0 0 0  0 -15 130
969  0 0 0  0 -15 135
970  0 0 0  0 -15 140
971  0 0 0  0 -15 145
972  0 0 0  -19.75 -15 -45
973  0 0 0  -19.5 -15 -40
974  0 0 0  -19.25 -15 -35
975  0 0 0  -19 -15 -30
976  0 0 0  -18.75 -15 -25
977  0 0 0  -18.5 -15 -20
978  0 0 0  -18.25 -15 -15
979  0 0 0  -18 -15 -10
980  0 0 0  -17.75 -15 -5
981  0 0 0  -17.5 -15 0
982  0 0 0  -17.25 -15 5
983  0 0 0  -17 -15 10
984  0 0 0  -16.75 -15 15
985  0 0 0  -16.5 -15 20
986  0 0 0  -16.25 -15 25
987  0 0 0  -16 -15 30
988  0 0 0  -15.75 -15 35
989  0 0 0  -15.5 -15 40
990  0 0 0  -15.25 -15 45
991  0 0 0  -15 -15 50
992  0 0 0  -14.75 -15 55
993  0 0 0  -14.5 -15 60
994  0 0 0  -14.25 -15 65
995  0 0 0  -14 -15 70
996  0 0 0  -13.75 -15 75
997  0 0 0  -13.5 -15 80
998  0 0 0  -13.25 -15 85
999  0 0 0  -13 -15 90
1000  0 0 0  -12.75 -15 95
1001  0 0 0  -12.5 -15 100
1002  0 0 0  -12.25 -15 105
1003  0 0 0  -12 -15 110
1004  0 0 0  -11.75 -15 115
1005  0 0 0  -11.5 -15 120
1006  0 0 0  -11.25 -15 125
1007  0 0 0  -11 -15 130
1008  0 0 0  -10.75 -15 135
1009  0 0 0  -10.5 -15 140
1010  0 0 0  -10.25 -15 145
1011  1 1 1  6.6666665 -15 -50
1012  1 1 1  13.333333 -15 -50
1013  0 0 0  3.3333332 -15 150
1014  0 0 0  6.6666665 -15 150
1015  0 0 0  6.5833335 -20 -45
1016  0 0 0  13.166667 -20 -45
1017  0 0 0  6.5 -20 -40
1018  0 0 0  13 -20 -40
1019  0 0 0  6.4166665 -20 -35
1020  0 0 0  12.833333 -20 -35
1021  0 0 0  6.3333335 -20 -30
1022  0 0 0  12.666667 -20 -30
1023  0 0 0  6.25 -20 -25
1024  0 0 0  12.5 -20 -25
1025  0 0 0  6.1666665 -20 -20
1026  0 0 0  12.333333 -20 -20
1027  0 0 0  6.0833335 -20 -15
1028  0 0 0  12.166667 -20 -15
1029  0 0 0  6 -20 -10
1030  0 0 0  12 -20 -10
1031  0 0 0  5.9166665 -20 -5
1032  0 0 0  11.833333 -20 -5
1033  0 0 0  5.8333335 -20 0
1034  0 0 0  11.666667 -20 0
1035  0 0 0  5.75 -20 5
1036  0 0 0  11.5 -20 5
1037  0 0 0  5.6666665 -20 10
1038  0 0 0  11.333333 -20 10
1039  0 0 0  5.5833335 -20 15
1040  0 0 0  11.166667 -20 15
1041  0 0 0  5.5 -20 20
1042  0 0 0  11 -20 20
1043  0 0 0  5.4166665 -20 25
1044  0 0 0  10.833333 -20 25
1045  0 0 0  5.3333335 -20 30
1046  0 0 0  10.666667 -20 30
1047  0 0 0  5.25 -20 35
1048  0 0 0  10.5 -20 35
1049  0 0 0  5.1666665 -20 40
1050  0 0 0  10.333333 -20 40
1051  0 0 0  5.0833335 -20 45
1052  0 0 0  10.166667 -20 45
1053  0 0 0  5 -20 50
1054  0 0 0  10 -20 50
1055  0 0 0  4.9166665 -20 55
1056  0 0 0  9.833333 -20 55
1057  0 0 0  4.8333335 -20 60
1058  0 0 0  9.666667 -20 60
1059  0 0 0  4.75 -20 65
1060  0 0 0  9.5 -20 65
1061  0 0 0  4.6666665 -20 70
1062  0 0 0  9.333333 -20 70
1063  0 0 0  4.5833335 -20 75
1064  0 0 0  9.166667 -20 75
1065  0 0 0  4.5 -20 80
1066  0 0 0  9 -20 80
1067  0 0 0  4.4166665 -20 85
1068  0 0 0  8.833333 -20 85
1069  0 0 0  4.3333335 -20 90
1070  0 0 0  8.666667 -20 90
1071  0 0 0  4.25 -20 95
1072  0 0 0  8.5 -20 95
1073  0 0 0  4.1666665 -20 100
1074  0 0 0  8.333333 -20 100
1075  0 0 0  4.0833335 -20 105
1076  0 0 0  8.166667 -20 105
1077  0 0 0  4 -20 110
1078  0 0 0  8 -20 110
1079  0 0 0  3.9166668 -20 115
1080  0 0 0  7.8333335 -20 115
1081  0 0 0  3.8333332 -20 120
1082  0 0 0  7.6666665 -20 120
1083  0 0 0  3.75 -20 125
1084  0 0 0  7.5 -20 125
1085  0 0 0  3.6666668 -20 130
1086  0 0 0  7.3333335 -20 130
1087  0 0 0  3.5833332 -20 135
1088  0 0 0  7.1666665 -20 135
1089  0 0 0  3.5 -20 140
1090  0 0 0  7 -20 140
1091  0 0 0  3.4166668 -20 145
1092  0 0 0  6.8333335 -20 145
1093  0 0 0  6.5833335 -10 -45
1094  0 0 0  13.166667 -10 -45
1095  0 0 0  6.5 -10 -40
1096  0 0 0  13 -10 -40
1097  0 0 0  6.4166665 -10 -35
1098  0 0 0  12.833333 -10 -35
1099  0 0 0  6.3333335 -10 -30
1100  0 0 0  12.666667 -10 -30
1101  0 0 0  6.25 -10 -25
1102  0 0 0  12.5 -10 -25
1103  0 0 0  6.1666665 -10 -20
1104  0 0 0  12.333333 -10 -20
1105  0 0 0  6.0833335 -10 -15
1106  0 0 0  12.166667 -10 -15
1107  0 0 0  6 -10 -10
1108  0 0 0  12 -10 -10
1109  0 0 0  5.9166665 -10 -5
1110  0 0 0  11.833333 -10 -5
1111  0 0 0  5.8333335 -10 0
1112  0 0 0  11.666667 -10 0
1113  0 0 0  5.75 -10 5
1114  0 0 0  11.5 -10 5
1115  0 0 0  5.6666665 -10 10
1116  0 0 0  11.333333 -10 10
1117  0 0 0  5.5833335 -10 15
1118  0 0 0  11.166667 -10 15
1119  0 0 0  5.5 -10 20
1120  0 0 0  11 -10 20
1121  0 0 0  5.4166665 -10 25
1122  0 0 0  10.833333 -10 25
1123  0 0 0  5.3333335 -10 30
1124  0 0 0  10.666667 -10 30
1125  0 0 0  5.25 -10 35
1126  0 0 0  10.5 -10 35
1127  0 0 0  5.1666665 -10 40
1128  0 0 0  10.333333 -10 40
1129  0 0 0  5.0833335 -10 45
1130  0 0 0  10.166667 -10 45
1131  0 0 0  5 -10 50
1132  0 0 0  10 -10 50
1133  0 0 0  4.9166665 -10 55
1134  0 0 0  9.833333 -10 55
1135  0 0 0  4.8333335 -10 60
1136  0 0 0  9.666667 -10 60
1137  0 0 0  4.75 -10 65
1138  0 0 0  9.5 -10 65
1139  0 0 0  4.6666665 -10 70
1140  0 0 0  9.333333 -10 70
1141  0 0 0  4.5833335 -10 75
1142  0 0 0  9.166667 -10 75
1143  0 0 0  4.5 -10 80
1144  0 0 0  9 -10 80
1145  0 0 0  4.4166665 -10 85
1146  0 0 0  8.833333 -10 85
1147  0 0 0  4.3333335 -10 90
1148  0 0 0  8.666667 -10 90
1149  0 0 0  4.25 -10 95
1150  0 0 0  8.5 -10 95
1151  0 0 0  4.1666665 -10 100
1152  0 0 0  8.333333 -10 100
1153  0 0 0  4.0833335 -10 105
1154  0 0 0  8.166667 -10 105
1155  0 0 0  4 -10 110
1156  0 0 0  8 -10 110
1157  0 0 0  3.9166668 -10 115
1158  0 0 0  7.8333335 -10 115
1159  0 0 0  3.8333332 -10 120
1160  0 0 0  7.6666665 -10 120
1161  0 0 0  3.75 -10 125
1162  0 0 0  7.5 -10 125
1163  0 0 0  3.6666668 -10 130
1164  0 0 0  7.3333335 -10 130
1165  0 0 0  3.5833332 -10 135
1166  0 0 0  7.1666665 -10 135
1167  0 0 0  3.5 -10 140
1168  0 0 0  7 -10 140
1169  0 0 0  3.4166668 -10 145
1170  0 0 0  6.8333335 -10 145
1171  0 0 0  19.75 -15 -45
1172  0 0 0  19.5 -15 -40
1173  0 0 0  19.25 -15 -35
1174  0 0 0  19 -15 -30
1175  0 0 0  18.75 -15 -25
1176  0 0 0  18.5 -15 -20
1177  0 0 0  18.25 -15 -15
1178  0 0 0  18 -15 -10
1179  0 0 0  17.75 -15 -5
1180  0 0 0  17.5 -15 0
1181  0 0 0  17.25 -15 5
1182  0 0 0  17 -15 10
1183  0 0 0  16.75 -15 15
1184  0 0 0  16.5 -15 20
1185  0 0 0  16.25 -15 25
1186  0 0 0  16 -15 30
1187  0 0 0  15.75 -15 35
1188  0 0 0  15.5 -15 40
1189  0 0 0  15.25 -15 45
1190  0 0 0  15 -15 50
1191  0 0 0  14.75 -15 55
1192  0 0 0  14.5 -15 60
1193  0 0 0  14.25 -15 65
1194  0 0 0  14 -15 70
1195  0 0 0  13.75 -15 75
1196  0 0 0  13.5 -15 80
1197  0 0 0  13.25 -15 85
1198  0 0 0  13 -15 90
1199  0 0 0  12.75 -15 95
1200  0 0 0  12.5 -15 100
1201  0 0 0  12.25 -15 105
1202  0 0 0  12 -15 110
1203  0 0 0  11.75 -15 115
1204  0 0 0  11.5 -15 120
1205  0 0 0  11.25 -15 125
1206  0 0 0  11 -15 130
1207  0 0 0  10.75 -15 135
1208  0 0 0  10.5 -15 140
1209  0 0 0  10.25 -15 145
1210  0 0 0  -6.5833335 -15 -45
1211  0 0 0  -13.166667 -15 -45
1212  0 0 0  -6.5 -15 -40
1213  0 0 0  -13 -15 -40
1214  0 0 0  -6.4166665 -15 -35
1215  0 0 0  -12.833333 -15 -35
1216  0 0 0  -6.3333335 -15 -30
1217  0 0 0  -12.666667 -15 -30
1218  0 0 0  -6.25 -15 -25
1219  0 0 0  -12.5 -15 -25
1220  0 0 0  -6.1666665 -15 -20
1221  0 0 0  -12.333333 -15 -20
1222  0 0 0  -6.0833335 -15 -15
1223  0 0 0  -12.166667 -15 -15
1224  0 0 0  -6 -15 -10
1225  0 0 0  -12 -15 -10
1226  0 0 0  -5.9166665 -15 -5
1227  0 0 0  -11.833333 -15 -5
1228  0 0 0  -5.8333335 -15 0
1229  0 0 0  -11.666667 -15 0
1230  0 0 0  -5.75 -15 5
1231  0 0 0  -11.5 -15 5
1232  0 0 0  -5.6666665 -15 10
1233  0 0 0  -11.333333 -15 10
1234  0 0 0  -5.5833335 -15 15
1235  0 0 0  -11.166667 -15 15
1236  0 0 0  -5.5 -15 20
1237  0 0 0  -11 -15 20
1238  0 0 0  -5.4166665 -15 25
1239  0 0 0  -10.833333 -15 25
1240  0 0 0  -5.3333335 -15 30
1241  0 0 0  -10.666667 -15 30
1242  0 0 0  -5.25 -15 35
1243  0 0 0  -10.5 -15 35
1244  0 0 0  -5.1666665 -15 40
1245  0 0 0  -10.333333 -15 40
1246  0 0 0  -5.0833335 -15 45
1247  0 0 0  -10.166667 -15 45
1248  0 0 0  -5 -15 50
1249  0 0 0  -10 -15 50
1250  0 0 0  -4.9166665 -15 55
1251  0 0 0  -9.833333 -15 55
1252  0 0 0  -4.8333335 -15 60
1253  0 0 0  -9.666667 -15 60
1254  0 0 0  -4.75 -15 65
1255  0 0 0  -9.5 -15 65
1256  0 0 0  -4.6666665 -15 70
1257  0 0 0  -9.333333 -15 70
1258  0 0 0  -4.5833335 -15 75
1259  0 0 0  -9.166667 -15 75
1260  0 0 0  -4.5 -15 80
1261  0 0 0  -9 -15 80
1262  0 0 0  -4.4166665 -15 85
1263  0 0 0  -8.833333 -15 85
1264  0 0 0  -4.3333335 -15 90
1265  0 0 0  -8.666667 -15 90
1266  0 0 0  -4.25 -15 95
1267  0 0 0  -8.5 -15 95
1268  0 0 0  -4.1666665 -15 100
1269  0 0 0  -8.333333 -15 100
1270  0 0 0  -4.0833335 -15 105
1271  0 0 0  -8.166667 -15 105
1272  0 0 0  -4 -15 110
1273  0 0 0  -8 -15 110
1274  0 0 0  -3.9166668 -15 115
1275  0 0 0  -7.8333335 -15 115
1276  0 0 0  -3.8333332 -15 120
1277  0 0 0  -7.6666665 -15 120
1278  0 0 0  -3.75 -15 125
1279  0 0 0  -7.5 -15 125
1280  0 0 0  -3.6666668 -15 130
1281  0 0 0  -7.3333335 -15 130
1282  0 0 0  -3.5833332 -15 135
1283  0 0 0  -7.1666665 -15 135
1284  0 0 0  -3.5 -15 140
1285  0 0 0  -7 -15 140
1286  0 0 0  -3.4166668 -15 145
1287  0 0 0  -6.8333335 -15 145
1288  0 0 0  6.5833335 -15 -45
1289  0 0 0  13.166667 -15 -45
1290  0 0 0  6.5 -15 -40
1291  0 0 0  13 -15 -40
1292  0 0 0  6.4166665 -15 -35
1293  0 0 0  12.833333 -15 -35
1294  0 0 0  6.3333335 -15 -30
1295  0 0 0  12.666667 -15 -30
1296  0 0 0  6.25 -15 -25
1297  0 0 0  12.5 -15 -25
1298  0 0 0  6.1666665 -15 -20
1299  0 0 0  12.333333 -15 -20
1300  0 0 0  6.0833335 -15 -15
1301  0 0 0  12.166667 -15 -15
1302  0 0 0  6 -15 -10
1303  0 0 0  12 -15 -10
1304  0 0 0  5.9166665 -15 -5
1305  0 0 0  11.833333 -15 -5
1306  0 0 0  5.8333335 -15 0
1307  0 0 0  11.666667 -15 0
1308  0 0 0  5.75 -15 5
1309  0 0 0  11.5 -15 5
1310  0 0 0  5.6666665 -15 10
1311  0 0 0  11.333333 -15 10
1312  0 0 0  5.5833335 -15 15
1313  0 0 0  11.166667 -15 15
1314  0 0 0  5.5 -15 20
1315  0 0 0  11 -15 20
1316  0 0 0  5.4166665 -15 25
1317  0 0 0  10.833333 -15 25
1318  0 0 0  5.3333335 -15 30
1319  0 0 0  10.666667 -15 30
1320  0 0 0  5.25 -15 35
1321  0 0 0  10.5 -15 35
1322  0 0 0  5.1666665 -15 40
1323  0 0 0  10.333333 -15 40
1324  0 0 0  5.0833335 -15 45
1325  0 0 0  10.166667 -15 45
1326  0 0 0  5 -15 50
1327  0 0 0  10 -15 50
1328  0 0 0  4.9166665 -15 55
1329  0 0 0  9.833333 -15 55
1330  0 0 0  4.8333335 -15 60
1331  0 0 0  9.666667 -15 60
1332  0 0 0  4.75 -15 65
1333  0 0 0  9.5 -15 65
1334  0 0 0  4.6666665 -15 70
1335  0 0 0  9.333333 -15 70
1336  0 0 0  4.5833335 -15 75
1337  0 0 0  9.166667 -15 75
1338  0 0 0  4.5 -15 80
1339  0 0 0  9 -15 80
1340  0 0 0  4.4166665 -15 85
1341  0 0 0  8.833333 -15 85
1342  0 0 0  4.3333335 -15 90
1343  0 0 0  8.666667 -15 90
1344  0 0 0  4.25 -15 95
1345  0 0 0  8.5 -15 95
1346  0 0 0  4.1666665 -15 100
1347  0 0 0  8.333333 -15 100
1348  0 0 0  4.0833335 -15 105
1349  0 0 0  8.166667 -15 105
1350  0 0 0  4 -15 110
1351  0 0 0  8 -15 110
1352  0 0 0  3.9166668 -15 115
1353  0 0 0  7.8333335 -15 115
1354  0 0 0  3.8333332 -15 120
1355  0 0 0  7.6666665 -15 120
1356  0 0 0  3.75 -15 125
1357  0 0 0  7.5 -15 125
1358  0 0 0  3.6666668 -15 130
1359  0 0 0  7.3333335 -15 130
1360  0 0 0  3.5833332 -15 135
1361  0 0 0  7.1666665 -15 135
1362  0 0 0  3.5 -15 140
1363  0 0 0  7 -15 140
1364  0 0 0  3.4166668 -15 145
1365  0 0 0  6.8333335 -15 145
1366  1 1 1  0 20 -50
1367  1 1 1  0 10 -50
1368  1 1 1  -20 10 -50
1369  1 1 1  -20 20 -50
1370  0 0 0  0 10 150
1371  0 0 0  -10 10 150
1372  0 0 0  -10 20 150
1373  0 0 0  0 20 150
1374  1 1 1  20 20 -50
1375  1 1 1  20 10 -50
1376  0 0 0  10 20 150
1377  0 0 0  10 10 150
1378  1 1 1  0 15 -50
1379  1 1 1  -6.6666665 10 -50
1380  1 1 1  -13.333333 10 -50
1381  1 1 1  -20 15 -50
1382  1 1 1  -13.333333 20 -50
1383  1 1 1  -6.6666665 20 -50
1384  0 0 0  0 15 150
1385  0 0 0  -6.6666665 10 150
1386  0 0 0  -3.3333332 10 150
1387  0 0 0  -10 15 150
1388  0 0 0  -3.3333332 20 150
1389  0 0 0  -6.6666665 20 150
1390  0 0 0  -19.75 20 -45
1391  0 0 0  -19.5 20 -40
1392  0 0 0  -19.25 20 -35
1393  0 0 0  -19 20 -30
1394  0 0 0  -18.75 20 -25
1395  0 0 0  -18.5 20 -20
1396  0 0 0  -18.25 20 -15
1397  0 0 0  -18 20 -10
1398  0 0 0  -17.75 20 -5
1399  0 0 0  -17.5 20 0
1400  0 0 0  -17.25 20 5
1401  0 0 0  -17 20 10
1402  0 0 0  -16.75 20 15
1403  0 0 0  -16.5 20 20
1404  0 0 0  -16.25 20 25
1405  0 0 0  -16 20 30
1406  0 0 0  -15.75 20 35
1407  0 0 0  -15.5 20 40
1408  0 0 0  -15.25 20 45
1409  0 0 0  -15 20 50
1410  0 0 0  -14.75 20 55
1411  0 0 0  -14.5 20 60
1412  0 0 0  -14.25 20 65
1413  0 0 0  -14 20 70
1414  0 0 0  -13.75 20 75
1415  0 0 0  -13.5 20 80
1416  0 0 0  -13.25 20 85
1417  0 0 0  -13 20 90
1418  0 0 0  -12.75 20 95
1419  0 0 0  -12.5 20 100
1420  0 0 0  -12.25 20 105
1421  0 0 0  -12 20 110
1422  0 0 0  -11.75 20 115
1423  0 0 0  -11.5 20 120
1424  0 0 0  -11.25 20 125
1425  0 0 0  -11 20 130
1426  0 0 0  -10.75 20 135
1427  0 0 0  -10.5 20 140
1428  0 0 0  -10.25 20 145
1429  0 0 0  0 20 145
1430  0 0 0  0 20 140
1431  0 0 0  0 20 135
1432  0 0 0  0 20 130
1433  0 0 0  0 20 125
1434  0 0 0  0 20 120
1435  0 0 0  0 20 115
1436  0 0 0  0 20 110
1437  0 0 0  0 20 105
1438  0 0 0  0 20 100
1439  0 0 0  0 20 95
1440  0 0 0  0 20 90
1441  0 0 0  0 20 85
1442  0 0 0  0 20 80
1443  0 0 0  0 20 75
1444  0 0 0  0 20 70
1445  0 0 0  0 20 65
1446  0 0 0  0 20 60
1447  0 0 0  0 20 55
1448  0 0 0  0 20 50
1449  0 0 0  0 20 45
1450  0 0 0  0 20 40
1451  0 0 0  0 20 35
1452  0 0 0  0 20 30
1453  0 0 0  0 20 25
1454  0 0 0  0 20 20
1455  0 0 0  0 20 15
1456  0 0 0  0 20 10
1457  0 0 0  0 20 5
1458  0 0 0  0 20 0
1459  0 0 0  0 20 -5
1460  0 0 0  0 20 -10
1461  0 0 0  0 20 -15
1462  0 0 0  0 20 -20
1463  0 0 0  0 20 -25
1464  0 0 0  0 20 -30
1465  0 0 0  0 20 -35
1466  0 0 0  0 20 -40
1467  0 0 0  0 20 -45
1468  0 0 0  -10.25 10 145
1469  0 0 0  -10.5 10 140
1470  0 0 0  -10.75 10 135
1471  0 0 0  -11 10 130
1472  0 0 0  -11.25 10 125
1473  0 0 0  -11.5 10 120
1474  0 0 0  -11.75 10 115
1475  0 0 0  -12 10 110
1476  0 0 0  -12.25 10 105
1477  0 0 0  -12.5 10 100
1478  0 0 0  -12.75 10 95
1479  0 0 0  -13 10 90
1480  0 0 0  -13.25 10 85
1481  0 0 0  -13.5 10 80
1482  0 0 0  -13.75 10 75
1483  0 0 0  -14 10 70
1484  0 0 0  -14.25 10 65
1485  0 0 0  -14.5 10 60
1486  0 0 0  -14.75 10 55
1487  0 0 0  -15 10 50
1488  0 0 0  -15.25 10 45
1489  0 0 0  -15.5 10 40
1490  0 0 0  -15.75 10 35
1491  0 0 0  -16 10 30
1492  0 0 0  -16.25 10 25
1493  0 0 0  -16.5 10 20
1494  0 0 0  -16.75 10 15
1495  0 0 0  -17 10 10
1496  0 0 0  -17.25 10 5
1497  0 0 0  -17.5 10 0
1498  0 0 0  -17.75 10 -5
1499  0 0 0  -18 10 -10
1500  0 0 0  -18.25 10 -15
1501  0 0 0  -18.5 10 -20
1502  0 0 0  -18.75 10 -25
1503  0 0 0  -19 10 -30
1504  0 0 0  -19.25 10 -35
1505  0 0 0  -19.5 10 -40
1506  0 0 0  -19.75 10 -45
1507  0 0 0  0 10 -45
1508  0 0 0  0 10 -40
1509  0 0 0  0 10 -35
1510  0 0 0  0 10 -30
1511  0 0 0  0 10 -25
1512  0 0 0  0 10 -20
1513  0 0 0  0 10 -15
1514  0 0 0  0 10 -10
1515  0 0 0  0 10 -5
1516  0 0 0  0 10 5
1517  0 0 0  0 10 10
1518  0 0 0  0 10 15
1519  0 0 0  0 10 20
1520  0 0 0  0 10 25
1521  0 0 0  0 10 30
1522  0 0 0  0 10 35
1523  0 0 0  0 10 40
1524  0 0 0  0 10 45
1525  0 0 0  0 10 50
1526  0 0 0  0 10 55
1527  0 0 0  0 10 60
1528  0 0 0  0 10 65
1529  0 0 0  0 10 70
1530  0 0 0  0 10 75
1531  0 0 0  0 10 80
1532  0 0 0  0 10 85
1533  0 0 0  0 10 90
1534  0 0 0  0 10 95
1535  0 0 0  0 10 100
1536  0 0 0  0 10 105
1537  0 0 0  0 10 110
1538  0 0 0  0 10 115
1539  0 0 0  0 10 120
1540  0 0 0  0 10 125
1541  0 0 0  0 10 130
1542  0 0 0  0 10 135
1543  0 0 0  0 10 140
1544  0 0 0  0 10 145
1545  1 1 1  6.6666665 20 -50
1546  1 1 1  13.333333 20 -50
1547  1 1 1  20 15 -50
1548  1 1 1  13.333333 10 -50
1549  1 1 1  6.6666665 10 -50
1550  0 0 0  6.6666665 20 150
1551  0 0 0  3.3333332 20 150
1552  0 0 0  10 15 150
1553  0 0 0  3.3333332 10 150
1554  0 0 0  6.6666665 10 150
1555  0 0 0  19.75 10 -45
1556  0 0 0  19.5 10 -40
1557  0 0 0  19.25 10 -35
1558  0 0 0  19 10 -30
1559  0 0 0  18.75 10 -25
1560  0 0 0  18.5 10 -20
1561  0 0 0  18.25 10 -15
1562  0 0 0  18 10 -10
1563  0 0 0  17.75 10 -5
1564  0 0 0  17.5 10 0
1565  0 0 0  17.25 10 5
1566  0 0 0  17 10 10
1567  0 0 0  16.75 10 15
1568  0 0 0  16.5 10 20
1569  0 0 0  16.25 10 25
1570  0 0 0  16 10 30
1571  0 0 0  15.75 10 35
1572  0 0 0  15.5 10 40
1573  0 0 0  15.25 10 45
1574  0 0 0  15 10 50
1575  0 0 0  14.75 10 55
1576  0 0 0  14.5 10 60
1577  0 0 0  14.25 10 65
1578  0 0 0  14 10 70
1579  0 0 0  13.75 10 75
1580  0 0 0  13.5 10 80
1581  0 0 0  13.25 10 85
1582  0 0 0  13 10 90
1583  0 0 0  12.75 10 95
1584  0 0 0  12.5 10 100
1585  0 0 0  12.25 10 105
1586  0 0 0  12 10 110
1587  0 0 0  11.75 10 115
1588  0 0 0  11.5 10 120
1589  0 0 0  11.25 10 125
1590  0 0 0  11 10 130
1591  0 0 0  10.75 10 135
1592  0 0 0  10.5 10 140
1593  0 0 0  10.25 10 145
1594  0 0 0  10.25 20 145
1595  0 0 0  10.5 20 140
1596  0 0 0  10.75 20 135
1597  0 0 0  11 20 130
1598  0 0 0  11.25 20 125
1599  0 0 0  11.5 20 120
1600  0 0 0  11.75 20 115
1601  0 0 0  12 20 110
1602  0 0 0  12.25 20 105
1603  0 0 0  12.5 20 100
1604  0 0 0  12.75 20 95
1605  0 0 0  13 20 90
1606  0 0 0  13.25 20 85
1607  0 0 0  13.5 20 80
1608  0 0 0  13.75 20 75
1609  0 0 0  14 20 70
1610  0 0 0  14.25 20 65
1611  0 0 0  14.5 20 60
1612  0 0 0  14.75 20 55
1613  0 0 0  15 20 50
1614  0 0 0  15.25 20 45
1615  0 0 0  15.5 20 40
1616  0 0 0  15.75 20 35
1617  0 0 0  16 20 30
1618  0 0 0  16.25 20 25
1619  0 0 0  16.5 20 20
1620  0 0 0  16.75 20 15
1621  0 0 0  17 20 10
1622  0 0 0  17.25 20 5
1623  0 0 0  17.5 20 0
1624  0 0 0  17.75 20 -5
1625  0 0 0  18 20 -10
1626  0 0 0  18.25 20 -15
1627  0 0 0  18.5 20 -20
1628  0 0 0  18.75 20 -25
1629  0 0 0  19 20 -30
1630  0 0 0  19.25 20 -35
1631  0 0 0  19.5 20 -40
1632  0 0 0  19.75 20 -45
1633  1 1 1  -6.6666665 15 -50
1634  1 1 1  -13.333333 15 -50
1635  0 0 0  -3.3333332 15 150
1636  0 0 0  -6.6666665 15 150
1637  0 0 0  -6.5833335 20 -45
1638  0 0 0  -13.166667 20 -45
1639  0 0 0  -6.5 20 -40
1640  0 0 0  -13 20 -40
1641  0 0 0  -6.4166665 20 -35
1642  0 0 0  -12.833333 20 -35
1643  0 0 0  -6.3333335 20 -30
1644  0 0 0  -12.666667 20 -30
1645  0 0 0  -6.25 20 -25
1646  0 0 0  -12.5 20 -25
1647  0 0 0  -6.1666665 20 -20
1648  0 0 0  -12.333333 20 -20
1649  0 0 0  -6.0833335 20 -15
1650  0 0 0  -12.166667 20 -15
1651  0 0 0  -6 20 -10
1652  0 0 0  -12 20 -10
1653  0 0 0  -5.9166665 20 -5
1654  0 0 0  -11.833333 20 -5
1655  0 0 0  -5.8333335 20 0
1656  0 0 0  -11.666667 20 0
1657  0 0 0  -5.75 20 5
1658  0 0 0  -11.5 20 5
1659  0 0 0  -5.6666665 20 10
1660  0 0 0  -11.333333 20 10
1661  0 0 0  -5.5833335 20 15
1662  0 0 0  -11.166667 20 15
1663  0 0 0  -5.5 20 20
1664  0 0 0  -11 20 20
1665  0 0 0  -5.4166665 20 25
1666  0 0 0  -10.833333 20 25
1667  0 0 0  -5.3333335 20 30
1668  0 0 0  -10.666667 20 30
1669  0 0 0  -5.25 20 35
1670  0 0 0  -10.5 20 35
1671  0 0 0  -5.1666665 20 40
1672  0 0 0  -10.333333 20 40
1673  0 0 0  -5.0833335 20 45
1674  0 0 0  -10.166667 20 45
1675  0 0 0  -5 20 50
1676  0 0 0  -10 20 50
1677  0 0 0  -4.9166665 20 55
1678  0 0 0  -9.833333 20 55
1679  0 0 0  -4.8333335 20 60
1680  0 0 0  -9.666667 20 60
1681  0 0 0  -4.75 20 65
1682  0 0 0  -9.5 20 65
1683  0 0 0  -4.6666665 20 70
1684  0 0 0  -9.333333 20 70
1685  0 0 0  -4.5833335 20 75
1686  0 0 0  -9.166667 20 75
1687  0 0 0  -4.5 20 80
1688  0 0 0  -9 20 80
1689  0 0 0  -4.4166665 20 85
1690  0 0 0  -8.833333 20 85
1691  0 0 0  -4.3333335 20 90
1692  0 0 0  -8.666667 20 90
1693  0 0 0  -4.25 20 95
1694  0 0 0  -8.5 20 95
1695  0 0 0  -4.1666665 20 100
1696  0 0 0  -8.333333 20 100
1697  0 0 0  -4.0833335 20 105
1698  0 0 0  -8.166667 20 105
1699  0 0 0  -4 20 110
1700  0 0 0  -8 20 110
1701  0 0 0  -3.9166668 20 115
1702  0 0 0  -7.8333335 20 115
1703  0 0 0  -3.8333332 20 120
1704  0 0 0  -7.6666665 20 120
1705  0 0 0  -3.75 20 125
1706  0 0 0  -7.5 20 125
1707  0 0 0  -3.6666668 20 130
1708  0 0 0  -7.3333335 20 130
1709  0 0 0  -3.5833332 20 135
1710  0 0 0  -7.1666665 20 135
1711  0 0 0  -3.5 20 140
1712  0 0 0  -7 20 140
1713  0 0 0  -3.4166668 20 145
1714  0 0 0  -6.8333335 20 145
1715  0 0 0  -6.5833335 10 -45
1716  0 0 0  -13.166667 10 -45
1717  0 0 0  -6.5 10 -40
1718  0 0 0  -13 10 -40
1719  0 0 0  -6.4166665 10 -35
1720  0 0 0  -12.833333 10 -35
1721  0 0 0  -6.3333335 10 -30
1722  0 0 0  -12.666667 10 -30
1723  0 0 0  -6.25 10 -25
1724  0 0 0  -12.5 10 -25
1725  0 0 0  -6.1666665 10 -20
1726  0 0 0  -12.333333 10 -20
1727  0 0 0  -6.0833335 10 -15
1728  0 0 0  -12.166667 10 -15
1729  0 0 0  -6 10 -10
1730  0 0 0  -12 10 -10
1731  0 0 0  -5.9166665 10 -5
1732  0 0 0  -11.833333 10 -5
1733  0 0 0  -5.8333335 10 0
1734  0 0 0  -11.666667 10 0
1735  0 0 0  -5.75 10 5
1736  0 0 0  -11.5 10 5
1737  0 0 0  -5.6666665 10 10
1738  0 0 0  -11.333333 10 10
1739  0 0 0  -5.5833335 10 15
1740  0 0 0  -11.166667 10 15
1741  0 0 0  -5.5 10 20
1742  0 0 0  -11 10 20
1743  0 0 0  -5.4166665 10 25
1744  0 0 0  -10.833333 10 25
1745  0 0 0  -5.3333335 10 30
1746  0 0 0  -10.666667 10 30
1747  0 0 0  -5.25 10 35
1748  0 0 0  -10.5 10 35
1749  0 0 0  -5.1666665 10 40
1750  0 0 0  -10.333333 10 40
1751  0 0 0  -5.0833335 10 45
1752  0 0 0  -10.166667 10 45
1753  0 0 0  -5 10 50
1754  0 0 0  -10 10 50
1755  0 0 0  -4.9166665 10 55
1756  0 0 0  -9.833333 10 55
1757  0 0 0  -4.8333335 10 60
1758  0 0 0  -9.666667 10 60
1759  0 0 0  -4.75 10 65
1760  0 0 0  -9.5 10 65
1761  0 0 0  -4.6666665 10 70
1762  0 0 0  -9.333333 10 70
1763  0 0 0  -4.5833335 10 75
1764  0 0 0  -9.166667 10 75
1765  0 0 0  -4.5 10 80
1766  0 0 0  -9 10 80
1767  0 0 0  -4.4166665 10 85
1768  0 0 0  -8.833333 10 85
1769  0 0 0  -4.3333335 10 90
1770  0 0 0  -8.666667 10 90
1771  0 0 0  -4.25 10 95
1772  0 0 0  -8.5 10 95
1773  0 0 0  -4.1666665 10 100
1774  0 0 0  -8.333333 10 100
1775  0 0 0  -4.0833335 10 105
1776  0 0 0  -8.166667 10 105
1777  0 0 0  -4 10 110
1778  0 0 0  -8 10 110
1779  0 0 0  -3.9166668 10 115
1780  0 0 0  -7.8333335 10 115
1781  0 0 0  -3.8333332 10 120
1782  0 0 0  -7.6666665 10 120
1783  0 0 0  -3.75 10 125
1784  0 0 0  -7.5 10 125
1785  0 0 0  -3.6666668 10 130
1786  0 0 0  -7.3333335 10 130
1787  0 0 0  -3.5833332 10 135
1788  0 0 0  -7.1666665 10 135
1789  0 0 0  -3.5 10 140
1790  0 0 0  -7 10 140
1791  0 0 0  -3.4166668 10 145
1792  0 0 0  -6.8333335 10 145
1793  0 0 0  0 15 -45
1794  0 0 0  0 15 -40
1795  0 0 0  0 15 -35
1796  0 0 0  0 15 -30
1797  0 0 0  0 15 -25
1798  0 0 0  0 15 -20
1799  0 0 0  0 15 -15
1800  0 0 0  0 15 -10
1801  0 0 0  0 15 -5
1802  0 0 0  0 15 0
1803  0 0 0  0 15 5
1804  0 0 0  0 15 10
1805  0 0 0  0 15 15
1806  0 0 0  0 15 20
1807  0 0 0  0 15 25
1808  0 0 0  0 15 30
1809  0 0 0  0 15 35
1810  0 0 0  0 15 40
1811  0 0 0  0 15 45
1812  0 0 0  0 15 50
1813  0 0 0  0 15 55
1814  0 0 0  0 15 60
1815  0 0 0  0 15 65
1816  0 0 0  0 15 70
1817  0 0 0  0 15 75
1818  0 0 0  0 15 80
1819  0 0 0  0 15 85
1820  0 0 0  0 15 90
1821  0 0 0  0 15 95
1822  0 0 0  0 15 100
1823  0 0 0  0 15 105
1824  0 0 0  0 15 110
1825  0 0 0  0 15 115
1826  0 0 0  0 15 120
1827  0 0 0  0 15 125
1828  0 0 0  0 15 130
1829  0 0 0  0 15 135
1830  0 0 0  0 15 140
1831  0 0 0  0 15 145
1832  0 0 0  -19.75 15 -45
1833  0 0 0  -19.5 15 -40
1834  0 0 0  -19.25 15 -35
1835  0 0 0  -19 15 -30
1836  0 0 0  -18.75 15 -25
1837  0 0 0  -18.5 15 -20
1838  0 0 0  -18.25 15 -15
1839  0 0 0  -18 15 -10
1840  0 0 0  -17.75 15 -5
1841  0 0 0  -17.5 15 0
1842  0 0 0  -17.25 15 5
1843  0 0 0  -17 15 10
1844  0 0 0  -16.75 15 15
1845  0 0 0  -16.5 15 20
1846  0 0 0  -16.25 15 25
1847  0 0 0  -16 15 30
1848  0 0 0  -15.75 15 35
1849  0 0 0  -15.5 15 40
1850  0 0 0  -15.25 15 45
1851  0 0 0  -15 15 50
1852  0 0 0  -14.75 15 55
1853  0 0 0  -14.5 15 60
1854  0 0 0  -14.25 15 65
1855  0 0 0  -14 15 70
1856  0 0 0  -13.75 15 75
1857  0 0 0  -13.5 15 80
1858  0 0 0  -13.25 15 85
1859  0 0 0  -13 15 90
1860  0 0 0  -12.75 15 95
1861  0 0 0  -12.5 15 100
1862  0 0 0  -12.25 15 105
1863  0 0 0  -12 15 110
1864  0 0 0  -11.75 15 115
1865  0 0 0  -11.5 15 120
1866  0 0 0  -11.25 15 125
1867  0 0 0  -11 15 130
1868  0 0 0  -10.75 15 135
1869  0 0 0  -10.5 15 140
1870  0 0 0  -10.25 15 145
1871  1 1 1  6.6666665 15 -50
1872  1 1 1  13.333333 15 -50
1873  0 0 0  3.3333332 15 150
1874  0 0 0  6.6666665 15 150
1875  0 0 0  6.5833335 10 -45
1876  0 0 0  13.166667 10 -45
1877  0 0 0  6.5 10 -40
1878  0 0 0  13 10 -40
1879  0 0 0  6.4166665 10 -35
1880  0 0 0  12.833333 10 -35
1881  0 0 0  6.3333335 10 -30
1882  0 0 0  12.666667 10 -30
1883  0 0 0  6.25 10 -25
1884  0 0 0  12.5 10 -25
1885  0 0 0  6.1666665 10 -20
1886  0 0 0  12.333333 10 -20
1887  0 0 0  6.0833335 10 -15
1888  0 0 0  12.166667 10 -15
1889  0 0 0  6 10 -10
1890  0 0 0  12 10 -10
1891  0 0 0  5.9166665 10 -5
1892  0 0 0  11.833333 10 -5
1893  0 0 0  5.8333335 10 0
1894  0 0 0  11.666667 10 0
1895  0 0 0  5.75 10 5
1896  0 0 0  11.5 10 5
1897  0 0 0  5.6666665 10 10
1898  0 0 0  11.333333 10 10
1899  0 0 0  5.5833335 10 15
1900  0 0 0  11.166667 10 15
1901  0 0 0  5.5 10 20
1902  0 0 0  11 10 20
1903  0 0 0  5.4166665 10 25
1904  0 0 0  10.833333 10 25
1905  0 0 0  5.3333335 10 30
1906  0 0 0  10.666667 10 30
1907  0 0 0  5.25 10 35
1908  0 0 0  10.5 10 35
1909  0 0 0  5.1666665 10 40
1910  0 0 0  10.333333 10 40
1911  0 0 0  5.0833335 10 45
1912  0 0 0  10.166667 10 45
1913  0 0 0  5 10 50
1914  0 0 0  10 10 50
1915  0 0 0  4.9166665 10 55
1916  0 0 0  9.833333 10 55
1917  0 0 0  4.8333335 10 60
1918  0 0 0  9.666667 10 60
1919  0 0 0  4.75 10 65
1920  0 0 0  9.5 10 65
1921  0 0 0  4.6666665 10 70
1922  0 0 0  9.333333 10 70
1923  0 0 0  4.5833335 10 75
1924  0 0 0  9.166667 10 75
1925  0 0 0  4.5 10 80
1926  0 0 0  9 10 80
1927  0 0 0  4.4166665 10 85
1928  0 0 0  8.833333 10 85
1929  0 0 0  4.3333335 10 90
1930  0 0 0  8.666667 10 90
1931  0 0 0  4.25 10 95
1932  0 0 0  8.5 10 95
1933  0 0 0  4.1666665 10 100
1934  0 0 0  8.333333 10 100
1935  0 0 0  4.0833335 10 105
1936  0 0 0  8.166667 10 105
1937  0 0 0  4 10 110
1938  0 0 0  8 10 110
1939  0 0 0  3.9166668 10 115
1940  0 0 0  7.8333335 10 115
1941  0 0 0  3.8333332 10 120
1942  0 0 0  7.6666665 10 120
1943  0 0 0  3.75 10 125
1944  0 0 0  7.5 10 125
1945  0 0 0  3.6666668 10 130
1946  0 0 0  7.3333335 10 130
1947  0 0 0  3.5833332 10 135
1948  0 0 0  7.1666665 10 135
1949  0 0 0  3.5 10 140
1950  0 0 0  7 10 140
1951  0 0 0  3.4166668 10 145
1952  0 0 0  6.8333335 10 145
1953  0 0 0  6.5833335 20 -45
1954  0 0 0  13.166667 20 -45
1955  0 0 0  6.5 20 -40
1956  0 0 0  13 20 -40
1957  0 0 0  6.4166665 20 -35
1958  0 0 0  12.833333 20 -35
1959  0 0 0  6.3333335 20 -30
1960  0 0 0  12.666667 20 -30
1961  0 0 0  6.25 20 -25
1962  0 0 0  12.5 20 -25
1963  0 0 0  6.1666665 20 -20
1964  0 0 0  12.333333 20 -20
1965  0 0 0  6.0833335 20 -15
1966  0 0 0  12.166667 20 -15
1967  0 0 0  6 20 -10
1968  0 0 0  12 20 -10
1969  0 0 0  5.9166665 20 -5
1970  0 0 0  11.833333 20 -5
1971  0 0 0  5.8333335 20 0
1972  0 0 0  11.666667 20 0
1973  0 0 0  5.75 20 5
1974  0 0 0  11.5 20 5
1975  0 0 0  5.6666665 20 10
1976  0 0 0  11.333333 20 10
1977  0 0 0  5.5833335 20 15
1978  0 0 0  11.166667 20 15
1979  0 0 0  5.5 20 20
1980  0 0 0  11 20 20
1981  0 0 0  5.4166665 20 25
1982  0 0 0  10.833333 20 25
1983  0 0 0  5.3333335 20 30
1984  0 0 0  10.666667 20 30
1985  0 0 0  5.25 20 35
1986  0 0 0  10.5 20 35
1987  0 0 0  5.1666665 20 40
1988  0 0 0  10.333333 20 40
1989  0 0 0  5.0833335 20 45
1990  0 0 0  10.166667 20 45
1991  0 0 0  5 20 50
1992  0 0 0  10 20 50
1993  0 0 0  4.9166665 20 55
1994  0 0 0  9.833333 20 55
1995  0 0 0  4.8333335 20 60
1996  0 0 0  9.666667 20 60
1997  0 0 0  4.75 20 65
1998  0 0 0  9.5 20 65
1999  0 0 0  4.6666665 20 70
2000  0 0 0  9.333333 20 70
2001  0 0 0  4.5833335 20 75
2002  0 0 0  9.166667 20 75
2003  0 0 0  4.5 20 80
2004  0 0 0  9 20 80
2005  0 0 0  4.4166665 20 85
2006  0 0 0  8.833333 20 85
2007  0 0 0  4.3333335 20 90
2008  0 0 0  8.666667 20 90
2009  0 0 0  4.25 20 95
2010  0 0 0  8.5 20 95
2011  0 0 0  4.1666665 20 100
2012  0 0 0  8.333333 20 100
2013  0 0 0  4.0833335 20 105
2014  0 0 0  8.166667 20 105
2015  0 0 0  4 20 110
2016  0 0 0  8 20 110
2017  0 0 0  3.9166668 20 115
2018  0 0 0  7.8333335 20 115
2019  0 0 0  3.8333332 20 120
2020  0 0 0  7.6666665 20 120
2021  0 0 0  3.75 20 125
2022  0 0 0  7.5 20 125
2023  0 0 0  3.6666668 20 130
2024  0 0 0  7.3333335 20 130
2025  0 0 0  3.5833332 20 135
2026  0 0 0  7.1666665 20 135
2027  0 0 0  3.5 20 140
2028  0 0 0  7 20 140
2029  0 0 0  3.4166668 20 145
2030  0 0 0  6.8333335 20 145
2031  0 0 0  19.75 15 -45
2032  0 0 0  19.5 15 -40
2033  0 0 0  19.25 15 -35
2034  0 0 0  19 15 -30
2035  0 0 0  18.75 15 -25
2036  0 0 0  18.5 15 -20
2037  0 0 0  18.25 15 -15
2038  0 0 0  18 15 -10
2039  0 0 0  17.75 15 -5
2040  0 0 0  17.5 15 0
2041  0 0 0  17.25 15 5
2042  0 0 0  17 15 10
2043  0 0 0  16.75 15 15
2044  0 0 0  16.5 15 20
2045  0 0 0  16.25 15 25
2046  0 0 0  16 15 30
2047  0 0 0  15.75 15 35
2048  0 0 0  15.5 15 40
2049  0 0 0  15.25 15 45
2050  0 0 0  15 15 50
2051  0 0 0  14.75 15 55
2052  0 0 0  14.5 15 60
2053  0 0 0  14.25 15 65
2054  0 0 0  14 15 70
2055  0 0 0  13.75 15 75
2056  0 0 0  13.5 15 80
2057  0 0 0  13.25 15 85
2058  0 0 0  13 15 90
2059  0 0 0  12.75 15 95
2060  0 0 0  12.5 15 100
2061  0 0 0  12.25 15 105
2062  0 0 0  12 15 110
2063  0 0 0  11.75 15 115
2064  0 0 0  11.5 15 120
2065  0 0 0  11.25 15 125
2066  0 0 0  11 15 130
2067  0 0 0  10.75 15 135
2068  0 0 0  10.5 15 140
2069  0 0 0  10.25 15 145
2070  0 0 0  -6.5833335 15 -45
2071  0 0 0  -13.166667 15 -45
2072  0 0 0  -6.5 15 -40
2073  0 0 0  -13 15 -40
2074  0 0 0  -6.4166665 15 -35
2075  0 0 0  -12.833333 15 -35
2076  0 0 0  -6.3333335 15 -30
2077  0 0 0  -12.666667 15 -30
2078  0 0 0  -6.25 15 -25
2079  0 0 0  -12.5 15 -25
2080  0 0 0  -6.1666665 15 -20
2081  0 0 0  -12.333333 15 -20
2082  0 0 0  -6.0833335 15 -15
2083  0 0 0  -12.166667 15 -15
2084  0 0 0  -6 15 -10
2085  0 0 0  -12 15 -10
2086  0 0 0  -5.9166665 15 -5
2087  0 0 0  -11.833333 15 -5
2088  0 0 0  -5.8333335 15 0
2089  0 0 0  -11.666667 15 0
2090  0 0 0  -5.75 15 5
2091  0 0 0  -11.5 15 5
2092  0 0 0  -5.6666665 15 10
2093  0 0 0  -11.333333 15 10
2094  0 0 0  -5.5833335 15 15
2095  0 0 0  -11.166667 15 15
2096  0 0 0  -5.5 15 20
2097  0 0 0  -11 15 20
2098  0 0 0  -5.4166665 15 25
2099  0 0 0  -10.833333 15 25
2100  0 0 0  -5.3333335 15 30
2101  0 0 0  -10.666667 15 30
2102  0 0 0  -5.25 15 35
2103  0 0 0  -10.5 15 35
2104  0 0 0  -5.1666665 15 40
2105  0 0 0  -10.333333 15 40
2106  0 0 0  -5.0833335 15 45
2107  0 0 0  -10.166667 15 45
2108  0 0 0  -5 15 50
2109  0 0 0  -10 15 50
2110  0 0 0  -4.9166665 15 55
2111  0 0 0  -9.833333 15 55
2112  0 0 0  -4.8333335 15 60
2113  0 0 0  -9.666667 15 60
2114  0 0 0  -4.75 15 65
2115  0 0 0  -9.5 15 65
2116  0 0 0  -4.6666665 15 70
2117  0 0 0  -9.333333 15 70
2118  0 0 0  -4.5833335 15 75
2119  0 0 0  -9.166667 15 75
2120  0 0 0  -4.5 15 80
2121  0 0 0  -9 15 80
2122  0 0 0  -4.4166665 15 85
2123  0 0 0  -8.833333 15 85
2124  0 0 0  -4.3333335 15 90
2125  0 0 0  -8.666667 15 90
2126  0 0 0  -4.25 15 95
2127  0 0 0  -8.5 15 95
2128  0 0 0  -4.1666665 15 100
2129  0 0 0  -8.333333 15 100
2130  0 0 0  -4.0833335 15 105
2131  0 0 0  -8.166667 15 105
2132  0 0 0  -4 15 110
2133  0 0 0  -8 15 110
2134  0 0 0  -3.9166668 15 115
2135  0 0 0  -7.8333335 15 115
2136  0 0 0  -3.8333332 15 120
2137  0 0 0  -7.6666665 15 120
2138  0 0 0  -3.75 15 125
2139  0 0 0  -7.5 15 125
2140  0 0 0  -3.6666668 15 130
2141  0 0 0  -7.3333335 15 130
2142  0 0 0  -3.5833332 15 135
2143  0 0 0  -7.1666665 15 135
2144  0 0 0  -3.5 15 140
2145  0 0 0  -7 15 140
2146  0 0 0  -3.4166668 15 145
2147  0 0 0  -6.8333335 15 145
2148  0 0 0  6.5833335 15 -45
2149  0 0 0  13.166667 15 -45
2150  0 0 0  6.5 15 -40
2151  0 0 0  13 15 -40
2152  0 0 0  6.4166665 15 -35
2153  0 0 0  12.833333 15 -35
2154  0 0 0  6.3333335 15 -30
2155  0 0 0  12.666667 15 -30
2156  0 0 0  6.25 15 -25
2157  0 0 0  12.5 15 -25
2158  0 0 0  6.1666665 15 -20
2159  0 0 0  12.333333 15 -20
2160  0 0 0  6.0833335 15 -15
2161  0 0 0  12.166667 15 -15
2162  0 0 0  6 15 -10
2163  0 0 0  12 15 -10
2164  0 0 0  5.9166665 15 -5
2165  0 0 0  11.833333 15 -5
2166  0 0 0  5.8333335 15 0
2167  0 0 0  11.666667 15 0
2168  0 0 0  5.75 15 5
2169  0 0 0  11.5 15 5
2170  0 0 0  5.6666665 15 10
2171  0 0 0  11.333333 15 10
2172  0 0 0  5.5833335 15 15
2173  0 0 0  11.166667 15 15
2174  0 0 0  5.5 15 20
2175  0 0 0  11 15 20
2176  0 0 0  5.4166665 15 25
2177  0 0 0  10.833333 15 25
2178  0 0 0  5.3333335 15 30
2179  0 0 0  10.666667 15 30
2180  0 0 0  5.25 15 35
2181  0 0 0  10.5 15 35
2182  0 0 0  5.1666665 15 40
2183  0 0 0  10.333333 15 40
2184  0 0 0  5.0833335 15 45
2185  0 0 0  10.166667 15 45
2186  0 0 0  5 15 50
2187  0 0 0  10 15 50
2188  0 0 0  4.9166665 15 55
2189  0 0 0  9.833333 15 55
2190  0 0 0  4.8333335 15 60
2191  0 0 0  9.666667 15 60
2192  0 0 0  4.75 15 65
2193  0 0 0  9.5 15 65
2194  0 0 0  4.6666665 15 70
2195  0 0 0  9.333333 15 70
2196  0 0 0  4.5833335 15 75
2197  0 0 0  9.166667 15 75
2198  0 0 0  4.5 15 80
2199  0 0 0  9 15 80
2200  0 0 0  4.4166665 15 85
2201  0 0 0  8.833333 15 85
2202  0 0 0  4.3333335 15 90
2203  0 0 0  8.666667 15 90
2204  0 0 0  4.25 15 95
2205  0 0 0  8.5 15 95
2206  0 0 0  4.1666665 15 100
2207  0 0 0  8.333333 15 100
2208  0 0 0  4.0833335 15 105
2209  0 0 0  8.166667 15 105
2210  0 0 0  4 15 110
2211  0 0 0  8 15 110
2212  0 0 0  3.9166668 15 115
2213  0 0 0  7.8333335 15 115
2214  0 0 0  3.8333332 15 120
2215  0 0 0  7.6666665 15 120
2216  0 0 0  3.75 15 125
2217  0 0 0  7.5 15 125
2218  0 0 0  3.6666668 15 130
2219  0 0 0  7.3333335 15 130
2220  0 0 0  3.5833332 15 135
2221  0 0 0  7.1666665 15 135
2222  0 0 0  3.5 15 140
2223  0 0 0  7 15 140
2224  0 0 0  3.4166668 15 145
2225  0 0 0  6.8333335 15 145
2226  0 0 0  -300 10 -30
2227  0 0 0  -300 -10 -30
2228  0 0 0  -300 -10 0
2229  0 0 0  -300 10 0
2230  0 0 0  -250 -10 -30
2231  0 0 0  -250 10 -30
2232  1 1 1  -300 10 -50
2233  1 1 1  -300 -10 -50
2234  1 1 1  -250 10 -50
2235  1 1 1  -250 -10 -50
2236  0 0 0  -300 5 -30
2237  0 0 0  -300 0 -30
2238  0 0 0  -300 -5 -30
2239  0 0 0  -300 -10 -25
2240  0 0 0  -300 -10 -20
2241  0 0 0  -300 -10 -15
2242  0 0 0  -300 -10 -10
2243  0 0 0  -300 -10 -5
2244  0 0 0  -300 -5 0
2245  0 0 0  -300 0 0
2246  0 0 0  -300 5 0
2247  0 0 0  -300 10 -5
2248  0 0 0  -300 10 -10
2249  0 0 0  -300 10 -15
2250  0 0 0  -300 10 -20
2251  0 0 0  -300 10 -25
2252  0 0 0  -250 -5 -30
2253  0 0 0  -250 0 -30
2254  0 0 0  -250 5 -30
2255  0 0 0  -250 -10 -5
2256  0 0 0  -250 -10 -10
2257  0 0 0  -250 -10 -15
2258  0 0 0  -250 -10 -20
2259  0 0 0  -250 -10 -25
2260  0 0 0  -250 10 -25
2261  0 0 0  -250 10 -20
2262  0 0 0  -250 10 -15
2263  0 0 0  -250 10 -10
2264  0 0 0  -250 10 -5
2265  0 0 0  -295 10 0
2266  0 0 0  -290 10 0
2267  0 0 0  -285 10 0
2268  0 0 0  -280 10 0
2269  0 0 0  -275 10 0
2270  0 0 0  -270 10 0
2271  0 0 0  -265 10 0
2272  0 0 0  -260 10 0
2273  0 0 0  -255 10 0
2274  0 0 0  -255 10 -30
2275  0 0 0  -260 10 -30
2276  0 0 0  -265 10 -30
2277  0 0 0  -270 10 -30
2278  0 0 0  -275 10 -30
2279  0 0 0  -280 10 -30
2280  0 0 0  -285 10 -30
2281  0 0 0  -290 10 -30
2282  0 0 0  -295 10 -30
2283  0 0 0  -255 -10 0
2284  0 0 0  -260 -10 0
2285  0 0 0  -265 -10 0
2286  0 0 0  -270 -10 0
2287  0 0 0  -275 -10 0
2288  0 0 0  -280 -10 0
2289  0 0 0  -285 -10 0
2290  0 0 0  -290 -10 0
2291  0 0 0  -295 -10 0
2292  0 0 0  -295 -10 -30
2293  0 0 0  -290 -10 -30
2294  0 0 0  -285 -10 -30
2295  0 0 0  -280 -10 -30
2296  0 0 0  -275 -10 -30
2297  0 0 0  -270 -10 -30
2298  0 0 0  -265 -10 -30
2299  0 0 0  -260 -10 -30
2300  0 0 0  -255 -10 -30
2301  0 0 0  -300 10 -35
2302  0 0 0  -300 10 -40
2303  0 0 0  -300 10 -45
2304  1 1 1  -300 5 -50
2305  1 1 1  -300 0 -50
2306  1 1 1  -300 -5 -50
2307  0 0 0  -300 -10 -45
2308  0 0 0  -300 -10 -40
2309  0 0 0  -300 -10 -35
2310  0 0 0  -250 10 -45
2311  0 0 0  -250 10 -40
2312  0 0 0  -250 10 -35
2313  1 1 1  -250 -5 -50
2314  1 1 1  -250 0 -50
2315  1 1 1  -250 5 -50
2316  0 0 0  -250 -10 -35
2317  0 0 0  -250 -10 -40
2318  0 0 0  -250 -10 -45
2319  1 1 1  -295 -10 -50
2320  1 1 1  -290 -10 -50
2321  1 1 1  -285 -10 -50
2322  1 1 1  -280 -10 -50
2323  1 1 1  -275 -10 -50
2324  1 1 1  -270 -10 -50
2325  1 1 1  -265 -10 -50
2326  1 1 1  -260 -10 -50
2327  1 1 1  -255 -10 -50
2328  1 1 1  -255 10 -50
2329  1 1 1  -260 10 -50
2330  1 1 1  -265 10 -50
2331  1 1 1  -270 10 -50
2332  1 1 1  -275 10 -50
2333  1 1 1  -280 10 -50
2334  1 1 1  -285 10 -50
2335  1 1 1  -290 10 -50
2336  1 1 1  -295 10 -50
2337  0 0 0  -300 5 -25
2338  0 0 0  -300 0 -25
2339  0 0 0  -300 -5 -25
2340  0 0 0  -300 5 -20
2341  0 0 0  -300 0 -20
2342  0 0 0  -300 -5 -20
2343  0 0 0  -300 5 -15
2344  0 0 0  -300 0 -15
2345  0 0 0  -300 -5 -15
2346  0 0 0  -300 5 -10
2347  0 0 0  -300 0 -10
2348  0 0 0  -300 -5 -10
2349  0 0 0  -300 5 -5
2350  0 0 0  -300 0 -5
2351  0 0 0  -300 -5 -5
2352  0 0 0  -250 5 -25
2353  0 0 0  -250 0 -25
2354  0 0 0  -250 -5 -25
2355  0 0 0  -250 5 -20
2356  0 0 0  -250 0 -20
2357  0 0 0  -250 -5 -20
2358  0 0 0  -250 5 -15
2359  0 0 0  -250 0 -15
2360  0 0 0  -250 -5 -15
2361  0 0 0  -250 5 -10
2362  0 0 0  -250 0 -10
2363  0 0 0  -250 -5 -10
2364  0 0 0  -250 5 -5
2365  0 0 0  -250 0 -5
2366  0 0 0  -250 -5 -5
2367  0 0 0  -295 10 -25
2368  0 0 0  -295 10 -20
2369  0 0 0  -295 10 -15
2370  0 0 0  -295 10 -10
2371  0 0 0  -295 10 -5
2372  0 0 0  -290 10 -25
2373  0 0 0  -290 10 -20
2374  0 0 0  -290 10 -15
2375  0 0 0  -290 10 -10
2376  0 0 0  -290 10 -5
2377  0 0 0  -285 10 -25
2378  0 0 0  -285 10 -20
2379  0 0 0  -285 10 -15
2380  0 0 0  -285 10 -10
2381  0 0 0  -285 10 -5
2382  0 0 0  -280 10 -25
2383  0 0 0  -280 10 -20
2384  0 0 0  -280 10 -15
2385  0 0 0  -280 10 -10
2386  0 0 0  -280 10 -5
2387  0 0 0  -275 10 -25
2388  0 0 0  -275 10 -20
2389  0 0 0  -275 10 -15
2390  0 0 0  -275 10 -10
2391  0 0 0  -275 10 -5
2392  0 0 0  -270 10 -25
2393  0 0 0  -270 10 -20
2394  0 0 0  -270 10 -15
2395  0 0 0  -270 10 -10
2396  0 0 0  -270 10 -5
2397  0 0 0  -265 10 -25
2398  0 0 0  -265 10 -20
2399  0 0 0  -265 10 -15
2400  0 0 0  -265 10 -10
2401  0 0 0  -265 10 -5
2402  0 0 0  -260 10 -25
2403  0 0 0  -260 10 -20
2404  0 0 0  -260 10 -15
2405  0 0 0  -260 10 -10
2406  0 0 0  -260 10 -5
2407  0 0 0  -255 10 -25
2408  0 0 0  -255 10 -20
2409  0 0 0  -255 10 -15
2410  0 0 0  -255 10 -10
2411  0 0 0  -255 10 -5
2412  0 0 0  -295 -10 -25
2413  0 0 0  -295 -10 -20
2414  0 0 0  -295 -10 -15
2415  0 0 0  -295 -10 -10
2416  0 0 0  -295 -10 -5
2417  0 0 0  -290 -10 -25
2418  0 0 0  -290 -10 -20
2419  0 0 0  -290 -10 -15
2420  0 0 0  -290 -10 -10
2421  0 0 0  -290 -10 -5
2422  0 0 0  -285 -10 -25
2423  0 0 0  -285 -10 -20
2424  0 0 0  -285 -10 -15
2425  0 0 0  -285 -10 -10
2426  0 0 0  -285 -10 -5
2427  0 0 0  -280 -10 -25
2428  0 0 0  -280 -10 -20
2429  0 0 0  -280 -10 -15
2430  0 0 0  -280 -10 -10
2431  0 0 0  -280 -10 -5
2432  0 0 0  -275 -10 -25
2433  0 0 0  -275 -10 -20
2434  0 0 0  -275 -10 -15
2435  0 0 0  -275 -10 -10
2436  0 0 0  -275 -10 -5
2437  0 0 0  -270 -10 -25
2438  0 0 0  -270 -10 -20
2439  0 0 0  -270 -10 -15
2440  0 0 0  -270 -10 -10
2441  0 0 0  -270 -10 -5
2442  0 0 0  -265 -10 -25
2443  0 0 0  -265 -10 -20
2444  0 0 0  -265 -10 -15
2445  0 0 0  -265 -10 -10
2446  0 0 0  -265 -10 -5
2447  0 0 0  -260 -10 -25
2448  0 0 0  -260 -10 -20
2449  0 0 0  -260 -10 -15
2450  0 0 0  -260 -10 -10
2451  0 0 0  -260 -10 -5
2452  0 0 0  -255 -10 -25
2453  0 0 0  -255 -10 -20
2454  0 0 0  -255 -10 -15
2455  0 0 0  -255 -10 -10
2456  0 0 0  -255 -10 -5
2457  0 0 0  -295 5 -30
2458  0 0 0  -295 0 -30
2459  0 0 0  -295 -5 -30
2460  0 0 0  -290 5 -30
2461  0 0 0  -290 0 -30
2462  0 0 0  -290 -5 -30
2463  0 0 0  -285 5 -30
2464  0 0 0  -285 0 -30
2465  0 0 0  -285 -5 -30
2466  0 0 0  -280 5 -30
2467  0 0 0  -280 0 -30
2468  0 0 0  -280 -5 -30
2469  0 0 0  -275 5 -30
2470  0 0 0  -275 0 -30
2471  0 0 0  -275 -5 -30
2472  0 0 0  -270 5 -30
2473  0 0 0  -270 0 -30
2474  0 0 0  -270 -5 -30
2475  0 0 0  -265 5 -30
2476  0 0 0  -265 0 -30
2477  0 0 0  -265 -5 -30
2478  0 0 0  -260 5 -30
2479  0 0 0  -260 0 -30
2480  0 0 0  -260 -5 -30
2481  0 0 0  -255 5 -30
2482  0 0 0  -255 0 -30
2483  0 0 0  -255 -5 -30
2484  0 0 0  -295 5 0
2485  0 0 0  -295 0 0
2486  0 0 0  -295 -5 0
2487  0 0 0  -290 5 0
2488  0 0 0  -290 0 0
2489  0 0 0  -290 -5 0
2490  0 0 0  -285 5 0
2491  0 0 0  -285 0 0
2492  0 0 0  -285 -5 0
2493  0 0 0  -280 5 0
2494  0 0 0  -280 0 0
2495  0 0 0  -280 -5 0
2496  0 0 0  -275 5 0
2497  0 0 0  -275 0 0
2498  0 0 0  -275 -5 0
2499  0 0 0  -270 5 0
2500  0 0 0  -270 0 0
2501  0 0 0  -270 -5 0
2502  0 0 0  -265 5 0
2503  0 0 0  -265 0 0
2504  0 0 0  -265 -5 0
2505  0 0 0  -260 5 0
2506  0 0 0  -260 0 0
2507  0 0 0  -260 -5 0
2508  0 0 0  -255 5 0
2509  0 0 0  -255 0 0
2510  0 0 0  -255 -5 0
2511  0 0 0  -300 -5 -35
2512  0 0 0  -300 0 -35
2513  0 0 0  -300 5 -35
2514  0 0 0  -300 -5 -40
2515  0 0 0  -300 0 -40
2516  0 0 0  -300 5 -40
2517  0 0 0  -300 -5 -45
2518  0 0 0  -300 0 -45
2519  0 0 0  -300 5 -45
2520  0 0 0  -250 -5 -35
2521  0 0 0  -250 0 -35
2522  0 0 0  -250 5 -35
2523  0 0 0  -250 -5 -40
2524  0 0 0  -250 0 -40
2525  0 0 0  -250 5 -40
2526  0 0 0  -250 -5 -45
2527  0 0 0  -250 0 -45
2528  0 0 0  -250 5 -45
2529  0 0 0  -295 -10 -35
2530  0 0 0  -295 -10 -40
2531  0 0 0  -295 -10 -45
2532  0 0 0  -290 -10 -35
2533  0 0 0  -290 -10 -40
2534  0 0 0  -290 -10 -45
2535  0 0 0  -285 -10 -35
2536  0 0 0  -285 -10 -40
2537  0 0 0  -285 -10 -45
2538  0 0 0  -280 -10 -35
2539  0 0 0  -280 -10 -40
2540  0 0 0  -280 -10 -45
2541  0 0 0  -275 -10 -35
2542  0 0 0  -275 -10 -40
2543  0 0 0  -275 -10 -45
2544  0 0 0  -270 -10 -35
2545  0 0 0  -270 -10 -40
2546  0 0 0  -270 -10 -45
2547  0 0 0  -265 -10 -35
2548  0 0 0  -265 -10 -40
2549  0 0 0  -265 -10 -45
2550  0 0 0  -260 -10 -35
2551  0 0 0  -260 -10 -40
2552  0 0 0  -260 -10 -45
2553  0 0 0  -255 -10 -35
2554  0 0 0  -255 -10 -40
2555  0 0 0  -255 -10 -45
2556  0 0 0  -295 10 -35
2557  0 0 0  -295 10 -40
2558  0 0 0  -295 10 -45
2559  0 0 0  -290 10 -35
2560  0 0 0  -290 10 -40
2561  0 0 0  -290 10 -45
2562  0 0 0  -285 10 -35
2563  0 0 0  -285 10 -40
2564  0 0 0  -285 10 -45
2565  0 0 0  -280 10 -35
2566  0 0 0  -280 10 -40
2567  0 0 0  -280 10 -45
2568  0 0 0  -275 10 -35
2569  0 0 0  -275 10 -40
2570  0 0 0  -275 10 -45
2571  0 0 0  -270 10 -35
2572  0 0 0  -270 10 -40
2573  0 0 0  -270 10 -45
2574  0 0 0  -265 10 -35
2575  0 0 0  -265 10 -40
2576  0 0 0  -265 10 -45
2577  0 0 0  -260 10 -35
2578  0 0 0  -260 10 -40
2579  0 0 0  -260 10 -45
2580  0 0 0  -255 10 -35
2581  0 0 0  -255 10 -40
2582  0 0 0  -255 10 -45
2583  1 1 1  -295 -5 -50
2584  1 1 1  -295 0 -50
2585  1 1 1  -295 5 -50
2586  1 1 1  -290 -5 -50
2587  1 1 1  -290 0 -50
2588  1 1 1  -290 5 -50
2589  1 1 1  -285 -5 -50
2590  1 1 1  -285 0 -50
2591  1 1 1  -285 5 -50
2592  1 1 1  -280 -5 -50
2593  1 1 1  -280 0 -50
2594  1 1 1  -280 5 -50
2595  1 1 1  -275 -5 -50
2596  1 1 1  -275 0 -50
2597  1 1 1  -275 5 -50
2598  1 1 1  -270 -5 -50
2599  1 1 1  -270 0 -50
2600  1 1 1  -270 5 -50
2601  1 1 1  -265 -5 -50
2602  1 1 1  -265 0 -50
2603  1 1 1  -265 5 -50
2604  1 1 1  -260 -5 -50
2605  1 1 1  -260 0 -50
2606  1 1 1  -260 5 -50
2607  1 1 1  -255 -5 -50
2608  1 1 1  -255 0 -50
2609  1 1 1  -255 5 -50
2610  0 0 0  -295 5 -25
2611  0 0 0  -295 0 -25
2612  0 0 0  -295 -5 -25
2613  0 0 0  -295 5 -20
2614  0 0 0  -295 0 -20
2615  0 0 0  -295 -5 -20
2616  0 0 0  -295 5 -15
2617  0 0 0  -295 0 -15
2618  0 0 0  -295 -5 -15
2619  0 0 0  -295 5 -10
2620  0 0 0  -295 0 -10
2621  0 0 0  -295 -5 -10
2622  0 0 0  -295 5 -5
2623  0 0 0  -295 0 -5
2624  0 0 0  -295 -5 -5
2625  0 0 0  -290 5 -25
2626  0 0 0  -290 0 -25
2627  0 0 0  -290 -5 -25
2628  0 0 0  -290 5 -20
2629  0 0 0  -290 0 -20
2630  0 0 0  -290 -5 -20
2631  0 0 0  -290 5 -15
2632  0 0 0  -290 0 -15
2633  0 0 0  -290 -5 -15
2634  0 0 0  -290 5 -10
2635  0 0 0  -290 0 -10
2636  0 0 0  -290 -5 -10
2637  0 0 0  -290 5 -5
2638  0 0 0  -290 0 -5
2639  0 0 0  -290 -5 -5
2640  0 0 0  -285 5 -25
2641  0 0 0  -285 0 -25
2642  0 0 0  -285 -5 -25
2643  0 0 0  -285 5 -20
2644  0 0 0  -285 0 -20
2645  0 0 0  -285 -5 -20
2646  0 0 0  -285 5 -15
2647  0 0 0  -285 0 -15
2648  0 0 0  -285 -5 -15
2649  0 0 0  -285 5 -10
2650  0 0 0  -285 0 -10
2651  0 0 0  -285 -5 -10
2652  0 0 0  -285 5 -5
2653  0 0 0  -285 0 -5
2654  0 0 0  -285 -5 -5
2655  0 0 0  -280 5 -25
2656  0 0 0  -280 0 -25
2657  0 0 0  -280 -5 -25
2658  0 0 0  -280 5 -20
2659  0 0 0  -280 0 -20
2660  0 0 0  -280 -5 -20
2661  0 0 0  -280 5 -15
2662  0 0 0  -280 0 -15
2663  0 0 0  -280 -5 -15
2664  0 0 0  -280 5 -10
2665  0 0 0  -280 0 -10
2666  0 0 0  -280 -5 -10
2667  0 0 0  -280 5 -5
2668  0 0 0  -280 0 -5
2669  0 0 0  -280 -5 -5
2670  0 0 0  -275 5 -25
2671  0 0 0  -275 0 -25
2672  0 0 0  -275 -5 -25
2673  0 0 0  -275 5 -20
2674  0 0 0  -275 0 -20
2675  0 0 0  -275 -5 -20
2676  0 0 0  -275 5 -15
2677  0 0 0  -275 0 -15
2678  0 0 0  -275 -5 -15
2679  0 0 0  -275 5 -10
2680  0 0 0  -275 0 -10
2681  0 0 0  -275 -5 -10
2682  0 0 0  -275 5 -5
2683  0 0 0  -275 0 -5
2684  0 0 0  -275 -5 -5
2685  0 0 0  -270 5 -25
2686  0 0 0  -270 0 -25
2687  0 0 0  -270 -5 -25
2688  0 0 0  -270 5 -20
2689  0 0 0  -270 0 -20
2690  0 0 0  -270 -5 -20
2691  0 0 0  -270 5 -15
2692  0 0 0  -270 0 -15
2693  0 0 0  -270 -5 -15
2694  0 0 0  -270 5 -10
2695  0 0 0  -270 0 -10
2696  0 0 0  -270 -5 -10
2697  0 0 0  -270 5 -5
2698  0 0 0  -270 0 -5
2699  0 0 0  -270 -5 -5
2700  0 0 0  -265 5 -25
2701  0 0 0  -265 0 -25
2702  0 0 0  -265 -5 -25
2703  0 0 0  -265 5 -20
2704  0 0 0  -265 0 -20
2705  0 0 0  -265 -5 -20
2706  0 0 0  -265 5 -15
2707  0 0 0  -265 0 -15
2708  0 0 0  -265 -5 -15
2709  0 0 0  -265 5 -10
2710  0 0 0  -265 0 -10
2711  0 0 0  -265 -5 -10
2712  0 0 0  -265 5 -5
2713  0 0 0  -265 0 -5
2714  0 0 0  -265 -5 -5
2715  0 0 0  -260 5 -25
2716  0 0 0  -260 0 -25
2717  0 0 0  -260 -5 -25
2718  0 0 0  -260 5 -20
2719  0 0 0  -260 0 -20
2720  0 0 0  -260 -5 -20
2721  0 0 0  -260 5 -15
2722  0 0 0  -260 0 -15
2723  0 0 0  -260 -5 -15
2724  0 0 0  -260 5 -10
2725  0 0 0  -260 0 -10
2726  0 0 0  -260 -5 -10
2727  0 0 0  -260 5 -5
2728  0 0 0  -260 0 -5
2729  0 0 0  -260 -5 -5
2730  0 0 0  -255 5 -25
2731  0 0 0  -255 0 -25
2732  0 0 0  -255 -5 -25
2733  0 0 0  -255 5 -20
2734  0 0 0  -255 0 -20
2735  0 0 0  -255 -5 -20
2736  0 0 0  -255 5 -15
2737  0 0 0  -255 0 -15
2738  0 0 0  -255 -5 -15
2739  0 0 0  -255 5 -10
2740  0 0 0  -255 0 -10
2741  0 0 0  -255 -5 -10
2742  0 0 0  -255 5 -5
2743  0 0 0  -255 0 -5
2744  0 0 0  -255 -5 -5
2745  0 0 0  -295 -5 -35
2746  0 0 0  -295 0 -35
2747  0 0 0  -295 5 -35
2748  0 0 0  -295 -5 -40
2749  0 0 0  -295 0 -40
2750  0 0 0  -295 5 -40
2751  0 0 0  -295 -5 -45
2752  0 0 0  -295 0 -45
2753  0 0 0  -295 5 -45
2754  0 0 0  -290 -5 -35
2755  0 0 0  -290 0 -35
2756  0 0 0  -290 5 -35
2757  0 0 0  -290 -5 -40
2758  0 0 0  -290 0 -40
2759  0 0 0  -290 5 -40
2760  0 0 0  -290 -5 -45
2761  0 0 0  -290 0 -45
2762  0 0 0  -290 5 -45
2763  0 0 0  -285 -5 -35
2764  0 0 0  -285 0 -35
2765  0 0 0  -285 5 -35
2766  0 0 0  -285 -5 -40
2767  0 0 0  -285 0 -40
2768  0 0 0  -285 5 -40
2769  0 0 0  -285 -5 -45
2770  0 0 0  -285 0 -45
2771  0 0 0  -285 5 -45
2772  0 0 0  -280 -5 -35
2773  0 0 0  -280 0 -35
2774  0 0 0  -280 5 -35
2775  0 0 0  -280 -5 -40
2776  0 0 0  -280 0 -40
2777  0 0 0  -280 5 -40
2778  0 0 0  -280 -5 -45
2779  0 0 0  -280 0 -45
2780  0 0 0  -280 5 -45
2781  0 0 0  -275 -5 -35
2782  0 0 0  -275 0 -35
2783  0 0 0  -275 5 -35
2784  0 0 0  -275 -5 -40
2785  0 0 0  -275 0 -40
2786  0 0 0  -275 5 -40
2787  0 0 0  -275 -5 -45
2788  0 0 0  -275 0 -45
2789  0 0 0  -275 5 -45
2790  0 0 0  -270 -5 -35
2791  0 0 0  -270 0 -35
2792  0 0 0  -270 5 -35
2793  0 0 0  -270 -5 -40
2794  0 0 0  -270 0 -40
2795  0 0 0  -270 5 -40
2796  0 0 0  -270 -5 -45
2797  0 0 0  -270 0 -45
2798  0 0 0  -270 5 -45
2799  0 0 0  -265 -5 -35
2800  0 0 0  -265 0 -35
2801  0 0 0  -265 5 -35
2802  0 0 0  -265 -5 -40
2803  0 0 0  -265 0 -40
2804  0 0 0  -265 5 -40
2805  0 0 0  -265 -5 -45
2806  0 0 0  -265 0 -45
2807  0 0 0  -265 5 -45
2808  0 0 0  -260 -5 -35
2809  0 0 0  -260 0 -35
2810  0 0 0  -260 5 -35
2811  0 0 0  -260 -5 -40
2812  0 0 0  -260 0 -40
2813  0 0 0  -260 5 -40
2814  0 0 0  -260 -5 -45
2815  0 0 0  -260 0 -45
2816  0 0 0  -260 5 -45
2817  0 0 0  -255 -5 -35
2818  0 0 0  -255 0 -35
2819  0 0 0  -255 5 -35
2820  0 0 0  -255 -5 -40
2821  0 0 0  -255 0 -40
2822  0 0 0  -255 5 -40
2823  0 0 0  -255 -5 -45
2824  0 0 0  -255 0 -45
2825  0 0 0  -255 5 -45
2826  0 0 0  250 10 -30
2827  0 0 0  250 -10 -30
2828  0 0 0  300 -10 -30
2829  0 0 0  300 -10 0
2830  0 0 0  300 10 0
2831  0 0 0  300 10 -30
2832  1 1 1  250 10 -50
2833  1 1 1  250 -10 -50
2834  1 1 1  300 10 -50
2835  1 1 1  300 -10 -50
2836  0 0 0  250 5 -30
2837  0 0 0  250 0 -30
2838  0 0 0  250 -5 -30
2839  0 0 0  250 -10 -25
2840  0 0 0  250 -10 -20
2841  0 0 0  250 -10 -15
2842  0 0 0  250 -10 -10
2843  0 0 0  250 -10 -5
2844  0 0 0  250 10 -5
2845  0 0 0  250 10 -10
2846  0 0 0  250 10 -15
2847  0 0 0  250 10 -20
2848  0 0 0  250 10 -25
2849  0 0 0  300 -5 -30
2850  0 0 0  300 0 -30
2851  0 0 0  300 5 -30
2852  0 0 0  300 -10 -5
2853  0 0 0  300 -10 -10
2854  0 0 0  300 -10 -15
2855  0 0 0  300 -10 -20
2856  0 0 0  300 -10 -25
2857  0 0 0  300 5 0
2858  0 0 0  300 0 0
2859  0 0 0  300 -5 0
2860  0 0 0  300 10 -25
2861  0 0 0  300 10 -20
2862  0 0 0  300 10 -15
2863  0 0 0  300 10 -10
2864  0 0 0  300 10 -5
2865  0 0 0  255 10 0
2866  0 0 0  260 10 0
2867  0 0 0  265 10 0
2868  0 0 0  270 10 0
2869  0 0 0  275 10 0
2870  0 0 0  280 10 0
2871  0 0 0  285 10 0
2872  0 0 0  290 10 0
2873  0 0 0  295 10 0
2874  0 0 0  295 10 -30
2875  0 0 0  290 10 -30
2876  0 0 0  285 10 -30
2877  0 0 0  280 10 -30
2878  0 0 0  275 10 -30
2879  0 0 0  270 10 -30
2880  0 0 0  265 10 -30
2881  0 0 0  260 10 -30
2882  0 0 0  255 10 -30
2883  0 0 0  295 -10 0
2884  0 0 0  290 -10 0
2885  0 0 0  285 -10 0
2886  0 0 0  280 -10 0
2887  0 0 0  275 -10 0
2888  0 0 0  270 -10 0
2889  0 0 0  265 -10 0
2890  0 0 0  260 -10 0
2891  0 0 0  255 -10 0
2892  0 0 0  255 -10 -30
2893  0 0 0  260 -10 -30
2894  0 0 0  265 -10 -30
2895  0 0 0  270 -10 -30
2896  0 0 0  275 -10 -30
2897  0 0 0  280 -10 -30
2898  0 0 0  285 -10 -30
2899  0 0 0  290 -10 -30
2900  0 0 0  295 -10 -30
2901  0 0 0  250 10 -35
2902  0 0 0  250 10 -40
2903  0 0 0  250 10 -45
2904  1 1 1  250 5 -50
2905  1 1 1  250 0 -50
2906  1 1 1  250 -5 -50
2907  0 0 0  250 -10 -45
2908  0 0 0  250 -10 -40
2909  0 0 0  250 -10 -35
2910  0 0 0  300 10 -45
2911  0 0 0  300 10 -40
2912  0 0 0  300 10 -35
2913  1 1 1  300 -5 -50
2914  1 1 1  300 0 -50
2915  1 1 1  300 5 -50
2916  0 0 0  300 -10 -35
2917  0 0 0  300 -10 -40
2918  0 0 0  300 -10 -45
2919  1 1 1  255 -10 -50
2920  1 1 1  260 -10 -50
2921  1 1 1  265 -10 -50
2922  1 1 1  270 -10 -50
2923  1 1 1  275 -10 -50
2924  1 1 1  280 -10 -50
2925  1 1 1  285 -10 -50
2926  1 1 1  290 -10 -50
2927  1 1 1  295 -10 -50
2928  1 1 1  295 10 -50
2929  1 1 1  290 10 -50
2930  1 1 1  285 10 -50
2931  1 1 1  280 10 -50
2932  1 1 1  275 10 -50
2933  1 1 1  270 10 -50
2934  1 1 1  265 10 -50
2935  1 1 1  260 10 -50
2936  1 1 1  255 10 -50
2937  0 0 0  250 5 -25
2938  0 0 0  250 0 -25
2939  0 0 0  250 -5 -25
2940  0 0 0  250 5 -20
2941  0 0 0  250 0 -20
2942  0 0 0  250 -5 -20
2943  0 0 0  250 5 -15
2944  0 0 0  250 0 -15
2945  0 0 0  250 -5 -15
2946  0 0 0  250 5 -10
2947  0 0 0  250 0 -10
2948  0 0 0  250 -5 -10
2949  0 0 0  250 5 -5
2950  0 0 0  250 0 -5
2951  0 0 0  250 -5 -5
2952  0 0 0  300 5 -25
2953  0 0 0  300 0 -25
2954  0 0 0  300 -5 -25
2955  0 0 0  300 5 -20
2956  0 0 0  300 0 -20
2957  0 0 0  300 -5 -20
2958  0 0 0  300 5 -15
2959  0 0 0  300 0 -15
2960  0 0 0  300 -5 -15
2961  0 0 0  300 5 -10
2962  0 0 0  300 0 -10
2963  0 0 0  300 -5 -10
2964  0 0 0  300 5 -5
2965  0 0 0  300 0 -5
2966  0 0 0  300 -5 -5
2967  0 0 0  255 10 -25
2968  0 0 0  255 10 -20
2969  0 0 0  255 10 -15
2970  0 0 0  255 10 -10
2971  0 0 0  255 10 -5
2972  0 0 0  260 10 -25
2973  0 0 0  260 10 -20
2974  0 0 0  260 10 -15
2975  0 0 0  260 10 -10
2976  0 0 0  260 10 -5
2977  0 0 0  265 10 -25
2978  0 0 0  265 10 -20
2979  0 0 0  265 10 -15
2980  0 0 0  265 10 -10
2981  0 0 0  265 10 -5
2982  0 0 0  270 10 -25
2983  0 0 0  270 10 -20
2984  0 0 0  270 10 -15
2985  0 0 0  270 10 -10
2986  0 0 0  270 10 -5
2987  0 0 0  275 10 -25
2988  0 0 0  275 10 -20
2989  0 0 0  275 10 -15
2990  0 0 0  275 10 -10
2991  0 0 0  275 10 -5
2992  0 0 0  280 10 -25
2993  0 0 0  280 10 -20
2994  0 0 0  280 10 -15
2995  0 0 0  280 10 -10
2996  0 0 0  280 10 -5
2997  0 0 0  285 10 -25
2998  0 0 0  285 10 -20
2999  0 0 0  285 10 -15
3000  0 0 0  285 10 -10
3001  0 0 0  285 10 -5
3002  0 0 0  290 10 -25
3003  0 0 0  290 10 -20
3004  0 0 0  290 10 -15
3005  0 0 0  290 10 -10
3006  0 0 0  290 10 -5
3007  0 0 0  295 10 -25
3008  0 0 0  295 10 -20
3009  0 0 0  295 10 -15
3010  0 0 0  295 10 -10
3011  0 0 0  295 10 -5
3012  0 0 0  255 -10 -25
3013  0 0 0  255 -10 -20
3014  0 0 0  255 -10 -15
3015  0 0 0  255 -10 -10
3016  0 0 0  255 -10 -5
3017  0 0 0  260 -10 -25
3018  0 0 0  260 -10 -20
3019  0 0 0  260 -10 -15
3020  0 0 0  260 -10 -10
3021  0 0 0  260 -10 -5
3022  0 0 0  265 -10 -25
3023  0 0 0  265 -10 -20
3024  0 0 0  265 -10 -15
3025  0 0 0  265 -10 -10
3026  0 0 0  265 -10 -5
3027  0 0 0  270 -10 -25
3028  0 0 0  270 -10 -20
3029  0 0 0  270 -10 -15
3030  0 0 0  270 -10 -10
3031  0 0 0  270 -10 -5
3032  0 0 0  275 -10 -25
3033  0 0 0  275 -10 -20
3034  0 0 0  275 -10 -15
3035  0 0 0  275 -10 -10
3036  0 0 0  275 -10 -5
3037  0 0 0  280 -10 -25
3038  0 0 0  280 -10 -20
3039  0 0 0  280 -10 -15
3040  0 0 0  280 -10 -10
3041  0 0 0  280 -10 -5
3042  0 0 0  285 -10 -25
3043  0 0 0  285 -10 -20
3044  0 0 0  285 -10 -15
3045  0 0 0  285 -10 -10
3046  0 0 0  285 -10 -5
3047  0 0 0  290 -10 -25
3048  0 0 0  290 -10 -20
3049  0 0 0  290 -10 -15
3050  0 0 0  290 -10 -10
3051  0 0 0  290 -10 -5
3052  0 0 0  295 -10 -25
3053  0 0 0  295 -10 -20
3054  0 0 0  295 -10 -15
3055  0 0 0  295 -10 -10
3056  0 0 0  295 -10 -5
3057  0 0 0  255 5 -30
3058  0 0 0  255 0 -30
3059  0 0 0  255 -5 -30
3060  0 0 0  260 5 -30
3061  0 0 0  260 0 -30
3062  0 0 0  260 -5 -30
3063  0 0 0  265 5 -30
3064  0 0 0  265 0 -30
3065  0 0 0  265 -5 -30
3066  0 0 0  270 5 -30
3067  0 0 0  270 0 -30
3068  0 0 0  270 -5 -30
3069  0 0 0  275 5 -30
3070  0 0 0  275 0 -30
3071  0 0 0  275 -5 -30
3072  0 0 0  280 5 -30
3073  0 0 0  280 0 -30
3074  0 0 0  280 -5 -30
3075  0 0 0  285 5 -30
3076  0 0 0  285 0 -30
3077  0 0 0  285 -5 -30
3078  0 0 0  290 5 -30
3079  0 0 0  290 0 -30
3080  0 0 0  290 -5 -30
3081  0 0 0  295 5 -30
3082  0 0 0  295 0 -30
3083  0 0 0  295 -5 -30
3084  0 0 0  255 5 0
3085  0 0 0  255 0 0
3086  0 0 0  255 -5 0
3087  0 0 0  260 5 0
3088  0 0 0  260 0 0
3089  0 0 0  260 -5 0
3090  0 0 0  265 5 0
3091  0 0 0  265 0 0
3092  0 0 0  265 -5 0
3093  0 0 0  270 5 0
3094  0 0 0  270 0 0
3095  0 0 0  270 -5 0
3096  0 0 0  275 5 0
3097  0 0 0  275 0 0
3098  0 0 0  275 -5 0
3099  0 0 0  280 5 0
3100  0 0 0  280 0 0
3101  0 0 0  280 -5 0
3102  0 0 0  285 5 0
3103  0 0 0  285 0 0
3104  0 0 0  285 -5 0
3105  0 0 0  290 5 0
3106  0 0 0  290 0 0
3107  0 0 0  290 -5 0
3108  0 0 0  295 5 0
3109  0 0 0  295 0 0
3110  0 0 0  295 -5 0
3111  0 0 0  250 -5 -35
3112  0 0 0  250 0 -35
3113  0 0 0  250 5 -35
3114  0 0 0  250 -5 -40
3115  0 0 0  250 0 -40
3116  0 0 0  250 5 -40
3117  0 0 0  250 -5 -45
3118  0 0 0  250 0 -45
3119  0 0 0  250 5 -45
3120  0 0 0  300 -5 -35
3121  0 0 0  300 0 -35
3122  0 0 0  300 5 -35
3123  0 0 0  300 -5 -40
3124  0 0 0  300 0 -40
3125  0 0 0  300 5 -40
3126  0 0 0  300 -5 -45
3127  0 0 0  300 0 -45
3128  0 0 0  300 5 -45
3129  0 0 0  255 -10 -35
3130  0 0 0  255 -10 -40
3131  0 0 0  255 -10 -45
3132  0 0 0  260 -10 -35
3133  0 0 0  260 -10 -40
3134  0 0 0  260 -10 -45
3135  0 0 0  265 -10 -35
3136  0 0 0  265 -10 -40
3137  0 0 0  265 -10 -45
3138  0 0 0  270 -10 -35
3139  0 0 0  270 -10 -40
3140  0 0 0  270 -10 -45
3141  0 0 0  275 -10 -35
3142  0 0 0  275 -10 -40
3143  0 0 0  275 -10 -45
3144  0 0 0  280 -10 -35
3145  0 0 0  280 -10 -40
3146  0 0 0  280 -10 -45
3147  0 0 0  285 -10 -35
3148  0 0 0  285 -10 -40
3149  0 0 0  285 -10 -45
3150  0 0 0  290 -10 -35
3151  0 0 0  290 -10 -40
3152  0 0 0  290 -10 -45
3153  0 0 0  295 -10 -35
3154  0 0 0  295 -10 -40
3155  0 0 0  295 -10 -45
3156  0 0 0  255 10 -35
3157  0 0 0  255 10 -40
3158  0 0 0  255 10 -45
3159  0 0 0  260 10 -35
3160  0 0 0  260 10 -40
3161  0 0 0  260 10 -45
3162  0 0 0  265 10 -35
3163  0 0 0  265 10 -40
3164  0 0 0  265 10 -45
3165  0 0 0  270 10 -35
3166  0 0 0  270 10 -40
3167  0 0 0  270 10 -45
3168  0 0 0  275 10 -35
3169  0 0 0  275 10 -40
3170  0 0 0  275 10 -45
3171  0 0 0  280 10 -35
3172  0 0 0  280 10 -40
3173  0 0 0  280 10 -45
3174  0 0 0  285 10 -35
3175  0 0 0  285 10 -40
3176  0 0 0  285 10 -45
3177  0 0 0  290 10 -35
3178  0 0 0  290 10 -40
3179  0 0 0  290 10 -45
3180  0 0 0  295 10 -35
3181  0 0 0  295 10 -40
3182  0 0 0  295 10 -45
3183  1 1 1  255 -5 -50
3184  1 1 1  255 0 -50
3185  1 1 1  255 5 -50
3186  1 1 1  260 -5 -50
3187  1 1 1  260 0 -50
3188  1 1 1  260 5 -50
3189  1 1 1  265 -5 -50
3190  1 1 1  265 0 -50
3191  1 1 1  265 5 -50
3192  1 1 1  270 -5 -50
3193  1 1 1  270 0 -50
3194  1 1 1  270 5 -50
3195  1 1 1  275 -5 -50
3196  1 1 1  275 0 -50
3197  1 1 1  275 5 -50
3198  1 1 1  280 -5 -50
3199  1 1 1  280 0 -50
3200  1 1 1  280 5 -50
3201  1 1 1  285 -5 -50
3202  1 1 1  285 0 -50
3203  1 1 1  285 5 -50
3204  1 1 1  290 -5 -50
3205  1 1 1  290 0 -50
3206  1 1 1  290 5 -50
3207  1 1 1  295 -5 -50
3208  1 1 1  295 0 -50
3209  1 1 1  295 5 -50
3210  0 0 0  255 5 -25
3211  0 0 0  255 0 -25
3212  0 0 0  255 -5 -25
3213  0 0 0  255 5 -20
3214  0 0 0  255 0 -20
3215  0 0 0  255 -5 -20
3216  0 0 0  255 5 -15
3217  0 0 0  255 0 -15
3218  0 0 0  255 -5 -15
3219  0 0 0  255 5 -10
3220  0 0 0  255 0 -10
3221  0 0 0  255 -5 -10
3222  0 0 0  255 5 -5
3223  0 0 0  255 0 -5
3224  0 0 0  255 -5 -5
3225  0 0 0  260 5 -25
3226  0 0 0  260 0 -25
3227  0 0 0  260 -5 -25
3228  0 0 0  260 5 -20
3229  0 0 0  260 0 -20
3230  0 0 0  260 -5 -20
3231  0 0 0  260 5 -15
3232  0 0 0  260 0 -15
3233  0 0 0  260 -5 -15
3234  0 0 0  260 5 -10
3235  0 0 0  260 0 -10
3236  0 0 0  260 -5 -10
3237  0 0 0  260 5 -5
3238  0 0 0  260 0 -5
3239  0 0 0  260 -5 -5
3240  0 0 0  265 5 -25
3241  0 0 0  265 0 -25
3242  0 0 0  265 -5 -25
3243  0 0 0  265 5 -20
3244  0 0 0  265 0 -20
3245  0 0 0  265 -5 -20
3246  0 0 0  265 5 -15
3247  0 0 0  265 0 -15
3248  0 0 0  265 -5 -15
3249  0 0 0  265 5 -10
3250  0 0 0  265 0 -10
3251  0 0 0  265 -5 -10
3252  0 0 0  265 5 -5
3253  0 0 0  265 0 -5
3254  0 0 0  265 -5 -5
3255  0 0 0  270 5 -25
3256  0 0 0  270 0 -25
3257  0 0 0  270 -5 -25
3258  0 0 0  270 5 -20
3259  0 0 0  270 0 -20
3260  0 0 0  270 -5 -20
3261  0 0 0  270 5 -15
3262  0 0 0  270 0 -15
3263  0 0 0  270 -5 -15
3264  0 0 0  270 5 -10
3265  0 0 0  270 0 -10
3266  0 0 0  270 -5 -10
3267  0 0 0  270 5 -5
3268  0 0 0  270 0 -5
3269  0 0 0  270 -5 -5
3270  0 0 0  275 5 -25
3271  0 0 0  275 0 -25
3272  0 0 0  275 -5 -25
3273  0 0 0  275 5 -20
3274  0 0 0  275 0 -20
3275  0 0 0  275 -5 -20
3276  0 0 0  275 5 -15
3277  0 0 0  275 0 -15
3278  0 0 0  275 -5 -15
3279  0 0 0  275 5 -10
3280  0 0 0  275 0 -10
3281  0 0 0  275 -5 -10
3282  0 0 0  275 5 -5
3283  0 0 0  275 0 -5
3284  0 0 0  275 -5 -5
3285  0 0 0  280 5 -25
3286  0 0 0  280 0 -25
3287  0 0 0  280 -5 -25
3288  0 0 0  280 5 -20
3289  0 0 0  280 0 -20
3290  0 0 0  280 -5 -20
3291  0 0 0  280 5 -15
3292  0 0 0  280 0 -15
3293  0 0 0  280 -5 -15
3294  0 0 0  280 5 -10
3295  0 0 0  280 0 -10
3296  0 0 0  280 -5 -10
3297  0 0 0  280 5 -5
3298  0 0 0  280 0 -5
3299  0 0 0  280 -5 -5
3300  0 0 0  285 5 -25
3301  0 0 0  285 0 -25
3302  0 0 0  285 -5 -25
3303  0 0 0  285 5 -20
3304  0 0 0  285 0 -20
3305  0 0 0  285 -5 -20
3306  0 0 0  285 5 -15
3307  0 0 0  285 0 -15
3308  0 0 0  285 -5 -15
3309  0 0 0  285 5 -10
3310  0 0 0  285 0 -10
3311  0 0 0  285 -5 -10
3312  0 0 0  285 5 -5
3313  0 0 0  285 0 -5
3314  0 0 0  285 -5 -5
3315  0 0 0  290 5 -25
3316  0 0 0  290 0 -25
3317  0 0 0  290 -5 -25
3318  0 0 0  290 5 -20
3319  0 0 0  290 0 -20
3320  0 0 0  290 -5 -20
3321  0 0 0  290 5 -15
3322  0 0 0  290 0 -15
3323  0 0 0  290 -5 -15
3324  0 0 0  290 5 -10
3325  0 0 0  290 0 -10
3326  0 0 0  290 -5 -10
3327  0 0 0  290 5 -5
3328  0 0 0  290 0 -5
3329  0 0 0  290 -5 -5
3330  0 0 0  295 5 -25
3331  0 0 0  295 0 -25
3332  0 0 0  295 -5 -25
3333  0 0 0  295 5 -20
3334  0 0 0  295 0 -20
3335  0 0 0  295 -5 -20
3336  0 0 0  295 5 -15
3337  0 0 0  295 0 -15
3338  0 0 0  295 -5 -15
3339  0 0 0  295 5 -10
3340  0 0 0  295 0 -10
3341  0 0 0  295 -5 -10
3342  0 0 0  295 5 -5
3343  0 0 0  295 0 -5
3344  0 0 0  295 -5 -5
3345  0 0 0  255 -5 -35
3346  0 0 0  255 0 -35
3347  0 0 0  255 5 -35
3348  0 0 0  255 -5 -40
3349  0 0 0  255 0 -40
3350  0 0 0  255 5 -40
3351  0 0 0  255 -5 -45
3352  0 0 0  255 0 -45
3353  0 0 0  255 5 -45
3354  0 0 0  260 -5 -35
3355  0 0 0  260 0 -35
3356  0 0 0  260 5 -35
3357  0 0 0  260 -5 -40
3358  0 0 0  260 0 -40
3359  0 0 0  260 5 -40
3360  0 0 0  260 -5 -45
3361  0 0 0  260 0 -45
3362  0 0 0  260 5 -45
3363  0 0 0  265 -5 -35
3364  0 0 0  265 0 -35
3365  0 0 0  265 5 -35
3366  0 0 0  265 -5 -40
3367  0 0 0  265 0 -40
3368  0 0 0  265 5 -40
3369  0 0 0  265 -5 -45
3370  0 0 0  265 0 -45
3371  0 0 0  265 5 -45
3372  0 0 0  270 -5 -35
3373  0 0 0  270 0 -35
3374  0 0 0  270 5 -35
3375  0 0 0  270 -5 -40
3376  0 0 0  270 0 -40
3377  0 0 0  270 5 -40
3378  0 0 0  270 -5 -45
3379  0 0 0  270 0 -45
3380  0 0 0  270 5 -45
3381  0 0 0  275 -5 -35
3382  0 0 0  275 0 -35
3383  0 0 0  275 5 -35
3384  0 0 0  275 -5 -40
3385  0 0 0  275 0 -40
3386  0 0 0  275 5 -40
3387  0 0 0  275 -5 -45
3388  0 0 0  275 0 -45
3389  0 0 0  275 5 -45
3390  0 0 0  280 -5 -35
3391  0 0 0  280 0 -35
3392  0 0 0  280 5 -35
3393  0 0 0  280 -5 -40
3394  0 0 0  280 0 -40
3395  0 0 0  280 5 -40
3396  0 0 0  280 -5 -45
3397  0 0 0  280 0 -45
3398  0 0 0  280 5 -45
3399  0 0 0  285 -5 -35
3400  0 0 0  285 0 -35
3401  0 0 0  285 5 -35
3402  0 0 0  285 -5 -40
3403  0 0 0  285 0 -40
3404  0 0 0  285 5 -40
3405  0 0 0  285 -5 -45
3406  0 0 0  285 0 -45
3407  0 0 0  285 5 -45
3408  0 0 0  290 -5 -35
3409  0 0 0  290 0 -35
3410  0 0 0  290 5 -35
3411  0 0 0  290 -5 -40
3412  0 0 0  290 0 -40
3413  0 0 0  290 5 -40
3414  0 0 0  290 -5 -45
3415  0 0 0  290 0 -45
3416  0 0 0  290 5 -45
3417  0 0 0  295 -5 -35
3418  0 0 0  295 0 -35
3419  0 0 0  295 5 -35
3420  0 0 0  295 -5 -40
3421  0 0 0  295 0 -40
3422  0 0 0  295 5 -40
3423  0 0 0  295 -5 -45
3424  0 0 0  295 0 -45
3425  0 0 0  295 5 -45
3426  0 0 0  -200 -10 -30
3427  0 0 0  -150 -10 -30
3428  0 0 0  -50 -10 -30
3429  0 0 0  -100 -10 -30
3430  0 0 0  50 -10 -30
3431  0 0 0  100 -10 -30
3432  0 0 0  150 -10 -30
3433  0 0 0  200 -10 -30
3434  0 0 0  -203.84616 -10 -30
3435  0 0 0  -207.69231 -10 -30
3436  0 0 0  -211.53847 -10 -30
3437  0 0 0  -215.38461 -10 -30
3438  0 0 0  -219.23077 -10 -30
3439  0 0 0  -223.07692 -10 -30
3440  0 0 0  -226.92308 -10 -30
3441  0 0 0  -230.76923 -10 -30
3442  0 0 0  -234.61539 -10 -30
3443  0 0 0  -238.46153 -10 -30
3444  0 0 0  -242.30769 -10 -30
3445  0 0 0  -246.15384 -10 -30
3446  0 0 0  -203.33333 -10 -2
3447  0 0 0  -206.66667 -10 -4
3448  0 0 0  -210 -10 -6
3449  0 0 0  -213.33333 -10 -8
3450  0 0 0  -216.66667 -10 -10
3451  0 0 0  -220 -10 -12
3452  0 0 0  -223.33333 -10 -14
3453  0 0 0  -226.66667 -10 -16
3454  0 0 0  -230 -10 -18
3455  0 0 0  -233.33333 -10 -20
3456  0 0 0  -236.66667 -10 -22
3457  0 0 0  -240 -10 -24
3458  0 0 0  -243.33333 -10 -26
3459  0 0 0  -246.66667 -10 -28
3460  0 0 0  -153.33333 -10 -28
3461  0 0 0  -156.66667 -10 -26
3462  0 0 0  -160 -10 -24
3463  0 0 0  -163.33333 -10 -22
3464  0 0 0  -166.66667 -10 -20
3465  0 0 0  -170 -10 -18
3466  0 0 0  -173.33333 -10 -16
3467  0 0 0  -176.66667 -10 -14
3468  0 0 0  -180 -10 -12
3469  0 0 0  -183.33333 -10 -10
3470  0 0 0  -186.66667 -10 -8
3471  0 0 0  -190 -10 -6
3472  0 0 0  -193.33333 -10 -4
3473  0 0 0  -196.66667 -10 -2
3474  0 0 0  -150 -10 -26.25
3475  0 0 0  -150 -10 -22.5
3476  0 0 0  -150 -10 -18.75
3477  0 0 0  -150 -10 -15
3478  0 0 0  -150 -10 -11.25
3479  0 0 0  -150 -10 -7.5
3480  0 0 0  -150 -10 -3.75
3481  0 0 0  -200 -10 -3.75
3482  0 0 0  -200 -10 -7.5
3483  0 0 0  -200 -10 -11.25
3484  0 0 0  -200 -10 -15
3485  0 0 0  -200 -10 -18.75
3486  0 0 0  -200 -10 -22.5
3487  0 0 0  -200 -10 -26.25
3488  0 0 0  -103.33334 -10 -2
3489  0 0 0  -106.66666 -10 -4
3490  0 0 0  -110 -10 -6
3491  0 0 0  -113.33334 -10 -8
3492  0 0 0  -116.66666 -10 -10
3493  0 0 0  -120 -10 -12
3494  0 0 0  -123.33334 -10 -14
3495  0 0 0  -126.66666 -10 -16
3496  0 0 0  -130 -10 -18
3497  0 0 0  -133.33333 -10 -20
3498  0 0 0  -136.66667 -10 -22
3499  0 0 0  -140 -10 -24
3500  0 0 0  -143.33333 -10 -26
3501  0 0 0  -146.66667 -10 -28
3502  0 0 0  -53.333332 -10 -28
3503  0 0 0  -56.666668 -10 -26
3504  0 0 0  -60 -10 -24
3505  0 0 0  -63.333332 -10 -22
3506  0 0 0  -66.666664 -10 -20
3507  0 0 0  -70 -10 -18
3508  0 0 0  -73.333336 -10 -16
3509  0 0 0  -76.666664 -10 -14
3510  0 0 0  -80 -10 -12
3511  0 0 0  -83.333336 -10 -10
3512  0 0 0  -86.666664 -10 -8
3513  0 0 0  -90 -10 -6
3514  0 0 0  -93.333336 -10 -4
3515  0 0 0  -96.666664 -10 -2
3516  0 0 0  -50 -10 -26.25
3517  0 0 0  -50 -10 -22.5
3518  0 0 0  -50 -10 -18.75
3519  0 0 0  -50 -10 -15
3520  0 0 0  -50 -10 -11.25
3521  0 0 0  -50 -10 -7.5
3522  0 0 0  -50 -10 -3.75
3523  0 0 0  -153.84616 -10 -30
3524  0 0 0  -157.69231 -10 -30
3525  0 0 0  -161.53847 -10 -30
3526  0 0 0  -165.38461 -10 -30
3527  0 0 0  -169.23077 -10 -30
3528  0 0 0  -173.07692 -10 -30
3529  0 0 0  -176.92308 -10 -30
3530  0 0 0  -180.76923 -10 -30
3531  0 0 0  -184.61539 -10 -30
3532  0 0 0  -188.46153 -10 -30
3533  0 0 0  -192.30769 -10 -30
3534  0 0 0  -196.15384 -10 -30
3535  0 0 0  -103.84615 -10 -30
3536  0 0 0  -107.69231 -10 -30
3537  0 0 0  -111.53846 -10 -30
3538  0 0 0  -115.38461 -10 -30
3539  0 0 0  -119.23077 -10 -30
3540  0 0 0  -123.07692 -10 -30
3541  0 0 0  -126.92308 -10 -30
3542  0 0 0  -130.76923 -10 -30
3543  0 0 0  -134.61539 -10 -30
3544  0 0 0  -138.46153 -10 -30
3545  0 0 0  -142.30769 -10 -30
3546  0 0 0  -146.15384 -10 -30
3547  0 0 0  -100 -10 -3.75
3548  0 0 0  -100 -10 -7.5
3549  0 0 0  -100 -10 -11.25
3550  0 0 0  -100 -10 -15
3551  0 0 0  -100 -10 -18.75
3552  0 0 0  -100 -10 -22.5
3553  0 0 0  -100 -10 -26.25
3554  0 0 0  -3.3333332 -10 -2
3555  0 0 0  -6.6666665 -10 -4
3556  0 0 0  -10 -10 -6
3557  0 0 0  -13.333333 -10 -8
3558  0 0 0  -16.666666 -10 -10
3559  0 0 0  -20 -10 -12
3560  0 0 0  -23.333334 -10 -14
3561  0 0 0  -26.666666 -10 -16
3562  0 0 0  -30 -10 -18
3563  0 0 0  -33.333332 -10 -20
3564  0 0 0  -36.666668 -10 -22
3565  0 0 0  -40 -10 -24
3566  0 0 0  -43.333332 -10 -26
3567  0 0 0  -46.666668 -10 -28
3568  0 0 0  3.3333332 -10 -2
3569  0 0 0  6.6666665 -10 -4
3570  0 0 0  10 -10 -6
3571  0 0 0  13.333333 -10 -8
3572  0 0 0  16.666666 -10 -10
3573  0 0 0  20 -10 -12
3574  0 0 0  23.333334 -10 -14
3575  0 0 0  26.666666 -10 -16
3576  0 0 0  30 -10 -18
3577  0 0 0  33.333332 -10 -20
3578  0 0 0  36.666668 -10 -22
3579  0 0 0  40 -10 -24
3580  0 0 0  43.333332 -10 -26
3581  0 0 0  46.666668 -10 -28
3582  0 0 0  3.8461537 -10 -30
3583  0 0 0  7.6923075 -10 -30
3584  0 0 0  11.538462 -10 -30
3585  0 0 0  15.384615 -10 -30
3586  0 0 0  19.23077 -10 -30
3587  0 0 0  23.076923 -10 -30
3588  0 0 0  26.923077 -10 -30
3589  0 0 0  30.76923 -10 -30
3590  0 0 0  34.615383 -10 -30
3591  0 0 0  38.46154 -10 -30
3592  0 0 0  42.307693 -10 -30
3593  0 0 0  46.153847 -10 -30
3594  0 0 0  0 -10 -26.25
3595  0 0 0  0 -10 -22.5
3596  0 0 0  0 -10 -18.75
3597  0 0 0  0 -10 -11.25
3598  0 0 0  0 -10 -7.5
3599  0 0 0  0 -10 -3.75
3600  0 0 0  -53.846153 -10 -30
3601  0 0 0  -57.692307 -10 -30
3602  0 0 0  -61.53846 -10 -30
3603  0 0 0  -65.384613 -10 -30
3604  0 0 0  -69.230766 -10 -30
3605  0 0 0  -73.07692 -10 -30
3606  0 0 0  -76.92308 -10 -30
3607  0 0 0  -80.769234 -10 -30
3608  0 0 0  -84.615387 -10 -30
3609  0 0 0  -88.46154 -10 -30
3610  0 0 0  -92.307693 -10 -30
3611  0 0 0  -96.153847 -10 -30
3612  0 0 0  -3.8461537 -10 -30
3613  0 0 0  -7.6923075 -10 -30
3614  0 0 0  -11.538462 -10 -30
3615  0 0 0  -15.384615 -10 -30
3616  0 0 0  -19.23077 -10 -30
3617  0 0 0  -23.076923 -10 -30
3618  0 0 0  -26.923077 -10 -30
3619  0 0 0  -30.76923 -10 -30
3620  0 0 0  -34.615383 -10 -30
3621  0 0 0  -38.46154 -10 -30
3622  0 0 0  -42.307693 -10 -30
3623  0 0 0  -46.153847 -10 -30
3624  0 0 0  53.846153 -10 -30
3625  0 0 0  57.692307 -10 -30
3626  0 0 0  61.53846 -10 -30
3627  0 0 0  65.384613 -10 -30
3628  0 0 0  69.230766 -10 -30
3629  0 0 0  73.07692 -10 -30
3630  0 0 0  76.92308 -10 -30
3631  0 0 0  80.769234 -10 -30
3632  0 0 0  84.615387 -10 -30
3633  0 0 0  88.46154 -10 -30
3634  0 0 0  92.307693 -10 -30
3635  0 0 0  96.153847 -10 -30
3636  0 0 0  53.333332 -10 -28
3637  0 0 0  56.666668 -10 -26
3638  0 0 0  60 -10 -24
3639  0 0 0  63.333332 -10 -22
3640  0 0 0  66.666664 -10 -20
3641  0 0 0  70 -10 -18
3642  0 0 0  73.333336 -10 -16
3643  0 0 0  76.666664 -10 -14
3644  0 0 0  80 -10 -12
3645  0 0 0  83.333336 -10 -10
3646  0 0 0  86.666664 -10 -8
3647  0 0 0  90 -10 -6
3648  0 0 0  93.333336 -10 -4
3649  0 0 0  96.666664 -10 -2
3650  0 0 0  100 -10 -3.75
3651  0 0 0  100 -10 -7.5
3652  0 0 0  100 -10 -11.25
3653  0 0 0  100 -10 -15
3654  0 0 0  100 -10 -18.75
3655  0 0 0  100 -10 -22.5
3656  0 0 0  100 -10 -26.25
3657  0 0 0  103.84615 -10 -30
3658  0 0 0  107.69231 -10 -30
3659  0 0 0  111.53846 -10 -30
3660  0 0 0  115.38461 -10 -30
3661  0 0 0  119.23077 -10 -30
3662  0 0 0  123.07692 -10 -30
3663  0 0 0  126.92308 -10 -30
3664  0 0 0  130.76923 -10 -30
3665  0 0 0  134.61539 -10 -30
3666  0 0 0  138.46153 -10 -30
3667  0 0 0  142.30769 -10 -30
3668  0 0 0  146.15384 -10 -30
3669  0 0 0  50 -10 -26.25
3670  0 0 0  50 -10 -22.5
3671  0 0 0  50 -10 -18.75
3672  0 0 0  50 -10 -15
3673  0 0 0  50 -10 -11.25
3674  0 0 0  50 -10 -7.5
3675  0 0 0  50 -10 -3.75
3676  0 0 0  103.33334 -10 -2
3677  0 0 0  106.66666 -10 -4
3678  0 0 0  110 -10 -6
3679  0 0 0  113.33334 -10 -8
3680  0 0 0  116.66666 -10 -10
3681  0 0 0  120 -10 -12
3682  0 0 0  123.33334 -10 -14
3683  0 0 0  126.66666 -10 -16
3684  0 0 0  130 -10 -18
3685  0 0 0  133.33333 -10 -20
3686  0 0 0  136.66667 -10 -22
3687  0 0 0  140 -10 -24
3688  0 0 0  143.33333 -10 -26
3689  0 0 0  146.66667 -10 -28
3690  0 0 0  153.84616 -10 -30
3691  0 0 0  157.69231 -10 -30
3692  0 0 0  161.53847 -10 -30
3693  0 0 0  165.38461 -10 -30
3694  0 0 0  169.23077 -10 -30
3695  0 0 0  173.07692 -10 -30
3696  0 0 0  176.92308 -10 -30
3697  0 0 0  180.76923 -10 -30
3698  0 0 0  184.61539 -10 -30
3699  0 0 0  188.46153 -10 -30
3700  0 0 0  192.30769 -10 -30
3701  0 0 0  196.15384 -10 -30
3702  0 0 0  153.33333 -10 -28
3703  0 0 0  156.66667 -10 -26
3704  0 0 0  160 -10 -24
3705  0 0 0  163.33333 -10 -22
3706  0 0 0  166.66667 -10 -20
3707  0 0 0  170 -10 -18
3708  0 0 0  173.33333 -10 -16
3709  0 0 0  176.66667 -10 -14
3710  0 0 0  180 -10 -12
3711  0 0 0  183.33333 -10 -10
3712  0 0 0  186.66667 -10 -8
3713  0 0 0  190 -10 -6
3714  0 0 0  193.33333 -10 -4
3715  0 0 0  196.66667 -10 -2
3716  0 0 0  200 -10 -3.75
3717  0 0 0  200 -10 -7.5
3718  0 0 0  200 -10 -11.25
3719  0 0 0  200 -10 -15
3720  0 0 0  200 -10 -18.75
3721  0 0 0  200 -10 -22.5
3722  0 0 0  200 -10 -26.25
3723  0 0 0  203.84616 -10 -30
3724  0 0 0  207.69231 -10 -30
3725  0 0 0  211.53847 -10 -30
3726  0 0 0  215.38461 -10 -30
3727  0 0 0  219.23077 -10 -30
3728  0 0 0  223.07692 -10 -30
3729  0 0 0  226.92308 -10 -30
3730  0 0 0  230.76923 -10 -30
3731  0 0 0  234.61539 -10 -30
3732  0 0 0  238.46153 -10 -30
3733  0 0 0  242.30769 -10 -30
3734  0 0 0  246.15384 -10 -30
3735  0 0 0  150 -10 -26.25
3736  0 0 0  150 -10 -22.5
3737  0 0 0  150 -10 -18.75
3738  0 0 0  150 -10 -15
3739  0 0 0  150 -10 -11.25
3740  0 0 0  150 -10 -7.5
3741  0 0 0  150 -10 -3.75
3742  0 0 0  203.33333 -10 -2
3743  0 0 0  206.66667 -10 -4
3744  0 0 0  210 -10 -6
3745  0 0 0  213.33333 -10 -8
3746  0 0 0  216.66667 -10 -10
3747  0 0 0  220 -10 -12
3748  0 0 0  223.33333 -10 -14
3749  0 0 0  226.66667 -10 -16
3750  0 0 0  230 -10 -18
3751  0 0 0  233.33333 -10 -20
3752  0 0 0  236.66667 -10 -22
3753  0 0 0  240 -10 -24
3754  0 0 0  243.33333 -10 -26
3755  0 0 0  246.66667 -10 -28
3756  0 0 0  -200 10 -30
3757  0 0 0  -150 10 -30
3758  0 0 0  -50 10 -30
3759  0 0 0  -100 10 -30
3760  0 0 0  50 10 -30
3761  0 0 0  100 10 -30
3762  0 0 0  150 10 -30
3763  0 0 0  200 10 -30
3764  0 0 0  -203.84616 10 -30
3765  0 0 0  -207.69231 10 -30
3766  0 0 0  -211.53847 10 -30
3767  0 0 0  -215.38461 10 -30
3768  0 0 0  -219.23077 10 -30
3769  0 0 0  -223.07692 10 -30
3770  0 0 0  -226.92308 10 -30
3771  0 0 0  -230.76923 10 -30
3772  0 0 0  -234.61539 10 -30
3773  0 0 0  -238.46153 10 -30
3774  0 0 0  -242.30769 10 -30
3775  0 0 0  -246.15384 10 -30
3776  0 0 0  -203.33333 10 -2
3777  0 0 0  -206.66667 10 -4
3778  0 0 0  -210 10 -6
3779  0 0 0  -213.33333 10 -8
3780  0 0 0  -216.66667 10 -10
3781  0 0 0  -220 10 -12
3782  0 0 0  -223.33333 10 -14
3783  0 0 0  -226.66667 10 -16
3784  0 0 0  -230 10 -18
3785  0 0 0  -233.33333 10 -20
3786  0 0 0  -236.66667 10 -22
3787  0 0 0  -240 10 -24
3788  0 0 0  -243.33333 10 -26
3789  0 0 0  -246.66667 10 -28
3790  0 0 0  -153.33333 10 -28
3791  0 0 0  -156.66667 10 -26
3792  0 0 0  -160 10 -24
3793  0 0 0  -163.33333 10 -22
3794  0 0 0  -166.66667 10 -20
3795  0 0 0  -170 10 -18
3796  0 0 0  -173.33333 10 -16
3797  0 0 0  -176.66667 10 -14
3798  0 0 0  -180 10 -12
3799  0 0 0  -183.33333 10 -10
3800  0 0 0  -186.66667 10 -8
3801  0 0 0  -190 10 -6
3802  0 0 0  -193.33333 10 -4
3803  0 0 0  -196.66667 10 -2
3804  0 0 0  -150 10 -26.25
3805  0 0 0  -150 10 -22.5
3806  0 0 0  -150 10 -18.75
3807  0 0 0  -150 10 -15
3808  0 0 0  -150 10 -11.25
3809  0 0 0  -150 10 -7.5
3810  0 0 0  -150 10 -3.75
3811  0 0 0  -200 10 -3.75
3812  0 0 0  -200 10 -7.5
3813  0 0 0  -200 10 -11.25
3814  0 0 0  -200 10 -15
3815  0 0 0  -200 10 -18.75
3816  0 0 0  -200 10 -22.5
3817  0 0 0  -200 10 -26.25
3818  0 0 0  -103.33334 10 -2
3819  0 0 0  -106.66666 10 -4
3820  0 0 0  -110 10 -6
3821  0 0 0  -113.33334 10 -8
3822  0 0 0  -116.66666 10 -10
3823  0 0 0  -120 10 -12
3824  0 0 0  -123.33334 10 -14
3825  0 0 0  -126.66666 10 -16
3826  0 0 0  -130 10 -18
3827  0 0 0  -133.33333 10 -20
3828  0 0 0  -136.66667 10 -22
3829  0 0 0  -140 10 -24
3830  0 0 0  -143.33333 10 -26
3831  0 0 0  -146.66667 10 -28
3832  0 0 0  -53.333332 10 -28
3833  0 0 0  -56.666668 10 -26
3834  0 0 0  -60 10 -24
3835  0 0 0  -63.333332 10 -22
3836  0 0 0  -66.666664 10 -20
3837  0 0 0  -70 10 -18
3838  0 0 0  -73.333336 10 -16
3839  0 0 0  -76.666664 10 -14
3840  0 0 0  -80 10 -12
3841  0 0 0  -83.333336 10 -10
3842  0 0 0  -86.666664 10 -8
3843  0 0 0  -90 10 -6
3844  0 0 0  -93.333336 10 -4
3845  0 0 0  -96.666664 10 -2
3846  0 0 0  -50 10 -26.25
3847  0 0 0  -50 10 -22.5
3848  0 0 0  -50 10 -18.75
3849  0 0 0  -50 10 -15
3850  0 0 0  -50 10 -11.25
3851  0 0 0  -50 10 -7.5
3852  0 0 0  -50 10 -3.75
3853  0 0 0  -153.84616 10 -30
3854  0 0 0  -157.69231 10 -30
3855  0 0 0  -161.53847 10 -30
3856  0 0 0  -165.38461 10 -30
3857  0 0 0  -169.23077 10 -30
3858  0 0 0  -173.07692 10 -30
3859  0 0 0  -176.92308 10 -30
3860  0 0 0  -180.76923 10 -30
3861  0 0 0  -184.61539 10 -30
3862  0 0 0  -188.46153 10 -30
3863  0 0 0  -192.30769 10 -30
3864  0 0 0  -196.15384 10 -30
3865  0 0 0  -103.84615 10 -30
3866  0 0 0  -107.69231 10 -30
3867  0 0 0  -111.53846 10 -30
3868  0 0 0  -115.38461 10 -30
3869  0 0 0  -119.23077 10 -30
3870  0 0 0  -123.07692 10 -30
3871  0 0 0  -126.92308 10 -30
3872  0 0 0  -130.76923 10 -30
3873  0 0 0  -134.61539 10 -30
3874  0 0 0  -138.46153 10 -30
3875  0 0 0  -142.30769 10 -30
3876  0 0 0  -146.15384 10 -30
3877  0 0 0  -100 10 -3.75
3878  0 0 0  -100 10 -7.5
3879  0 0 0  -100 10 -11.25
3880  0 0 0  -100 10 -15
3881  0 0 0  -100 10 -18.75
3882  0 0 0  -100 10 -22.5
3883  0 0 0  -100 10 -26.25
3884  0 0 0  -3.3333332 10 -2
3885  0 0 0  -6.6666665 10 -4
3886  0 0 0  -10 10 -6
3887  0 0 0  -13.333333 10 -8
3888  0 0 0  -16.666666 10 -10
3889  0 0 0  -20 10 -12
3890  0 0 0  -23.333334 10 -14
3891  0 0 0  -26.666666 10 -16
3892  0 0 0  -30 10 -18
3893  0 0 0  -33.333332 10 -20
3894  0 0 0  -36.666668 10 -22
3895  0 0 0  -40 10 -24
3896  0 0 0  -43.333332 10 -26
3897  0 0 0  -46.666668 10 -28
3898  0 0 0  3.3333332 10 -2
3899  0 0 0  6.6666665 10 -4
3900  0 0 0  10 10 -6
3901  0 0 0  13.333333 10 -8
3902  0 0 0  16.666666 10 -10
3903  0 0 0  20 10 -12
3904  0 0 0  23.333334 10 -14
3905  0 0 0  26.666666 10 -16
3906  0 0 0  30 10 -18
3907  0 0 0  33.333332 10 -20
3908  0 0 0  36.666668 10 -22
3909  0 0 0  40 10 -24
3910  0 0 0  43.333332 10 -26
3911  0 0 0  46.666668 10 -28
3912  0 0 0  3.8461537 10 -30
3913  0 0 0  7.6923075 10 -30
3914  0 0 0  11.538462 10 -30
3915  0 0 0  15.384615 10 -30
3916  0 0 0  19.23077 10 -30
3917  0 0 0  23.076923 10 -30
3918  0 0 0  26.923077 10 -30
3919  0 0 0  30.76923 10 -30
3920  0 0 0  34.615383 10 -30
3921  0 0 0  38.46154 10 -30
3922  0 0 0  42.307693 10 -30
3923  0 0 0  46.153847 10 -30
3924  0 0 0  0 10 -26.25
3925  0 0 0  0 10 -22.5
3926  0 0 0  0 10 -18.75
3927  0 0 0  0 10 -11.25
3928  0 0 0  0 10 -7.5
3929  0 0 0  0 10 -3.75
3930  0 0 0  -53.846153 10 -30
3931  0 0 0  -57.692307 10 -30
3932  0 0 0  -61.53846 10 -30
3933  0 0 0  -65.384613 10 -30
3934  0 0 0  -69.230766 10 -30
3935  0 0 0  -73.07692 10 -30
3936  0 0 0  -76.92308 10 -30
3937  0 0 0  -80.769234 10 -30
3938  0 0 0  -84.615387 10 -30
3939  0 0 0  -88.46154 10 -30
3940  0 0 0  -92.307693 10 -30
3941  0 0 0  -96.153847 10 -30
3942  0 0 0  -3.8461537 10 -30
3943  0 0 0  -7.6923075 10 -30
3944  0 0 0  -11.538462 10 -30
3945  0 0 0  -15.384615 10 -30
3946  0 0 0  -19.23077 10 -30
3947  0 0 0  -23.076923 10 -30
3948  0 0 0  -26.923077 10 -30
3949  0 0 0  -30.76923 10 -30
3950  0 0 0  -34.615383 10 -30
3951  0 0 0  -38.46154 10 -30
3952  0 0 0  -42.307693 10 -30
3953  0 0 0  -46.153847 10 -30
3954  0 0 0  53.846153 10 -30
3955  0 0 0  57.692307 10 -30
3956  0 0 0  61.53846 10 -30
3957  0 0 0  65.384613 10 -30
3958  0 0 0  69.230766 10 -30
3959  0 0 0  73.07692 10 -30
3960  0 0 0  76.92308 10 -30
3961  0 0 0  80.769234 10 -30
3962  0 0 0  84.615387 10 -30
3963  0 0 0  88.46154 10 -30
3964  0 0 0  92.307693 10 -30
3965  0 0 0  96.153847 10 -30
3966  0 0 0  53.333332 10 -28
3967  0 0 0  56.666668 10 -26
3968  0 0 0  60 10 -24
3969  0 0 0  63.333332 10 -22
3970  0 0 0  66.666664 10 -20
3971  0 0 0  70 10 -18
3972  0 0 0  73.333336 10 -16
3973  0 0 0  76.666664 10 -14
3974  0 0 0  80 10 -12
3975  0 0 0  83.333336 10 -10
3976  0 0 0  86.666664 10 -8
3977  0 0 0  90 10 -6
3978  0 0 0  93.333336 10 -4
3979  0 0 0  96.666664 10 -2
3980  0 0 0  100 10 -3.75
3981  0 0 0  100 10 -7.5
3982  0 0 0  100 10 -11.25
3983  0 0 0  100 10 -15
3984  0 0 0  100 10 -18.75
3985  0 0 0  100 10 -22.5
3986  0 0 0  100 10 -26.25
3987  0 0 0  103.84615 10 -30
3988  0 0 0  107.69231 10 -30
3989  0 0 0  111.53846 10 -30
3990  0 0 0  115.38461 10 -30
3991  0 0 0  119.23077 10 -30
3992  0 0 0  123.07692 10 -30
3993  0 0 0  126.92308 10 -30
3994  0 0 0  130.76923 10 -30
3995  0 0 0  134.61539 10 -30
3996  0 0 0  138.46153 10 -30
3997  0 0 0  142.30769 10 -30
3998  0 0 0  146.15384 10 -30
3999  0 0 0  50 10 -26.25
4000  0 0 0  50 10 -22.5
4001  0 0 0  50 10 -18.75
4002  0 0 0  50 10 -15
4003  0 0 0  50 10 -11.25
4004  0 0 0  50 10 -7.5
4005  0 0 0  50 10 -3.75
4006  0 0 0  103.33334 10 -2
4007  0 0 0  106.66666 10 -4
4008  0 0 0  110 10 -6
4009  0 0 0  113.33334 10 -8
4010  0 0 0  116.66666 10 -10
4011  0 0 0  120 10 -12
4012  0 0 0  123.33334 10 -14
4013  0 0 0  126.66666 10 -16
4014  0 0 0  130 10 -18
4015  0 0 0  133.33333 10 -20
4016  0 0 0  136.66667 10 -22
4017  0 0 0  140 10 -24
4018  0 0 0  143.33333 10 -26
4019  0 0 0  146.66667 10 -28
4020  0 0 0  153.84616 10 -30
4021  0 0 0  157.69231 10 -30
4022  0 0 0  161.53847 10 -30
4023  0 0 0  165.38461 10 -30
4024  0 0 0  169.23077 10 -30
4025  0 0 0  173.07692 10 -30
4026  0 0 0  176.92308 10 -30
4027  0 0 0  180.76923 10 -30
4028  0 0 0  184.61539 10 -30
4029  0 0 0  188.46153 10 -30
4030  0 0 0  192.30769 10 -30
4031  0 0 0  196.15384 10 -30
4032  0 0 0  153.33333 10 -28
4033  0 0 0  156.66667 10 -26
4034  0 0 0  160 10 -24
4035  0 0 0  163.33333 10 -22
4036  0 0 0  166.66667 10 -20
4037  0 0 0  170 10 -18
4038  0 0 0  173.33333 10 -16
4039  0 0 0  176.66667 10 -14
4040  0 0 0  180 10 -12
4041  0 0 0  183.33333 10 -10
4042  0 0 0  186.66667 10 -8
4043  0 0 0  190 10 -6
4044  0 0 0  193.33333 10 -4
4045  0 0 0  196.66667 10 -2
4046  0 0 0  200 10 -3.75
4047  0 0 0  200 10 -7.5
4048  0 0 0  200 10 -11.25
4049  0 0 0  200 10 -15
4050  0 0 0  200 10 -18.75
4051  0 0 0  200 10 -22.5
4052  0 0 0  200 10 -26.25
4053  0 0 0  203.84616 10 -30
4054  0 0 0  207.69231 10 -30
4055  0 0 0  211.53847 10 -30
4056  0 0 0  215.38461 10 -30
4057  0 0 0  219.23077 10 -30
4058  0 0 0  223.07692 10 -30
4059  0 0 0  226.92308 10 -30
4060  0 0 0  230.76923 10 -30
4061  0 0 0  234.61539 10 -30
4062  0 0 0  238.46153 10 -30
4063  0 0 0  242.30769 10 -30
4064  0 0 0  246.15384 10 -30
4065  0 0 0  150 10 -26.25
4066  0 0 0  150 10 -22.5
4067  0 0 0  150 10 -18.75
4068  0 0 0  150 10 -15
4069  0 0 0  150 10 -11.25
4070  0 0 0  150 10 -7.5
4071  0 0 0  150 10 -3.75
4072  0 0 0  203.33333 10 -2
4073  0 0 0  206.66667 10 -4
4074  0 0 0  210 10 -6
4075  0 0 0  213.33333 10 -8
4076  0 0 0  216.66667 10 -10
4077  0 0 0  220 10 -12
4078  0 0 0  223.33333 10 -14
4079  0 0 0  226.66667 10 -16
4080  0 0 0  230 10 -18
4081  0 0 0  233.33333 10 -20
4082  0 0 0  236.66667 10 -22
4083  0 0 0  240 10 -24
4084  0 0 0  243.33333 10 -26
4085  0 0 0  246.66667 10 -28
2
1  20  1
1  1.17e+11  7860  0.25
1  12 513  1
2  14 513  1
3  16 513  1
4  18 513  1
5  20 513  1
6  11 1370  1
7  13 1370  1
8  15 1370  1
9  17 1370  1
10  19 1370  1
11  8 513  1
12  6 513  1
13  4 513  1
14  1 513  1
15  21 513  1
16  7 1370  1
17  5 1370  1
18  3 1370  1
19  2 1370  1
20  22 1370  1
5  704  1
1  7e+10  2710  0.76  0.458533  0 1 0
1  3426 3434  1
2  3434 3435  1
3  3435 3436  1
4  3436 3437  1
5  3437 3438  1
6  3438 3439  1
7  3439 3440  1
8  3440 3441  1
9  3441 3442  1
10  3442 3443  1
11  3443 3444  1
12  3444 3445  1
13  3445 2230  1
14  18 3446  1
15  3446 3447  1
16  3447 3448  1
17  3448 3449  1
18  3449 3450  1
19  3450 3451  1
20  3451 3452  1
21  3452 3453  1
22  3453 3454  1
23  3454 3455  1
24  3455 3456  1
25  3456 3457  1
26  3457 3458  1
27  3458 3459  1
28  3459 2230  1
29  3427 3460  1
30  3460 3461  1
31  3461 3462  1
32  3462 3463  1
33  3463 3464  1
34  3464 3465  1
35  3465 3466  1
36  3466 3467  1
37  3467 3468  1
38  3468 3469  1
39  3469 3470  1
40  3470 3471  1
41  3471 3472  1
42  3472 3473  1
43  3473 18  1
44  3427 3474  1
45  3474 3475  1
46  3475 3476  1
47  3476 3477  1
48  3477 3478  1
49  3478 3479  1
50  3479 3480  1
51  3480 16  1
52  18 3481  1
53  3481 3482  1
54  3482 3483  1
55  3483 3484  1
56  3484 3485  1
57  3485 3486  1
58  3486 3487  1
59  3487 3426  1
60  14 3488  1
61  3488 3489  1
62  3489 3490  1
63  3490 3491  1
64  3491 3492  1
65  3492 3493  1
66  3493 3494  1
67  3494 3495  1
68  3495 3496  1
69  3496 3497  1
70  3497 3498  1
71  3498 3499  1
72  3499 3500  1
73  3500 3501  1
74  3501 3427  1
75  3428 3502  1
76  3502 3503  1
77  3503 3504  1
78  3504 3505  1
79  3505 3506  1
80  3506 3507  1
81  3507 3508  1
82  3508 3509  1
83  3509 3510  1
84  3510 3511  1
85  3511 3512  1
86  3512 3513  1
87  3513 3514  1
88  3514 3515  1
89  3515 14  1
90  3428 3516  1
91  3516 3517  1
92  3517 3518  1
93  3518 3519  1
94  3519 3520  1
95  3520 3521  1
96  3521 3522  1
97  3522 12  1
98  3427 3523  1
99  3523 3524  1
100  3524 3525  1
101  3525 3526  1
102  3526 3527  1
103  3527 3528  1
104  3528 3529  1
105  3529 3530  1
106  3530 3531  1
107  3531 3532  1
108  3532 3533  1
109  3533 3534  1
110  3534 3426  1
111  3429 3535  1
112  3535 3536  1
113  3536 3537  1
114  3537 3538  1
115  3538 3539  1
116  3539 3540  1
117  3540 3541  1
118  3541 3542  1
119  3542 3543  1
120  3543 3544  1
121  3544 3545  1
122  3545 3546  1
123  3546 3427  1
124  14 3547  1
125  3547 3548  1
126  3548 3549  1
127  3549 3550  1
128  3550 3551  1
129  3551 3552  1
130  3552 3553  1
131  3553 3429  1
132  10 3554  1
133  3554 3555  1
134  3555 3556  1
135  3556 3557  1
136  3557 3558  1
137  3558 3559  1
138  3559 3560  1
139  3560 3561  1
140  3561 3562  1
141  3562 3563  1
142  3563 3564  1
143  3564 3565  1
144  3565 3566  1
145  3566 3567  1
146  3567 3428  1
147  10 3568  1
148  3568 3569  1
149  3569 3570  1
150  3570 3571  1
151  3571 3572  1
152  3572 3573  1
153  3573 3574  1
154  3574 3575  1
155  3575 3576  1
156  3576 3577  1
157  3577 3578  1
158  3578 3579  1
159  3579 3580  1
160  3580 3581  1
161  3581 3430  1
162  603 3582  1
163  3582 3583  1
164  3583 3584  1
165  3584 3585  1
166  3585 3586  1
167  3586 3587  1
168  3587 3588  1
169  3588 3589  1
170  3589 3590  1
171  3590 3591  1
172  3591 3592  1
173  3592 3593  1
174  3593 3430  1
175  603 3594  1
176  3594 3595  1
177  3595 3596  1
178  3596 600  1
179  600 3597  1
180  3597 3598  1
181  3598 3599  1
182  3599 10  1
183  3428 3600  1
184  3600 3601  1
185  3601 3602  1
186  3602 3603  1
187  3603 3604  1
188  3604 3605  1
189  3605 3606  1
190  3606 3607  1
191  3607 3608  1
192  3608 3609  1
193  3609 3610  1
194  3610 3611  1
195  3611 3429  1
196  603 3612  1
197  3612 3613  1
198  3613 3614  1
199  3614 3615  1
200  3615 3616  1
201  3616 3617  1
202  3617 3618  1
203  3618 3619  1
204  3619 3620  1
205  3620 3621  1
206  3621 3622  1
207  3622 3623  1
208  3623 3428  1
209  3430 3624  1
210  3624 3625  1
211  3625 3626  1
212  3626 3627  1
213  3627 3628  1
214  3628 3629  1
215  3629 3630  1
216  3630 3631  1
217  3631 3632  1
218  3632 3633  1
219  3633 3634  1
220  3634 3635  1
221  3635 3431  1
222  3430 3636  1
223  3636 3637  1
224  3637 3638  1
225  3638 3639  1
226  3639 3640  1
227  3640 3641  1
228  3641 3642  1
229  3642 3643  1
230  3643 3644  1
231  3644 3645  1
232  3645 3646  1
233  3646 3647  1
234  3647 3648  1
235  3648 3649  1
236  3649 6  1
237  6 3650  1
238  3650 3651  1
239  3651 3652  1
240  3652 3653  1
241  3653 3654  1
242  3654 3655  1
243  3655 3656  1
244  3656 3431  1
245  3431 3657  1
246  3657 3658  1
247  3658 3659  1
248  3659 3660  1
249  3660 3661  1
250  3661 3662  1
251  3662 3663  1
252  3663 3664  1
253  3664 3665  1
254  3665 3666  1
255  3666 3667  1
256  3667 3668  1
257  3668 3432  1
258  3430 3669  1
259  3669 3670  1
260  3670 3671  1
261  3671 3672  1
262  3672 3673  1
263  3673 3674  1
264  3674 3675  1
265  3675 8  1
266  6 3676  1
267  3676 3677  1
268  3677 3678  1
269  3678 3679  1
270  3679 3680  1
271  3680 3681  1
272  3681 3682  1
273  3682 3683  1
274  3683 3684  1
275  3684 3685  1
276  3685 3686  1
277  3686 3687  1
278  3687 3688  1
279  3688 3689  1
280  3689 3432  1
281  3432 3690  1
282  3690 3691  1
283  3691 3692  1
284  3692 3693  1
285  3693 3694  1
286  3694 3695  1
287  3695 3696  1
288  3696 3697  1
289  3697 3698  1
290  3698 3699  1
291  3699 3700  1
292  3700 3701  1
293  3701 3433  1
294  3432 3702  1
295  3702 3703  1
296  3703 3704  1
297  3704 3705  1
298  3705 3706  1
299  3706 3707  1
300  3707 3708  1
301  3708 3709  1
302  3709 3710  1
303  3710 3711  1
304  3711 3712  1
305  3712 3713  1
306  3713 3714  1
307  3714 3715  1
308  3715 1  1
309  1 3716  1
310  3716 3717  1
311  3717 3718  1
312  3718 3719  1
313  3719 3720  1
314  3720 3721  1
315  3721 3722  1
316  3722 3433  1
317  3433 3723  1
318  3723 3724  1
319  3724 3725  1
320  3725 3726  1
321  3726 3727  1
322  3727 3728  1
323  3728 3729  1
324  3729 3730  1
325  3730 3731  1
326  3731 3732  1
327  3732 3733  1
328  3733 3734  1
329  3734 2827  1
330  3432 3735  1
331  3735 3736  1
332  3736 3737  1
333  3737 3738  1
334  3738 3739  1
335  3739 3740  1
336  3740 3741  1
337  3741 4  1
338  1 3742  1
339  3742 3743  1
340  3743 3744  1
341  3744 3745  1
342  3745 3746  1
343  3746 3747  1
344  3747 3748  1
345  3748 3749  1
346  3749 3750  1
347  3750 3751  1
348  3751 3752  1
349  3752 3753  1
350  3753 3754  1
351  3754 3755  1
352  3755 2827  1
353  3756 3764  1
354  3764 3765  1
355  3765 3766  1
356  3766 3767  1
357  3767 3768  1
358  3768 3769  1
359  3769 3770  1
360  3770 3771  1
361  3771 3772  1
362  3772 3773  1
363  3773 3774  1
364  3774 3775  1
365  3775 2231  1
366  17 3776  1
367  3776 3777  1
368  3777 3778  1
369  3778 3779  1
370  3779 3780  1
371  3780 3781  1
372  3781 3782  1
373  3782 3783  1
374  3783 3784  1
375  3784 3785  1
376  3785 3786  1
377  3786 3787  1
378  3787 3788  1
379  3788 3789  1
380  3789 2231  1
381  3757 3790  1
382  3790 3791  1
383  3791 3792  1
384  3792 3793  1
385  3793 3794  1
386  3794 3795  1
387  3795 3796  1
388  3796 3797  1
389  3797 3798  1
390  3798 3799  1
391  3799 3800  1
392  3800 3801  1
393  3801 3802  1
394  3802 3803  1
395  3803 17  1
396  3757 3804  1
397  3804 3805  1
398  3805 3806  1
399  3806 3807  1
400  3807 3808  1
401  3808 3809  1
402  3809 3810  1
403  3810 15  1
404  17 3811  1
405  3811 3812  1
406  3812 3813  1
407  3813 3814  1
408  3814 3815  1
409  3815 3816  1
410  3816 3817  1
411  3817 3756  1
412  13 3818  1
413  3818 3819  1
414  3819 3820  1
415  3820 3821  1
416  3821 3822  1
417  3822 3823  1
418  3823 3824  1
419  3824 3825  1
420  3825 3826  1
421  3826 3827  1
422  3827 3828  1
423  3828 3829  1
424  3829 3830  1
425  3830 3831  1
426  3831 3757  1
427  3758 3832  1
428  3832 3833  1
429  3833 3834  1
430  3834 3835  1
431  3835 3836  1
432  3836 3837  1
433  3837 3838  1
434  3838 3839  1
435  3839 3840  1
436  3840 3841  1
437  3841 3842  1
438  3842 3843  1
439  3843 3844  1
440  3844 3845  1
441  3845 13  1
442  3758 3846  1
443  3846 3847  1
444  3847 3848  1
445  3848 3849  1
446  3849 3850  1
447  3850 3851  1
448  3851 3852  1
449  3852 11  1
450  3757 3853  1
451  3853 3854  1
452  3854 3855  1
453  3855 3856  1
454  3856 3857  1
455  3857 3858  1
456  3858 3859  1
457  3859 3860  1
458  3860 3861  1
459  3861 3862  1
460  3862 3863  1
461  3863 3864  1
462  3864 3756  1
463  3759 3865  1
464  3865 3866  1
465  3866 3867  1
466  3867 3868  1
467  3868 3869  1
468  3869 3870  1
469  3870 3871  1
470  3871 3872  1
471  3872 3873  1
472  3873 3874  1
473  3874 3875  1
474  3875 3876  1
475  3876 3757  1
476  13 3877  1
477  3877 3878  1
478  3878 3879  1
479  3879 3880  1
480  3880 3881  1
481  3881 3882  1
482  3882 3883  1
483  3883 3759  1
484  9 3884  1
485  3884 3885  1
486  3885 3886  1
487  3886 3887  1
488  3887 3888  1
489  3888 3889  1
490  3889 3890  1
491  3890 3891  1
492  3891 3892  1
493  3892 3893  1
494  3893 3894  1
495  3894 3895  1
496  3895 3896  1
497  3896 3897  1
498  3897 3758  1
499  9 3898  1
500  3898 3899  1
501  3899 3900  1
502  3900 3901  1
503  3901 3902  1
504  3902 3903  1
505  3903 3904  1
506  3904 3905  1
507  3905 3906  1
508  3906 3907  1
509  3907 3908  1
510  3908 3909  1
511  3909 3910  1
512  3910 3911  1
513  3911 3760  1
514  1510 3912  1
515  3912 3913  1
516  3913 3914  1
517  3914 3915  1
518  3915 3916  1
519  3916 3917  1
520  3917 3918  1
521  3918 3919  1
522  3919 3920  1
523  3920 3921  1
524  3921 3922  1
525  3922 3923  1
526  3923 3760  1
527  1510 3924  1
528  3924 3925  1
529  3925 3926  1
530  3926 1513  1
531  1513 3927  1
532  3927 3928  1
533  3928 3929  1
534  3929 9  1
535  3758 3930  1
536  3930 3931  1
537  3931 3932  1
538  3932 3933  1
539  3933 3934  1
540  3934 3935  1
541  3935 3936  1
542  3936 3937  1
543  3937 3938  1
544  3938 3939  1
545  3939 3940  1
546  3940 3941  1
547  3941 3759  1
548  1510 3942  1
549  3942 3943  1
550  3943 3944  1
551  3944 3945  1
552  3945 3946  1
553  3946 3947  1
554  3947 3948  1
555  3948 3949  1
556  3949 3950  1
557  3950 3951  1
558  3951 3952  1
559  3952 3953  1
560  3953 3758  1
561  3760 3954  1
562  3954 3955  1
563  3955 3956  1
564  3956 3957  1
565  3957 3958  1
566  3958 3959  1
567  3959 3960  1
568  3960 3961  1
569  3961 3962  1
570  3962 3963  1
571  3963 3964  1
572  3964 3965  1
573  3965 3761  1
574  3760 3966  1
575  3966 3967  1
576  3967 3968  1
577  3968 3969  1
578  3969 3970  1
579  3970 3971  1
580  3971 3972  1
581  3972 3973  1
582  3973 3974  1
583  3974 3975  1
584  3975 3976  1
585  3976 3977  1
586  3977 3978  1
587  3978 3979  1
588  3979 5  1
589  5 3980  1
590  3980 3981  1
591  3981 3982  1
592  3982 3983  1
593  3983 3984  1
594  3984 3985  1
595  3985 3986  1
596  3986 3761  1
597  3761 3987  1
598  3987 3988  1
599  3988 3989  1
600  3989 3990  1
601  3990 3991  1
602  3991 3992  1
603  3992 3993  1
604  3993 3994  1
605  3994 3995  1
606  3995 3996  1
607  3996 3997  1
608  3997 3998  1
609  3998 3762  1
610  3760 3999  1
611  3999 4000  1
612  4000 4001  1
613  4001 4002  1
614  4002 4003  1
615  4003 4004  1
616  4004 4005  1
617  4005 7  1
618  5 4006  1
619  4006 4007  1
620  4007 4008  1
621  4008 4009  1
622  4009 4010  1
623  4010 4011  1
624  4011 4012  1
625  4012 4013  1
626  4013 4014  1
627  4014 4015  1
628  4015 4016  1
629  4016 4017  1
630  4017 4018  1
631  4018 4019  1
632  4019 3762  1
633  3762 4020  1
634  4020 4021  1
635  4021 4022  1
636  4022 4023  1
637  4023 4024  1
638  4024 4025  1
639  4025 4026  1
640  4026 4027  1
641  4027 4028  1
642  4028 4029  1
643  4029 4030  1
644  4030 4031  1
645  4031 3763  1
646  3762 4032  1
647  4032 4033  1
648  4033 4034  1
649  4034 4035  1
650  4035 4036  1
651  4036 4037  1
652  4037 4038  1
653  4038 4039  1
654  4039 4040  1
655  4040 4041  1
656  4041 4042  1
657  4042 4043  1
658  4043 4044  1
659  4044 4045  1
660  4045 2  1
661  2 4046  1
662  4046 4047  1
663  4047 4048  1
664  4048 4049  1
665  4049 4050  1
666  4050 4051  1
667  4051 4052  1
668  4052 3763  1
669  3763 4053  1
670  4053 4054  1
671  4054 4055  1
672  4055 4056  1
673  4056 4057  1
674  4057 4058  1
675  4058 4059  1
676  4059 4060  1
677  4060 4061  1
678  4061 4062  1
679  4062 4063  1
680  4063 4064  1
681  4064 2826  1
682  3762 4065  1
683  4065 4066  1
684  4066 4067  1
685  4067 4068  1
686  4068 4069  1
687  4069 4070  1
688  4070 4071  1
689  4071 3  1
690  2 4072  1
691  4072 4073  1
692  4073 4074  1
693  4074 4075  1
694  4075 4076  1
695  4076 4077  1
696  4077 4078  1
697  4078 4079  1
698  4079 4080  1
699  4080 4081  1
700  4081 4082  1
701  4082 4083  1
702  4083 4084  1
703  4084 4085  1
704  4085 2826  1
6  400  1
1  2.5e+10  2320  0.3  1
1  1 23 236 46  1
2  23 24 237 236  1
3  24 25 238 237  1
4  25 2 26 238  1
5  46 236 239 45  1
6  236 237 240 239  1
7  237 238 241 240  1
8  238 26 27 241  1
9  45 239 242 44  1
10  239 240 243 242  1
11  240 241 244 243  1
12  241 27 28 244  1
13  44 242 245 43  1
14  242 243 246 245  1
15  243 244 247 246  1
16  244 28 29 247  1
17  43 245 248 42  1
18  245 246 249 248  1
19  246 247 250 249  1
20  247 29 30 250  1
21  42 248 251 41  1
22  248 249 252 251  1
23  249 250 253 252  1
24  250 30 31 253  1
25  41 251 254 40  1
26  251 252 255 254  1
27  252 253 256 255  1
28  253 31 32 256  1
29  40 254 257 39  1
30  254 255 258 257  1
31  255 256 259 258  1
32  256 32 33 259  1
33  39 257 260 38  1
34  257 258 261 260  1
35  258 259 262 261  1
36  259 33 34 262  1
37  38 260 37 4  1
38  260 261 36 37  1
39  261 262 35 36  1
40  262 34 3 35  1
41  4 37 263 67  1
42  37 36 264 263  1
43  36 35 265 264  1
44  35 3 47 265  1
45  67 263 266 66  1
46  263 264 267 266  1
47  264 265 268 267  1
48  265 47 48 268  1
49  66 266 269 65  1
50  266 267 270 269  1
51  267 268 271 270  1
52  268 48 49 271  1
53  65 269 272 64  1
54  269 270 273 272  1
55  270 271 274 273  1
56  271 49 50 274  1
57  64 272 275 63  1
58  272 273 276 275  1
59  273 274 277 276  1
60  274 50 51 277  1
61  63 275 278 62  1
62  275 276 279 278  1
63  276 277 280 279  1
64  277 51 52 280  1
65  62 278 281 61  1
66  278 279 282 281  1
67  279 280 283 282  1
68  280 52 53 283  1
69  61 281 284 60  1
70  281 282 285 284  1
71  282 283 286 285  1
72  283 53 54 286  1
73  60 284 287 59  1
74  284 285 288 287  1
75  285 286 289 288  1
76  286 54 55 289  1
77  59 287 58 6  1
78  287 288 57 58  1
79  288 289 56 57  1
80  289 55 5 56  1
81  6 58 290 88  1
82  58 57 291 290  1
83  57 56 292 291  1
84  56 5 68 292  1
85  88 290 293 87  1
86  290 291 294 293  1
87  291 292 295 294  1
88  292 68 69 295  1
89  87 293 296 86  1
90  293 294 297 296  1
91  294 295 298 297  1
92  295 69 70 298  1
93  86 296 299 85  1
94  296 297 300 299  1
95  297 298 301 300  1
96  298 70 71 301  1
97  85 299 302 84  1
98  299 300 303 302  1
99  300 301 304 303  1
100  301 71 72 304  1
101  84 302 305 83  1
102  302 303 306 305  1
103  303 304 307 306  1
104  304 72 73 307  1
105  83 305 308 82  1
106  305 306 309 308  1
107  306 307 310 309  1
108  307 73 74 310  1
109  82 308 311 81  1
110  308 309 312 311  1
111  309 310 313 312  1
112  310 74 75 313  1
113  81 311 314 80  1
114  311 312 315 314  1
115  312 313 316 315  1
116  313 75 76 316  1
117  80 314 79 8  1
118  314 315 78 79  1
119  315 316 77 78  1
120  316 76 7 77  1
121  8 79 317 109  1
122  79 78 318 317  1
123  78 77 319 318  1
124  77 7 89 319  1
125  109 317 320 108  1
126  317 318 321 320  1
127  318 319 322 321  1
128  319 89 90 322  1
129  108 320 323 107  1
130  320 321 324 323  1
131  321 322 325 324  1
132  322 90 91 325  1
133  107 323 326 106  1
134  323 324 327 326  1
135  324 325 328 327  1
136  325 91 92 328  1
137  106 326 329 105  1
138  326 327 330 329  1
139  327 328 331 330  1
140  328 92 93 331  1
141  105 329 332 104  1
142  329 330 333 332  1
143  330 331 334 333  1
144  331 93 94 334  1
145  104 332 335 103  1
146  332 333 336 335  1
147  333 334 337 336  1
148  334 94 95 337  1
149  103 335 338 102  1
150  335 336 339 338  1
151  336 337 340 339  1
152  337 95 96 340  1
153  102 338 341 101  1
154  338 339 342 341  1
155  339 340 343 342  1
156  340 96 97 343  1
157  101 341 100 10  1
158  341 342 99 100  1
159  342 343 98 99  1
160  343 97 9 98  1
161  10 100 344 130  1
162  100 99 345 344  1
163  99 98 346 345  1
164  98 9 110 346  1
165  130 344 347 129  1
166  344 345 348 347  1
167  345 346 349 348  1
168  346 110 111 349  1
169  129 347 350 128  1
170  347 348 351 350  1
171  348 349 352 351  1
172  349 111 112 352  1
173  128 350 353 127  1
174  350 351 354 353  1
175  351 352 355 354  1
176  352 112 113 355  1
177  127 353 356 126  1
178  353 354 357 356  1
179  354 355 358 357  1
180  355 113 114 358  1
181  126 356 359 125  1
182  356 357 360 359  1
183  357 358 361 360  1
184  358 114 115 361  1
185  125 359 362 124  1
186  359 360 363 362  1
187  360 361 364 363  1
188  361 115 116 364  1
189  124 362 365 123  1
190  362 363 366 365  1
191  363 364 367 366  1
192  364 116 117 367  1
193  123 365 368 122  1
194  365 366 369 368  1
195  366 367 370 369  1
196  367 117 118 370  1
197  122 368 121 12  1
198  368 369 120 121  1
199  369 370 119 120  1
200  370 118 11 119  1
201  12 121 371 151  1
202  121 120 372 371  1
203  120 119 373 372  1
204  119 11 131 373  1
205  151 371 374 150  1
206  371 372 375 374  1
207  372 373 376 375  1
208  373 131 132 376  1
209  150 374 377 149  1
210  374 375 378 377  1
211  375 376 379 378  1
212  376 132 133 379  1
213  149 377 380 148  1
214  377 378 381 380  1
215  378 379 382 381  1
216  379 133 134 382  1
217  148 380 383 147  1
218  380 381 384 383  1
219  381 382 385 384  1
220  382 134 135 385  1
221  147 383 386 146  1
222  383 384 387 386  1
223  384 385 388 387  1
224  385 135 136 388  1
225  146 386 389 145  1
226  386 387 390 389  1
227  387 388 391 390  1
228  388 136 137 391  1
229  145 389 392 144  1
230  389 390 393 392  1
231  390 391 394 393  1
232  391 137 138 394  1
233  144 392 395 143  1
234  392 393 396 395  1
235  393 394 397 396  1
236  394 138 139 397  1
237  143 395 142 14  1
238  395 396 141 142  1
239  396 397 140 141  1
240  397 139 13 140  1
241  14 142 398 172  1
242  142 141 399 398  1
243  141 140 400 399  1
244  140 13 152 400  1
245  172 398 401 171  1
246  398 399 402 401  1
247  399 400 403 402  1
248  400 152 153 403  1
249  171 401 404 170  1
250  401 402 405 404  1
251  402 403 406 405  1
252  403 153 154 406  1
253  170 404 407 169  1
254  404 405 408 407  1
255  405 406 409 408  1
256  406 154 155 409  1
257  169 407 410 168  1
258  407 408 411 410  1
259  408 409 412 411  1
260  409 155 156 412  1
261  168 410 413 167  1
262  410 411 414 413  1
263  411 412 415 414  1
264  412 156 157 415  1
265  167 413 416 166  1
266  413 414 417 416  1
267  414 415 418 417  1
268  415 157 158 418  1
269  166 416 419 165  1
270  416 417 420 419  1
271  417 418 421 420  1
272  418 158 159 421  1
273  165 419 422 164  1
274  419 420 423 422  1
275  420 421 424 423  1
276  421 159 160 424  1
277  164 422 163 16  1
278  422 423 162 163  1
279  423 424 161 162  1
280  424 160 15 161  1
281  16 163 425 193  1
282  163 162 426 425  1
283  162 161 427 426  1
284  161 15 173 427  1
285  193 425 428 192  1
286  425 426 429 428  1
287  426 427 430 429  1
288  427 173 174 430  1
289  192 428 431 191  1
290  428 429 432 431  1
291  429 430 433 432  1
292  430 174 175 433  1
293  191 431 434 190  1
294  431 432 435 434  1
295  432 433 436 435  1
296  433 175 176 436  1
297  190 434 437 189  1
298  434 435 438 437  1
299  435 436 439 438  1
300  436 176 177 439  1
301  189 437 440 188  1
302  437 438 441 440  1
303  438 439 442 441  1
304  439 177 178 442  1
305  188 440 443 187  1
306  440 441 444 443  1
307  441 442 445 444  1
308  442 178 179 445  1
309  187 443 446 186  1
310  443 444 447 446  1
311  444 445 448 447  1
312  445 179 180 448  1
313  186 446 449 185  1
314  446 447 450 449  1
315  447 448 451 450  1
316  448 180 181 451  1
317  185 449 184 18  1
318  449 450 183 184  1
319  450 451 182 183  1
320  451 181 17 182  1
321  18 184 452 214  1
322  184 183 453 452  1
323  183 182 454 453  1
324  182 17 194 454  1
325  214 452 455 213  1
326  452 453 456 455  1
327  453 454 457 456  1
328  454 194 195 457  1
329  213 455 458 212  1
330  455 456 459 458  1
331  456 457 460 459  1
332  457 195 196 460  1
333  212 458 461 211  1
334  458 459 462 461  1
335  459 460 463 462  1
336  460 196 197 463  1
337  211 461 464 210  1
338  461 462 465 464  1
339  462 463 466 465  1
340  463 197 198 466  1
341  210 464 467 209  1
342  464 465 468 467  1
343  465 466 469 468  1
344  466 198 199 469  1
345  209 467 470 208  1
346  467 468 471 470  1
347  468 469 472 471  1
348  469 199 200 472  1
349  208 470 473 207  1
350  470 471 474 473  1
351  471 472 475 474  1
352  472 200 201 475  1
353  207 473 476 206  1
354  473 474 477 476  1
355  474 475 478 477  1
356  475 201 202 478  1
357  206 476 205 20  1
358  476 477 204 205  1
359  477 478 203 204  1
360  478 202 19 203  1
361  2 25 479 235  1
362  25 24 480 479  1
363  24 23 481 480  1
364  23 1 215 481  1
365  235 479 482 234  1
366  479 480 483 482  1
367  480 481 484 483  1
368  481 215 216 484  1
369  234 482 485 233  1
370  482 483 486 485  1
371  483 484 487 486  1
372  484 216 217 487  1
373  233 485 488 232  1
374  485 486 489 488  1
375  486 487 490 489  1
376  487 217 218 490  1
377  232 488 491 231  1
378  488 489 492 491  1
379  489 490 493 492  1
380  490 218 219 493  1
381  231 491 494 230  1
382  491 492 495 494  1
383  492 493 496 495  1
384  493 219 220 496  1
385  230 494 497 229  1
386  494 495 498 497  1
387  495 496 499 498  1
388  496 220 221 499  1
389  229 497 500 228  1
390  497 498 501 500  1
391  498 499 502 501  1
392  499 221 222 502  1
393  228 500 503 227  1
394  500 501 504 503  1
395  501 502 505 504  1
396  502 222 223 505  1
397  227 503 226 22  1
398  503 504 225 226  1
399  504 505 224 225  1
400  505 223 21 224  1
4  1760  2
1  2.5e+10  0.3  2320
2  6e+10  0.27  2770
1  606 933 1210 777 506 518 773 523  1
2  933 646 855 1210 518 507 519 773  1
3  777 1210 1211 778 523 773 774 522  1
4  1210 855 856 1211 773 519 520 774  1
5  778 1211 972 530 522 774 521 509  1
6  1211 856 645 972 774 520 508 521  1
7  605 934 1212 779 606 933 1210 777  1
8  934 647 857 1212 933 646 855 1210  1
9  779 1212 1213 780 777 1210 1211 778  1
10  1212 857 858 1213 1210 855 856 1211  1
11  780 1213 973 531 778 1211 972 530  1
12  1213 858 644 973 1211 856 645 972  1
13  604 935 1214 781 605 934 1212 779  1
14  935 648 859 1214 934 647 857 1212  1
15  781 1214 1215 782 779 1212 1213 780  1
16  1214 859 860 1215 1212 857 858 1213  1
17  782 1215 974 532 780 1213 973 531  1
18  1215 860 643 974 1213 858 644 973  1
19  603 936 1216 783 604 935 1214 781  1
20  936 649 861 1216 935 648 859 1214  1
21  783 1216 1217 784 781 1214 1215 782  1
22  1216 861 862 1217 1214 859 860 1215  1
23  784 1217 975 533 782 1215 974 532  1
24  1217 862 642 975 1215 860 643 974  1
25  602 937 1218 785 603 936 1216 783  1
26  937 650 863 1218 936 649 861 1216  1
27  785 1218 1219 786 783 1216 1217 784  1
28  1218 863 864 1219 1216 861 862 1217  1
29  786 1219 976 534 784 1217 975 533  1
30  1219 864 641 976 1217 862 642 975  1
31  601 938 1220 787 602 937 1218 785  1
32  938 651 865 1220 937 650 863 1218  1
33  787 1220 1221 788 785 1218 1219 786  1
34  1220 865 866 1221 1218 863 864 1219  1
35  788 1221 977 535 786 1219 976 534  1
36  1221 866 640 977 1219 864 641 976  1
37  600 939 1222 789 601 938 1220 787  1
38  939 652 867 1222 938 651 865 1220  1
39  789 1222 1223 790 787 1220 1221 788  1
40  1222 867 868 1223 1220 865 866 1221  1
41  790 1223 978 536 788 1221 977 535  1
42  1223 868 639 978 1221 866 640 977  1
43  599 940 1224 791 600 939 1222 789  1
44  940 653 869 1224 939 652 867 1222  1
45  791 1224 1225 792 789 1222 1223 790  1
46  1224 869 870 1225 1222 867 868 1223  1
47  792 1225 979 537 790 1223 978 536  1
48  1225 870 638 979 1223 868 639 978  1
49  598 941 1226 793 599 940 1224 791  1
50  941 654 871 1226 940 653 869 1224  1
51  793 1226 1227 794 791 1224 1225 792  1
52  1226 871 872 1227 1224 869 870 1225  1
53  794 1227 980 538 792 1225 979 537  1
54  1227 872 637 980 1225 870 638 979  1
55  10 942 1228 795 598 941 1226 793  1
56  942 655 873 1228 941 654 871 1226  1
57  795 1228 1229 796 793 1226 1227 794  1
58  1228 873 874 1229 1226 871 872 1227  1
59  796 1229 981 539 794 1227 980 538  1
60  1229 874 636 981 1227 872 637 980  1
61  597 943 1230 797 10 942 1228 795  1
62  943 656 875 1230 942 655 873 1228  1
63  797 1230 1231 798 795 1228 1229 796  1
64  1230 875 876 1231 1228 873 874 1229  1
65  798 1231 982 540 796 1229 981 539  1
66  1231 876 635 982 1229 874 636 981  1
67  596 944 1232 799 597 943 1230 797  1
68  944 657 877 1232 943 656 875 1230  1
69  799 1232 1233 800 797 1230 1231 798  1
70  1232 877 878 1233 1230 875 876 1231  1
71  800 1233 983 541 798 1231 982 540  1
72  1233 878 634 983 1231 876 635 982  1
73  595 945 1234 801 596 944 1232 799  1
74  945 658 879 1234 944 657 877 1232  1
75  801 1234 1235 802 799 1232 1233 800  1
76  1234 879 880 1235 1232 877 878 1233  1
77  802 1235 984 542 800 1233 983 541  1
78  1235 880 633 984 1233 878 634 983  1
79  594 946 1236 803 595 945 1234 801  1
80  946 659 881 1236 945 658 879 1234  1
81  803 1236 1237 804 801 1234 1235 802  1
82  1236 881 882 1237 1234 879 880 1235  1
83  804 1237 985 543 802 1235 984 542  1
84  1237 882 632 985 1235 880 633 984  1
85  593 947 1238 805 594 946 1236 803  1
86  947 660 883 1238 946 659 881 1236  1
87  805 1238 1239 806 803 1236 1237 804  1
88  1238 883 884 1239 1236 881 882 1237  1
89  806 1239 986 544 804 1237 985 543  1
90  1239 884 631 986 1237 882 632 985  1
91  592 948 1240 807 593 947 1238 805  1
92  948 661 885 1240 947 660 883 1238  1
93  807 1240 1241 808 805 1238 1239 806  1
94  1240 885 886 1241 1238 883 884 1239  1
95  808 1241 987 545 806 1239 986 544  1
96  1241 886 630 987 1239 884 631 986  1
97  591 949 1242 809 592 948 1240 807  1
98  949 662 887 1242 948 661 885 1240  1
99  809 1242 1243 810 807 1240 1241 808  1
100  1242 887 888 1243 1240 885 886 1241  1
101  810 1243 988 546 808 1241 987 545  1
102  1243 888 629 988 1241 886 630 987  1
103  590 950 1244 811 591 949 1242 809  1
104  950 663 889 1244 949 662 887 1242  1
105  811 1244 1245 812 809 1242 1243 810  1
106  1244 889 890 1245 1242 887 888 1243  1
107  812 1245 989 547 810 1243 988 546  1
108  1245 890 628 989 1243 888 629 988  1
109  589 951 1246 813 590 950 1244 811  1
110  951 664 891 1246 950 663 889 1244  1
111  813 1246 1247 814 811 1244 1245 812  1
112  1246 891 892 1247 1244 889 890 1245  1
113  814 1247 990 548 812 1245 989 547  1
114  1247 892 627 990 1245 890 628 989  1
115  588 952 1248 815 589 951 1246 813  1
116  952 665 893 1248 951 664 891 1246  1
117  815 1248 1249 816 813 1246 1247 814  1
118  1248 893 894 1249 1246 891 892 1247  1
119  816 1249 991 549 814 1247 990 548  1
120  1249 894 626 991 1247 892 627 990  1
121  587 953 1250 817 588 952 1248 815  1
122  953 666 895 1250 952 665 893 1248  1
123  817 1250 1251 818 815 1248 1249 816  1
124  1250 895 896 1251 1248 893 894 1249  1
125  818 1251 992 550 816 1249 991 549  1
126  1251 896 625 992 1249 894 626 991  1
127  586 954 1252 819 587 953 1250 817  1
128  954 667 897 1252 953 666 895 1250  1
129  819 1252 1253 820 817 1250 1251 818  1
130  1252 897 898 1253 1250 895 896 1251  1
131  820 1253 993 551 818 1251 992 550  1
132  1253 898 624 993 1251 896 625 992  1
133  585 955 1254 821 586 954 1252 819  1
134  955 668 899 1254 954 667 897 1252  1
135  821 1254 1255 822 819 1252 1253 820  1
136  1254 899 900 1255 1252 897 898 1253  1
137  822 1255 994 552 820 1253 993 551  1
138  1255 900 623 994 1253 898 624 993  1
139  584 956 1256 823 585 955 1254 821  1
140  956 669 901 1256 955 668 899 1254  1
141  823 1256 1257 824 821 1254 1255 822  1
142  1256 901 902 1257 1254 899 900 1255  1
143  824 1257 995 553 822 1255 994 552  1
144  1257 902 622 995 1255 900 623 994  1
145  583 957 1258 825 584 956 1256 823  1
146  957 670 903 1258 956 669 901 1256  1
147  825 1258 1259 826 823 1256 1257 824  1
148  1258 903 904 1259 1256 901 902 1257  1
149  826 1259 996 554 824 1257 995 553  1
150  1259 904 621 996 1257 902 622 995  1
151  582 958 1260 827 583 957 1258 825  1
152  958 671 905 1260 957 670 903 1258  1
153  827 1260 1261 828 825 1258 1259 826  1
154  1260 905 906 1261 1258 903 904 1259  1
155  828 1261 997 555 826 1259 996 554  1
156  1261 906 620 997 1259 904 621 996  1
157  581 959 1262 829 582 958 1260 827  1
158  959 672 907 1262 958 671 905 1260  1
159  829 1262 1263 830 827 1260 1261 828  1
160  1262 907 908 1263 1260 905 906 1261  1
161  830 1263 998 556 828 1261 997 555  1
162  1263 908 619 998 1261 906 620 997  1
163  580 960 1264 831 581 959 1262 829  1
164  960 673 909 1264 959 672 907 1262  1
165  831 1264 1265 832 829 1262 1263 830  1
166  1264 909 910 1265 1262 907 908 1263  1
167  832 1265 999 557 830 1263 998 556  1
168  1265 910 618 999 1263 908 619 998  1
169  579 961 1266 833 580 960 1264 831  1
170  961 674 911 1266 960 673 909 1264  1
171  833 1266 1267 834 831 1264 1265 832  1
172  1266 911 912 1267 1264 909 910 1265  1
173  834 1267 1000 558 832 1265 999 557  1
174  1267 912 617 1000 1265 910 618 999  1
175  578 962 1268 835 579 961 1266 833  1
176  962 675 913 1268 961 674 911 1266  1
177  835 1268 1269 836 833 1266 1267 834  1
178  1268 913 914 1269 1266 911 912 1267  1
179  836 1269 1001 559 834 1267 1000 558  1
180  1269 914 616 1001 1267 912 617 1000  1
181  577 963 1270 837 578 962 1268 835  1
182  963 676 915 1270 962 675 913 1268  1
183  837 1270 1271 838 835 1268 1269 836  1
184  1270 915 916 1271 1268 913 914 1269  1
185  838 1271 1002 560 836 1269 1001 559  1
186  1271 916 615 1002 1269 914 616 1001  1
187  576 964 1272 839 577 963 1270 837  1
188  964 677 917 1272 963 676 915 1270  1
189  839 1272 1273 840 837 1270 1271 838  1
190  1272 917 918 1273 1270 915 916 1271  1
191  840 1273 1003 561 838 1271 1002 560  1
192  1273 918 614 1003 1271 916 615 1002  1
193  575 965 1274 841 576 964 1272 839  1
194  965 678 919 1274 964 677 917 1272  1
195  841 1274 1275 842 839 1272 1273 840  1
196  1274 919 920 1275 1272 917 918 1273  1
197  842 1275 1004 562 840 1273 1003 561  1
198  1275 920 613 1004 1273 918 614 1003  1
199  574 966 1276 843 575 965 1274 841  1
200  966 679 921 1276 965 678 919 1274  1
201  843 1276 1277 844 841 1274 1275 842  1
202  1276 921 922 1277 1274 919 920 1275  1
203  844 1277 1005 563 842 1275 1004 562  1
204  1277 922 612 1005 1275 920 613 1004  1
205  573 967 1278 845 574 966 1276 843  1
206  967 680 923 1278 966 679 921 1276  1
207  845 1278 1279 846 843 1276 1277 844  1
208  1278 923 924 1279 1276 921 922 1277  1
209  846 1279 1006 564 844 1277 1005 563  1
210  1279 924 611 1006 1277 922 612 1005  1
211  572 968 1280 847 573 967 1278 845  1
212  968 681 925 1280 967 680 923 1278  1
213  847 1280 1281 848 845 1278 1279 846  1
214  1280 925 926 1281 1278 923 924 1279  1
215  848 1281 1007 565 846 1279 1006 564  1
216  1281 926 610 1007 1279 924 611 1006  1
217  571 969 1282 849 572 968 1280 847  1
218  969 682 927 1282 968 681 925 1280  1
219  849 1282 1283 850 847 1280 1281 848  1
220  1282 927 928 1283 1280 925 926 1281  1
221  850 1283 1008 566 848 1281 1007 565  1
222  1283 928 609 1008 1281 926 610 1007  1
223  570 970 1284 851 571 969 1282 849  1
224  970 683 929 1284 969 682 927 1282  1
225  851 1284 1285 852 849 1282 1283 850  1
226  1284 929 930 1285 1282 927 928 1283  1
227  852 1285 1009 567 850 1283 1008 566  1
228  1285 930 608 1009 1283 928 609 1008  1
229  569 971 1286 853 570 970 1284 851  1
230  971 684 931 1286 970 683 929 1284  1
231  853 1286 1287 854 851 1284 1285 852  1
232  1286 931 932 1287 1284 929 930 1285  1
233  854 1287 1010 568 852 1285 1009 567  1
234  1287 932 607 1010 1285 930 608 1009  1
235  513 524 775 528 569 971 1286 853  1
236  524 510 526 775 971 684 931 1286  1
237  528 775 776 529 853 1286 1287 854  1
238  775 526 525 776 1286 931 932 1287  1
239  529 776 527 512 854 1287 1010 568  1
240  776 525 511 527 1287 932 607 1010  1
241  646 933 1288 1015 507 518 1011 689  1
242  933 606 1093 1288 518 506 685 1011  1
243  1015 1288 1289 1016 689 1011 1012 688  1
244  1288 1093 1094 1289 1011 685 686 1012  1
245  1016 1289 1171 695 688 1012 687 515  1
246  1289 1094 772 1171 1012 686 514 687  1
247  647 934 1290 1017 646 933 1288 1015  1
248  934 605 1095 1290 933 606 1093 1288  1
249  1017 1290 1291 1018 1015 1288 1289 1016  1
250  1290 1095 1096 1291 1288 1093 1094 1289  1
251  1018 1291 1172 696 1016 1289 1171 695  1
252  1291 1096 771 1172 1289 1094 772 1171  1
253  648 935 1292 1019 647 934 1290 1017  1
254  935 604 1097 1292 934 605 1095 1290  1
255  1019 1292 1293 1020 1017 1290 1291 1018  1
256  1292 1097 1098 1293 1290 1095 1096 1291  1
257  1020 1293 1173 697 1018 1291 1172 696  1
258  1293 1098 770 1173 1291 1096 771 1172  1
259  649 936 1294 1021 648 935 1292 1019  1
260  936 603 1099 1294 935 604 1097 1292  1
261  1021 1294 1295 1022 1019 1292 1293 1020  1
262  1294 1099 1100 1295 1292 1097 1098 1293  1
263  1022 1295 1174 698 1020 1293 1173 697  1
264  1295 1100 769 1174 1293 1098 770 1173  1
265  650 937 1296 1023 649 936 1294 1021  1
266  937 602 1101 1296 936 603 1099 1294  1
267  1023 1296 1297 1024 1021 1294 1295 1022  1
268  1296 1101 1102 1297 1294 1099 1100 1295  1
269  1024 1297 1175 699 1022 1295 1174 698  1
270  1297 1102 768 1175 1295 1100 769 1174  1
271  651 938 1298 1025 650 937 1296 1023  1
272  938 601 1103 1298 937 602 1101 1296  1
273  1025 1298 1299 1026 1023 1296 1297 1024  1
274  1298 1103 1104 1299 1296 1101 1102 1297  1
275  1026 1299 1176 700 1024 1297 1175 699  1
276  1299 1104 767 1176 1297 1102 768 1175  1
277  652 939 1300 1027 651 938 1298 1025  1
278  939 600 1105 1300 938 601 1103 1298  1
279  1027 1300 1301 1028 1025 1298 1299 1026  1
280  1300 1105 1106 1301 1298 1103 1104 1299  1
281  1028 1301 1177 701 1026 1299 1176 700  1
282  1301 1106 766 1177 1299 1104 767 1176  1
283  653 940 1302 1029 652 939 1300 1027  1
284  940 599 1107 1302 939 600 1105 1300  1
285  1029 1302 1303 1030 1027 1300 1301 1028  1
286  1302 1107 1108 1303 1300 1105 1106 1301  1
287  1030 1303 1178 702 1028 1301 1177 701  1
288  1303 1108 765 1178 1301 1106 766 1177  1
289  654 941 1304 1031 653 940 1302 1029  1
290  941 598 1109 1304 940 599 1107 1302  1
291  1031 1304 1305 1032 1029 1302 1303 1030  1
292  1304 1109 1110 1305 1302 1107 1108 1303  1
293  1032 1305 1179 703 1030 1303 1178 702  1
294  1305 1110 764 1179 1303 1108 765 1178  1
295  655 942 1306 1033 654 941 1304 1031  1
296  942 10 1111 1306 941 598 1109 1304  1
297  1033 1306 1307 1034 1031 1304 1305 1032  1
298  1306 1111 1112 1307 1304 1109 1110 1305  1
299  1034 1307 1180 704 1032 1305 1179 703  1
300  1307 1112 763 1180 1305 1110 764 1179  1
301  656 943 1308 1035 655 942 1306 1033  1
302  943 597 1113 1308 942 10 1111 1306  1
303  1035 1308 1309 1036 1033 1306 1307 1034  1
304  1308 1113 1114 1309 1306 1111 1112 1307  1
305  1036 1309 1181 705 1034 1307 1180 704  1
306  1309 1114 762 1181 1307 1112 763 1180  1
307  657 944 1310 1037 656 943 1308 1035  1
308  944 596 1115 1310 943 597 1113 1308  1
309  1037 1310 1311 1038 1035 1308 1309 1036  1
310  1310 1115 1116 1311 1308 1113 1114 1309  1
311  1038 1311 1182 706 1036 1309 1181 705  1
312  1311 1116 761 1182 1309 1114 762 1181  1
313  658 945 1312 1039 657 944 1310 1037  1
314  945 595 1117 1312 944 596 1115 1310  1
315  1039 1312 1313 1040 1037 1310 1311 1038  1
316  1312 1117 1118 1313 1310 1115 1116 1311  1
317  1040 1313 1183 707 1038 1311 1182 706  1
318  1313 1118 760 1183 1311 1116 761 1182  1
319  659 946 1314 1041 658 945 1312 1039  1
320  946 594 1119 1314 945 595 1117 1312  1
321  1041 1314 1315 1042 1039 1312 1313 1040  1
322  1314 1119 1120 1315 1312 1117 1118 1313  1
323  1042 1315 1184 708 1040 1313 1183 707  1
324  1315 1120 759 1184 1313 1118 760 1183  1
325  660 947 1316 1043 659 946 1314 1041  1
326  947 593 1121 1316 946 594 1119 1314  1
327  1043 1316 1317 1044 1041 1314 1315 1042  1
328  1316 1121 1122 1317 1314 1119 1120 1315  1
329  1044 1317 1185 709 1042 1315 1184 708  1
330  1317 1122 758 1185 1315 1120 759 1184  1
331  661 948 1318 1045 660 947 1316 1043  1
332  948 592 1123 1318 947 593 1121 1316  1
333  1045 1318 1319 1046 1043 1316 1317 1044  1
334  1318 1123 1124 1319 1316 1121 1122 1317  1
335  1046 1319 1186 710 1044 1317 1185 709  1
336  1319 1124 757 1186 1317 1122 758 1185  1
337  662 949 1320 1047 661 948 1318 1045  1
338  949 591 1125 1320 948 592 1123 1318  1
339  1047 1320 1321 1048 1045 1318 1319 1046  1
340  1320 1125 1126 1321 1318 1123 1124 1319  1
341  1048 1321 1187 711 1046 1319 1186 710  1
342  1321 1126 756 1187 1319 1124 757 1186  1
343  663 950 1322 1049 662 949 1320 1047  1
344  950 590 1127 1322 949 591 1125 1320  1
345  1049 1322 1323 1050 1047 1320 1321 1048  1
346  1322 1127 1128 1323 1320 1125 1126 1321  1
347  1050 1323 1188 712 1048 1321 1187 711  1
348  1323 1128 755 1188 1321 1126 756 1187  1
349  664 951 1324 1051 663 950 1322 1049  1
350  951 589 1129 1324 950 590 1127 1322  1
351  1051 1324 1325 1052 1049 1322 1323 1050  1
352  1324 1129 1130 1325 1322 1127 1128 1323  1
353  1052 1325 1189 713 1050 1323 1188 712  1
354  1325 1130 754 1189 1323 1128 755 1188  1
355  665 952 1326 1053 664 951 1324 1051  1
356  952 588 1131 1326 951 589 1129 1324  1
357  1053 1326 1327 1054 1051 1324 1325 1052  1
358  1326 1131 1132 1327 1324 1129 1130 1325  1
359  1054 1327 1190 714 1052 1325 1189 713  1
360  1327 1132 753 1190 1325 1130 754 1189  1
361  666 953 1328 1055 665 952 1326 1053  1
362  953 587 1133 1328 952 588 1131 1326  1
363  1055 1328 1329 1056 1053 1326 1327 1054  1
364  1328 1133 1134 1329 1326 1131 1132 1327  1
365  1056 1329 1191 715 1054 1327 1190 714  1
366  1329 1134 752 1191 1327 1132 753 1190  1
367  667 954 1330 1057 666 953 1328 1055  1
368  954 586 1135 1330 953 587 1133 1328  1
369  1057 1330 1331 1058 1055 1328 1329 1056  1
370  1330 1135 1136 1331 1328 1133 1134 1329  1
371  1058 1331 1192 716 1056 1329 1191 715  1
372  1331 1136 751 1192 1329 1134 752 1191  1
373  668 955 1332 1059 667 954 1330 1057  1
374  955 585 1137 1332 954 586 1135 1330  1
375  1059 1332 1333 1060 1057 1330 1331 1058  1
376  1332 1137 1138 1333 1330 1135 1136 1331  1
377  1060 1333 1193 717 1058 1331 1192 716  1
378  1333 1138 750 1193 1331 1136 751 1192  1
379  669 956 1334 1061 668 955 1332 1059  1
380  956 584 1139 1334 955 585 1137 1332  1
381  1061 1334 1335 1062 1059 1332 1333 1060  1
382  1334 1139 1140 1335 1332 1137 1138 1333  1
383  1062 1335 1194 718 1060 1333 1193 717  1
384  1335 1140 749 1194 1333 1138 750 1193  1
385  670 957 1336 1063 669 956 1334 1061  1
386  957 583 1141 1336 956 584 1139 1334  1
387  1063 1336 1337 1064 1061 1334 1335 1062  1
388  1336 1141 1142 1337 1334 1139 1140 1335  1
389  1064 1337 1195 719 1062 1335 1194 718  1
390  1337 1142 748 1195 1335 1140 749 1194  1
391  671 958 1338 1065 670 957 1336 1063  1
392  958 582 1143 1338 957 583 1141 1336  1
393  1065 1338 1339 1066 1063 1336 1337 1064  1
394  1338 1143 1144 1339 1336 1141 1142 1337  1
395  1066 1339 1196 720 1064 1337 1195 719  1
396  1339 1144 747 1196 1337 1142 748 1195  1
397  672 959 1340 1067 671 958 1338 1065  1
398  959 581 1145 1340 958 582 1143 1338  1
399  1067 1340 1341 1068 1065 1338 1339 1066  1
400  1340 1145 1146 1341 1338 1143 1144 1339  1
401  1068 1341 1197 721 1066 1339 1196 720  1
402  1341 1146 746 1197 1339 1144 747 1196  1
403  673 960 1342 1069 672 959 1340 1067  1
404  960 580 1147 1342 959 581 1145 1340  1
405  1069 1342 1343 1070 1067 1340 1341 1068  1
406  1342 1147 1148 1343 1340 1145 1146 1341  1
407  1070 1343 1198 722 1068 1341 1197 721  1
408  1343 1148 745 1198 1341 1146 746 1197  1
409  674 961 1344 1071 673 960 1342 1069  1
410  961 579 1149 1344 960 580 1147 1342  1
411  1071 1344 1345 1072 1069 1342 1343 1070  1
412  1344 1149 1150 1345 1342 1147 1148 1343  1
413  1072 1345 1199 723 1070 1343 1198 722  1
414  1345 1150 744 1199 1343 1148 745 1198  1
415  675 962 1346 1073 674 961 1344 1071  1
416  962 578 1151 1346 961 579 1149 1344  1
417  1073 1346 1347 1074 1071 1344 1345 1072  1
418  1346 1151 1152 1347 1344 1149 1150 1345  1
419  1074 1347 1200 724 1072 1345 1199 723  1
420  1347 1152 743 1200 1345 1150 744 1199  1
421  676 963 1348 1075 675 962 1346 1073  1
422  963 577 1153 1348 962 578 1151 1346  1
423  1075 1348 1349 1076 1073 1346 1347 1074  1
424  1348 1153 1154 1349 1346 1151 1152 1347  1
425  1076 1349 1201 725 1074 1347 1200 724  1
426  1349 1154 742 1201 1347 1152 743 1200  1
427  677 964 1350 1077 676 963 1348 1075  1
428  964 576 1155 1350 963 577 1153 1348  1
429  1077 1350 1351 1078 1075 1348 1349 1076  1
430  1350 1155 1156 1351 1348 1153 1154 1349  1
431  1078 1351 1202 726 1076 1349 1201 725  1
432  1351 1156 741 1202 1349 1154 742 1201  1
433  678 965 1352 1079 677 964 1350 1077  1
434  965 575 1157 1352 964 576 1155 1350  1
435  1079 1352 1353 1080 1077 1350 1351 1078  1
436  1352 1157 1158 1353 1350 1155 1156 1351  1
437  1080 1353 1203 727 1078 1351 1202 726  1
438  1353 1158 740 1203 1351 1156 741 1202  1
439  679 966 1354 1081 678 965 1352 1079  1
440  966 574 1159 1354 965 575 1157 1352  1
441  1081 1354 1355 1082 1079 1352 1353 1080  1
442  1354 1159 1160 1355 1352 1157 1158 1353  1
443  1082 1355 1204 728 1080 1353 1203 727  1
444  1355 1160 739 1204 1353 1158 740 1203  1
445  680 967 1356 1083 679 966 1354 1081  1
446  967 573 1161 1356 966 574 1159 1354  1
447  1083 1356 1357 1084 1081 1354 1355 1082  1
448  1356 1161 1162 1357 1354 1159 1160 1355  1
449  1084 1357 1205 729 1082 1355 1204 728  1
450  1357 1162 738 1205 1355 1160 739 1204  1
451  681 968 1358 1085 680 967 1356 1083  1
452  968 572 1163 1358 967 573 1161 1356  1
453  1085 1358 1359 1086 1083 1356 1357 1084  1
454  1358 1163 1164 1359 1356 1161 1162 1357  1
455  1086 1359 1206 730 1084 1357 1205 729  1
456  1359 1164 737 1206 1357 1162 738 1205  1
457  682 969 1360 1087 681 968 1358 1085  1
458  969 571 1165 1360 968 572 1163 1358  1
459  1087 1360 1361 1088 1085 1358 1359 1086  1
460  1360 1165 1166 1361 1358 1163 1164 1359  1
461  1088 1361 1207 731 1086 1359 1206 730  1
462  1361 1166 736 1207 1359 1164 737 1206  1
463  683 970 1362 1089 682 969 1360 1087  1
464  970 570 1167 1362 969 571 1165 1360  1
465  1089 1362 1363 1090 1087 1360 1361 1088  1
466  1362 1167 1168 1363 1360 1165 1166 1361  1
467  1090 1363 1208 732 1088 1361 1207 731  1
468  1363 1168 735 1208 1361 1166 736 1207  1
469  684 971 1364 1091 683 970 1362 1089  1
470  971 569 1169 1364 970 570 1167 1362  1
471  1091 1364 1365 1092 1089 1362 1363 1090  1
472  1364 1169 1170 1365 1362 1167 1168 1363  1
473  1092 1365 1209 733 1090 1363 1208 732  1
474  1365 1170 734 1209 1363 1168 735 1208  1
475  510 524 1013 693 684 971 1364 1091  1
476  524 513 691 1013 971 569 1169 1364  1
477  693 1013 1014 694 1091 1364 1365 1092  1
478  1013 691 690 1014 1364 1169 1170 1365  1
479  694 1014 692 517 1092 1365 1209 733  1
480  1014 690 516 692 1365 1170 734 1209  1
481  1467 1793 2070 1637 1366 1378 1633 1383  1
482  1793 1507 1715 2070 1378 1367 1379 1633  1
483  1637 2070 2071 1638 1383 1633 1634 1382  1
484  2070 1715 1716 2071 1633 1379 1380 1634  1
485  1638 2071 1832 1390 1382 1634 1381 1369  1
486  2071 1716 1506 1832 1634 1380 1368 1381  1
487  1466 1794 2072 1639 1467 1793 2070 1637  1
488  1794 1508 1717 2072 1793 1507 1715 2070  1
489  1639 2072 2073 1640 1637 2070 2071 1638  1
490  2072 1717 1718 2073 2070 1715 1716 2071  1
491  1640 2073 1833 1391 1638 2071 1832 1390  1
492  2073 1718 1505 1833 2071 1716 1506 1832  1
493  1465 1795 2074 1641 1466 1794 2072 1639  1
494  1795 1509 1719 2074 1794 1508 1717 2072  1
495  1641 2074 2075 1642 1639 2072 2073 1640  1
496  2074 1719 1720 2075 2072 1717 1718 2073  1
497  1642 2075 1834 1392 1640 2073 1833 1391  1
498  2075 1720 1504 1834 2073 1718 1505 1833  1
499  1464 1796 2076 1643 1465 1795 2074 1641  1
500  1796 1510 1721 2076 1795 1509 1719 2074  1
501  1643 2076 2077 1644 1641 2074 2075 1642  1
502  2076 1721 1722 2077 2074 1719 1720 2075  1
503  1644 2077 1835 1393 1642 2075 1834 1392  1
504  2077 1722 1503 1835 2075 1720 1504 1834  1
505  1463 1797 2078 1645 1464 1796 2076 1643  1
506  1797 1511 1723 2078 1796 1510 1721 2076  1
507  1645 2078 2079 1646 1643 2076 2077 1644  1
508  2078 1723 1724 2079 2076 1721 1722 2077  1
509  1646 2079 1836 1394 1644 2077 1835 1393  1
510  2079 1724 1502 1836 2077 1722 1503 1835  1
511  1462 1798 2080 1647 1463 1797 2078 1645  1
512  1798 1512 1725 2080 1797 1511 1723 2078  1
513  1647 2080 2081 1648 1645 2078 2079 1646  1
514  2080 1725 1726 2081 2078 1723 1724 2079  1
515  1648 2081 1837 1395 1646 2079 1836 1394  1
516  2081 1726 1501 1837 2079 1724 1502 1836  1
517  1461 1799 2082 1649 1462 1798 2080 1647  1
518  1799 1513 1727 2082 1798 1512 1725 2080  1
519  1649 2082 2083 1650 1647 2080 2081 1648  1
520  2082 1727 1728 2083 2080 1725 1726 2081  1
521  1650 2083 1838 1396 1648 2081 1837 1395  1
522  2083 1728 1500 1838 2081 1726 1501 1837  1
523  1460 1800 2084 1651 1461 1799 2082 1649  1
524  1800 1514 1729 2084 1799 1513 1727 2082  1
525  1651 2084 2085 1652 1649 2082 2083 1650  1
526  2084 1729 1730 2085 2082 1727 1728 2083  1
527  1652 2085 1839 1397 1650 2083 1838 1396  1
528  2085 1730 1499 1839 2083 1728 1500 1838  1
529  1459 1801 2086 1653 1460 1800 2084 1651  1
530  1801 1515 1731 2086 1800 1514 1729 2084  1
531  1653 2086 2087 1654 1651 2084 2085 1652  1
532  2086 1731 1732 2087 2084 1729 1730 2085  1
533  1654 2087 1840 1398 1652 2085 1839 1397  1
534  2087 1732 1498 1840 2085 1730 1499 1839  1
535  1458 1802 2088 1655 1459 1801 2086 1653  1
536  1802 9 1733 2088 1801 1515 1731 2086  1
537  1655 2088 2089 1656 1653 2086 2087 1654  1
538  2088 1733 1734 2089 2086 1731 1732 2087  1
539  1656 2089 1841 1399 1654 2087 1840 1398  1
540  2089 1734 1497 1841 2087 1732 1498 1840  1
541  1457 1803 2090 1657 1458 1802 2088 1655  1
542  1803 1516 1735 2090 1802 9 1733 2088  1
543  1657 2090 2091 1658 1655 2088 2089 1656  1
544  2090 1735 1736 2091 2088 1733 1734 2089  1
545  1658 2091 1842 1400 1656 2089 1841 1399  1
546  2091 1736 1496 1842 2089 1734 1497 1841  1
547  1456 1804 2092 1659 1457 1803 2090 1657  1
548  1804 1517 1737 2092 1803 1516 1735 2090  1
549  1659 2092 2093 1660 1657 2090 2091 1658  1
550  2092 1737 1738 2093 2090 1735 1736 2091  1
551  1660 2093 1843 1401 1658 2091 1842 1400  1
552  2093 1738 1495 1843 2091 1736 1496 1842  1
553  1455 1805 2094 1661 1456 1804 2092 1659  1
554  1805 1518 1739 2094 1804 1517 1737 2092  1
555  1661 2094 2095 1662 1659 2092 2093 1660  1
556  2094 1739 1740 2095 2092 1737 1738 2093  1
557  1662 2095 1844 1402 1660 2093 1843 1401  1
558  2095 1740 1494 1844 2093 1738 1495 1843  1
559  1454 1806 2096 1663 1455 1805 2094 1661  1
560  1806 1519 1741 2096 1805 1518 1739 2094  1
561  1663 2096 2097 1664 1661 2094 2095 1662  1
562  2096 1741 1742 2097 2094 1739 1740 2095  1
563  1664 2097 1845 1403 1662 2095 1844 1402  1
564  2097 1742 1493 1845 2095 1740 1494 1844  1
565  1453 1807 2098 1665 1454 1806 2096 1663  1
566  1807 1520 1743 2098 1806 1519 1741 2096  1
567  1665 2098 2099 1666 1663 2096 2097 1664  1
568  2098 1743 1744 2099 2096 1741 1742 2097  1
569  1666 2099 1846 1404 1664 2097 1845 1403  1
570  2099 1744 1492 1846 2097 1742 1493 1845  1
571  1452 1808 2100 1667 1453 1807 2098 1665  1
572  1808 1521 1745 2100 1807 1520 1743 2098  1
573  1667 2100 2101 1668 1665 2098 2099 1666  1
574  2100 1745 1746 2101 2098 1743 1744 2099  1
575  1668 2101 1847 1405 1666 2099 1846 1404  1
576  2101 1746 1491 1847 2099 1744 1492 1846  1
577  1451 1809 2102 1669 1452 1808 2100 1667  1
578  1809 1522 1747 2102 1808 1521 1745 2100  1
579  1669 2102 2103 1670 1667 2100 2101 1668  1
580  2102 1747 1748 2103 2100 1745 1746 2101  1
581  1670 2103 1848 1406 1668 2101 1847 1405  1
582  2103 1748 1490 1848 2101 1746 1491 1847  1
583  1450 1810 2104 1671 1451 1809 2102 1669  1
584  1810 1523 1749 2104 1809 1522 1747 2102  1
585  1671 2104 2105 1672 1669 2102 2103 1670  1
586  2104 1749 1750 2105 2102 1747 1748 2103  1
587  1672 2105 1849 1407 1670 2103 1848 1406  1
588  2105 1750 1489 1849 2103 1748 1490 1848  1
589  1449 1811 2106 1673 1450 1810 2104 1671  1
590  1811 1524 1751 2106 1810 1523 1749 2104  1
591  1673 2106 2107 1674 1671 2104 2105 1672  1
592  2106 1751 1752 2107 2104 1749 1750 2105  1
593  1674 2107 1850 1408 1672 2105 1849 1407  1
594  2107 1752 1488 1850 2105 1750 1489 1849  1
595  1448 1812 2108 1675 1449 1811 2106 1673  1
596  1812 1525 1753 2108 1811 1524 1751 2106  1
597  1675 2108 2109 1676 1673 2106 2107 1674  1
598  2108 1753 1754 2109 2106 1751 1752 2107  1
599  1676 2109 1851 1409 1674 2107 1850 1408  1
600  2109 1754 1487 1851 2107 1752 1488 1850  1
601  1447 1813 2110 1677 1448 1812 2108 1675  1
602  1813 1526 1755 2110 1812 1525 1753 2108  1
603  1677 2110 2111 1678 1675 2108 2109 1676  1
604  2110 1755 1756 2111 2108 1753 1754 2109  1
605  1678 2111 1852 1410 1676 2109 1851 1409  1
606  2111 1756 1486 1852 2109 1754 1487 1851  1
607  1446 1814 2112 1679 1447 1813 2110 1677  1
608  1814 1527 1757 2112 1813 1526 1755 2110  1
609  1679 2112 2113 1680 1677 2110 2111 1678  1
610  2112 1757 1758 2113 2110 1755 1756 2111  1
611  1680 2113 1853 1411 1678 2111 1852 1410  1
612  2113 1758 1485 1853 2111 1756 1486 1852  1
613  1445 1815 2114 1681 1446 1814 2112 1679  1
614  1815 1528 1759 2114 1814 1527 1757 2112  1
615  1681 2114 2115 1682 1679 2112 2113 1680  1
616  2114 1759 1760 2115 2112 1757 1758 2113  1
617  1682 2115 1854 1412 1680 2113 1853 1411  1
618  2115 1760 1484 1854 2113 1758 1485 1853  1
619  1444 1816 2116 1683 1445 1815 2114 1681  1
620  1816 1529 1761 2116 1815 1528 1759 2114  1
621  1683 2116 2117 1684 1681 2114 2115 1682  1
622  2116 1761 1762 2117 2114 1759 1760 2115  1
623  1684 2117 1855 1413 1682 2115 1854 1412  1
624  2117 1762 1483 1855 2115 1760 1484 1854  1
625  1443 1817 2118 1685 1444 1816 2116 1683  1
626  1817 1530 1763 2118 1816 1529 1761 2116  1
627  1685 2118 2119 1686 1683 2116 2117 1684  1
628  2118 1763 1764 2119 2116 1761 1762 2117  1
629  1686 2119 1856 1414 1684 2117 1855 1413  1
630  2119 1764 1482 1856 2117 1762 1483 1855  1
631  1442 1818 2120 1687 1443 1817 2118 1685  1
632  1818 1531 1765 2120 1817 1530 1763 2118  1
633  1687 2120 2121 1688 1685 2118 2119 1686  1
634  2120 1765 1766 2121 2118 1763 1764 2119  1
635  1688 2121 1857 1415 1686 2119 1856 1414  1
636  2121 1766 1481 1857 2119 1764 1482 1856  1
637  1441 1819 2122 1689 1442 1818 2120 1687  1
638  1819 1532 1767 2122 1818 1531 1765 2120  1
639  1689 2122 2123 1690 1687 2120 2121 1688  1
640  2122 1767 1768 2123 2120 1765 1766 2121  1
641  1690 2123 1858 1416 1688 2121 1857 1415  1
642  2123 1768 1480 1858 2121 1766 1481 1857  1
643  1440 1820 2124 1691 1441 1819 2122 1689  1
644  1820 1533 1769 2124 1819 1532 1767 2122  1
645  1691 2124 2125 1692 1689 2122 2123 1690  1
646  2124 1769 1770 2125 2122 1767 1768 2123  1
647  1692 2125 1859 1417 1690 2123 1858 1416  1
648  2125 1770 1479 1859 2123 1768 1480 1858  1
649  1439 1821 2126 1693 1440 1820 2124 1691  1
650  1821 1534 1771 2126 1820 1533 1769 2124  1
651  1693 2126 2127 1694 1691 2124 2125 1692  1
652  2126 1771 1772 2127 2124 1769 1770 2125  1
653  1694 2127 1860 1418 1692 2125 1859 1417  1
654  2127 1772 1478 1860 2125 1770 1479 1859  1
655  1438 1822 2128 1695 1439 1821 2126 1693  1
656  1822 1535 1773 2128 1821 1534 1771 2126  1
657  1695 2128 2129 1696 1693 2126 2127 1694  1
658  2128 1773 1774 2129 2126 1771 1772 2127  1
659  1696 2129 1861 1419 1694 2127 1860 1418  1
660  2129 1774 1477 1861 2127 1772 1478 1860  1
661  1437 1823 2130 1697 1438 1822 2128 1695  1
662  1823 1536 1775 2130 1822 1535 1773 2128  1
663  1697 2130 2131 1698 1695 2128 2129 1696  1
664  2130 1775 1776 2131 2128 1773 1774 2129  1
665  1698 2131 1862 1420 1696 2129 1861 1419  1
666  2131 1776 1476 1862 2129 1774 1477 1861  1
667  1436 1824 2132 1699 1437 1823 2130 1697  1
668  1824 1537 1777 2132 1823 1536 1775 2130  1
669  1699 2132 2133 1700 1697 2130 2131 1698  1
670  2132 1777 1778 2133 2130 1775 1776 2131  1
671  1700 2133 1863 1421 1698 2131 1862 1420  1
672  2133 1778 1475 1863 2131 1776 1476 1862  1
673  1435 1825 2134 1701 1436 1824 2132 1699  1
674  1825 1538 1779 2134 1824 1537 1777 2132  1
675  1701 2134 2135 1702 1699 2132 2133 1700  1
676  2134 1779 1780 2135 2132 1777 1778 2133  1
677  1702 2135 1864 1422 1700 2133 1863 1421  1
678  2135 1780 1474 1864 2133 1778 1475 1863  1
679  1434 1826 2136 1703 1435 1825 2134 1701  1
680  1826 1539 1781 2136 1825 1538 1779 2134  1
681  1703 2136 2137 1704 1701 2134 2135 1702  1
682  2136 1781 1782 2137 2134 1779 1780 2135  1
683  1704 2137 1865 1423 1702 2135 1864 1422  1
684  2137 1782 1473 1865 2135 1780 1474 1864  1
685  1433 1827 2138 1705 1434 1826 2136 1703  1
686  1827 1540 1783 2138 1826 1539 1781 2136  1
687  1705 2138 2139 1706 1703 2136 2137 1704  1
688  2138 1783 1784 2139 2136 1781 1782 2137  1
689  1706 2139 1866 1424 1704 2137 1865 1423  1
690  2139 1784 1472 1866 2137 1782 1473 1865  1
691  1432 1828 2140 1707 1433 1827 2138 1705  1
692  1828 1541 1785 2140 1827 1540 1783 2138  1
693  1707 2140 2141 1708 1705 2138 2139 1706  1
694  2140 1785 1786 2141 2138 1783 1784 2139  1
695  1708 2141 1867 1425 1706 2139 1866 1424  1
696  2141 1786 1471 1867 2139 1784 1472 1866  1
697  1431 1829 2142 1709 1432 1828 2140 1707  1
698  1829 1542 1787 2142 1828 1541 1785 2140  1
699  1709 2142 2143 1710 1707 2140 2141 1708  1
700  2142 1787 1788 2143 2140 1785 1786 2141  1
701  1710 2143 1868 1426 1708 2141 1867 1425  1
702  2143 1788 1470 1868 2141 1786 1471 1867  1
703  1430 1830 2144 1711 1431 1829 2142 1709  1
704  1830 1543 1789 2144 1829 1542 1787 2142  1
705  1711 2144 2145 1712 1709 2142 2143 1710  1
706  2144 1789 1790 2145 2142 1787 1788 2143  1
707  1712 2145 1869 1427 1710 2143 1868 1426  1
708  2145 1790 1469 1869 2143 1788 1470 1868  1
709  1429 1831 2146 1713 1430 1830 2144 1711  1
710  1831 1544 1791 2146 1830 1543 1789 2144  1
711  1713 2146 2147 1714 1711 2144 2145 1712  1
712  2146 1791 1792 2147 2144 1789 1790 2145  1
713  1714 2147 1870 1428 1712 2145 1869 1427  1
714  2147 1792 1468 1870 2145 1790 1469 1869  1
715  1373 1384 1635 1388 1429 1831 2146 1713  1
716  1384 1370 1386 1635 1831 1544 1791 2146  1
717  1388 1635 1636 1389 1713 2146 2147 1714  1
718  1635 1386 1385 1636 2146 1791 1792 2147  1
719  1389 1636 1387 1372 1714 2147 1870 1428  1
720  1636 1385 1371 1387 2147 1792 1468 1870  1
721  1507 1793 2148 1875 1367 1378 1871 1549  1
722  1793 1467 1953 2148 1378 1366 1545 1871  1
723  1875 2148 2149 1876 1549 1871 1872 1548  1
724  2148 1953 1954 2149 1871 1545 1546 1872  1
725  1876 2149 2031 1555 1548 1872 1547 1375  1
726  2149 1954 1632 2031 1872 1546 1374 1547  1
727  1508 1794 2150 1877 1507 1793 2148 1875  1
728  1794 1466 1955 2150 1793 1467 1953 2148  1
729  1877 2150 2151 1878 1875 2148 2149 1876  1
730  2150 1955 1956 2151 2148 1953 1954 2149  1
731  1878 2151 2032 1556 1876 2149 2031 1555  1
732  2151 1956 1631 2032 2149 1954 1632 2031  1
733  1509 1795 2152 1879 1508 1794 2150 1877  1
734  1795 1465 1957 2152 1794 1466 1955 2150  1
735  1879 2152 2153 1880 1877 2150 2151 1878  1
736  2152 1957 1958 2153 2150 1955 1956 2151  1
737  1880 2153 2033 1557 1878 2151 2032 1556  1
738  2153 1958 1630 2033 2151 1956 1631 2032  1
739  1510 1796 2154 1881 1509 1795 2152 1879  1
740  1796 1464 1959 2154 1795 1465 1957 2152  1
741  1881 2154 2155 1882 1879 2152 2153 1880  1
742  2154 1959 1960 2155 2152 1957 1958 2153  1
743  1882 2155 2034 1558 1880 2153 2033 1557  1
744  2155 1960 1629 2034 2153 1958 1630 2033  1
745  1511 1797 2156 1883 1510 1796 2154 1881  1
746  1797 1463 1961 2156 1796 1464 1959 2154  1
747  1883 2156 2157 1884 1881 2154 2155 1882  1
748  2156 1961 1962 2157 2154 1959 1960 2155  1
749  1884 2157 2035 1559 1882 2155 2034 1558  1
750  2157 1962 1628 2035 2155 1960 1629 2034  1
751  1512 1798 2158 1885 1511 1797 2156 1883  1
752  1798 1462 1963 2158 1797 1463 1961 2156  1
753  1885 2158 2159 1886 1883 2156 2157 1884  1
754  2158 1963 1964 2159 2156 1961 1962 2157  1
755  1886 2159 2036 1560 1884 2157 2035 1559  1
756  2159 1964 1627 2036 2157 1962 1628 2035  1
757  1513 1799 2160 1887 1512 1798 2158 1885  1
758  1799 1461 1965 2160 1798 1462 1963 2158  1
759  1887 2160 2161 1888 1885 2158 2159 1886  1
760  2160 1965 1966 2161 2158 1963 1964 2159  1
761  1888 2161 2037 1561 1886 2159 2036 1560  1
762  2161 1966 1626 2037 2159 1964 1627 2036  1
763  1514 1800 2162 1889 1513 1799 2160 1887  1
764  1800 1460 1967 2162 1799 1461 1965 2160  1
765  1889 2162 2163 1890 1887 2160 2161 1888  1
766  2162 1967 1968 2163 2160 1965 1966 2161  1
767  1890 2163 2038 1562 1888 2161 2037 1561  1
768  2163 1968 1625 2038 2161 1966 1626 2037  1
769  1515 1801 2164 1891 1514 1800 2162 1889  1
770  1801 1459 1969 2164 1800 1460 1967 2162  1
771  1891 2164 2165 1892 1889 2162 2163 1890  1
772  2164 1969 1970 2165 2162 1967 1968 2163  1
773  1892 2165 2039 1563 1890 2163 2038 1562  1
774  2165 1970 1624 2039 2163 1968 1625 2038  1
775  9 1802 2166 1893 1515 1801 2164 1891  1
776  1802 1458 1971 2166 1801 1459 1969 2164  1
777  1893 2166 2167 1894 1891 2164 2165 1892  1
778  2166 1971 1972 2167 2164 1969 1970 2165  1
779  1894 2167 2040 1564 1892 2165 2039 1563  1
780  2167 1972 1623 2040 2165 1970 1624 2039  1
781  1516 1803 2168 1895 9 1802 2166 1893  1
782  1803 1457 1973 2168 1802 1458 1971 2166  1
783  1895 2168 2169 1896 1893 2166 2167 1894  1
784  2168 1973 1974 2169 2166 1971 1972 2167  1
785  1896 2169 2041 1565 1894 2167 2040 1564  1
786  2169 1974 1622 2041 2167 1972 1623 2040  1
787  1517 1804 2170 1897 1516 1803 2168 1895  1
788  1804 1456 1975 2170 1803 1457 1973 2168  1
789  1897 2170 2171 1898 1895 2168 2169 1896  1
790  2170 1975 1976 2171 2168 1973 1974 2169  1
791  1898 2171 2042 1566 1896 2169 2041 1565  1
792  2171 1976 1621 2042 2169 1974 1622 2041  1
793  1518 1805 2172 1899 1517 1804 2170 1897  1
794  1805 1455 1977 2172 1804 1456 1975 2170  1
795  1899 2172 2173 1900 1897 2170 2171 1898  1
796  2172 1977 1978 2173 2170 1975 1976 2171  1
797  1900 2173 2043 1567 1898 2171 2042 1566  1
798  2173 1978 1620 2043 2171 1976 1621 2042  1
799  1519 1806 2174 1901 1518 1805 2172 1899  1
800  1806 1454 1979 2174 1805 1455 1977 2172  1
801  1901 2174 2175 1902 1899 2172 2173 1900  1
802  2174 1979 1980 2175 2172 1977 1978 2173  1
803  1902 2175 2044 1568 1900 2173 2043 1567  1
804  2175 1980 1619 2044 2173 1978 1620 2043  1
805  1520 1807 2176 1903 1519 1806 2174 1901  1
806  1807 1453 1981 2176 1806 1454 1979 2174  1
807  1903 2176 2177 1904 1901 2174 2175 1902  1
808  2176 1981 1982 2177 2174 1979 1980 2175  1
809  1904 2177 2045 1569 1902 2175 2044 1568  1
810  2177 1982 1618 2045 2175 1980 1619 2044  1
811  1521 1808 2178 1905 1520 1807 2176 1903  1
812  1808 1452 1983 2178 1807 1453 1981 2176  1
813  1905 2178 2179 1906 1903 2176 2177 1904  1
814  2178 1983 1984 2179 2176 1981 1982 2177  1
815  1906 2179 2046 1570 1904 2177 2045 1569  1
816  2179 1984 1617 2046 2177 1982 1618 2045  1
817  1522 1809 2180 1907 1521 1808 2178 1905  1
818  1809 1451 1985 2180 1808 1452 1983 2178  1
819  1907 2180 2181 1908 1905 2178 2179 1906  1
820  2180 1985 1986 2181 2178 1983 1984 2179  1
821  1908 2181 2047 1571 1906 2179 2046 1570  1
822  2181 1986 1616 2047 2179 1984 1617 2046  1
823  1523 1810 2182 1909 1522 1809 2180 1907  1
824  1810 1450 1987 2182 1809 1451 1985 2180  1
825  1909 2182 2183 1910 1907 2180 2181 1908  1
826  2182 1987 1988 2183 2180 1985 1986 2181  1
827  1910 2183 2048 1572 1908 2181 2047 1571  1
828  2183 1988 1615 2048 2181 1986 1616 2047  1
829  1524 1811 2184 1911 1523 1810 2182 1909  1
830  1811 1449 1989 2184 1810 1450 1987 2182  1
831  1911 2184 2185 1912 1909 2182 2183 1910  1
832  2184 1989 1990 2185 2182 1987 1988 2183  1
833  1912 2185 2049 1573 1910 2183 2048 1572  1
834  2185 1990 1614 2049 2183 1988 1615 2048  1
835  1525 1812 2186 1913 1524 1811 2184 1911  1
836  1812 1448 1991 2186 1811 1449 1989 2184  1
837  1913 2186 2187 1914 1911 2184 2185 1912  1
838  2186 1991 1992 2187 2184 1989 1990 2185  1
839  1914 2187 2050 1574 1912 2185 2049 1573  1
840  2187 1992 1613 2050 2185 1990 1614 2049  1
841  1526 1813 2188 1915 1525 1812 2186 1913  1
842  1813 1447 1993 2188 1812 1448 1991 2186  1
843  1915 2188 2189 1916 1913 2186 2187 1914  1
844  2188 1993 1994 2189 2186 1991 1992 2187  1
845  1916 2189 2051 1575 1914 2187 2050 1574  1
846  2189 1994 1612 2051 2187 1992 1613 2050  1
847  1527 1814 2190 1917 1526 1813 2188 1915  1
848  1814 1446 1995 2190 1813 1447 1993 2188  1
849  1917 2190 2191 1918 1915 2188 2189 1916  1
850  2190 1995 1996 2191 2188 1993 1994 2189  1
851  1918 2191 2052 1576 1916 2189 2051 1575  1
852  2191 1996 1611 2052 2189 1994 1612 2051  1
853  1528 1815 2192 1919 1527 1814 2190 1917  1
854  1815 1445 1997 2192 1814 1446 1995 2190  1
855  1919 2192 2193 1920 1917 2190 2191 1918  1
856  2192 1997 1998 2193 2190 1995 1996 2191  1
857  1920 2193 2053 1577 1918 2191 2052 1576  1
858  2193 1998 1610 2053 2191 1996 1611 2052  1
859  1529 1816 2194 1921 1528 1815 2192 1919  1
860  1816 1444 1999 2194 1815 1445 1997 2192  1
861  1921 2194 2195 1922 1919 2192 2193 1920  1
862  2194 1999 2000 2195 2192 1997 1998 2193  1
863  1922 2195 2054 1578 1920 2193 2053 1577  1
864  2195 2000 1609 2054 2193 1998 1610 2053  1
865  1530 1817 2196 1923 1529 1816 2194 1921  1
866  1817 1443 2001 2196 1816 1444 1999 2194  1
867  1923 2196 2197 1924 1921 2194 2195 1922  1
868  2196 2001 2002 2197 2194 1999 2000 2195  1
869  1924 2197 2055 1579 1922 2195 2054 1578  1
870  2197 2002 1608 2055 2195 2000 1609 2054  1
871  1531 1818 2198 1925 1530 1817 2196 1923  1
872  1818 1442 2003 2198 1817 1443 2001 2196  1
873  1925 2198 2199 1926 1923 2196 2197 1924  1
874  2198 2003 2004 2199 2196 2001 2002 2197  1
875  1926 2199 2056 1580 1924 2197 2055 1579  1
876  2199 2004 1607 2056 2197 2002 1608 2055  1
877  1532 1819 2200 1927 1531 1818 2198 1925  1
878  1819 1441 2005 2200 1818 1442 2003 2198  1
879  1927 2200 2201 1928 1925 2198 2199 1926  1
880  2200 2005 2006 2201 2198 2003 2004 2199  1
881  1928 2201 2057 1581 1926 2199 2056 1580  1
882  2201 2006 1606 2057 2199 2004 1607 2056  1
883  1533 1820 2202 1929 1532 1819 2200 1927  1
884  1820 1440 2007 2202 1819 1441 2005 2200  1
885  1929 2202 2203 1930 1927 2200 2201 1928  1
886  2202 2007 2008 2203 2200 2005 2006 2201  1
887  1930 2203 2058 1582 1928 2201 2057 1581  1
888  2203 2008 1605 2058 2201 2006 1606 2057  1
889  1534 1821 2204 1931 1533 1820 2202 1929  1
890  1821 1439 2009 2204 1820 1440 2007 2202  1
891  1931 2204 2205 1932 1929 2202 2203 1930  1
892  2204 2009 2010 2205 2202 2007 2008 2203  1
893  1932 2205 2059 1583 1930 2203 2058 1582  1
894  2205 2010 1604 2059 2203 2008 1605 2058  1
895  1535 1822 2206 1933 1534 1821 2204 1931  1
896  1822 1438 2011 2206 1821 1439 2009 2204  1
897  1933 2206 2207 1934 1931 2204 2205 1932  1
898  2206 2011 2012 2207 2204 2009 2010 2205  1
899  1934 2207 2060 1584 1932 2205 2059 1583  1
900  2207 2012 1603 2060 2205 2010 1604 2059  1
901  1536 1823 2208 1935 1535 1822 2206 1933  1
902  1823 1437 2013 2208 1822 1438 2011 2206  1
903  1935 2208 2209 1936 1933 2206 2207 1934  1
904  2208 2013 2014 2209 2206 2011 2012 2207  1
905  1936 2209 2061 1585 1934 2207 2060 1584  1
906  2209 2014 1602 2061 2207 2012 1603 2060  1
907  1537 1824 2210 1937 1536 1823 2208 1935  1
908  1824 1436 2015 2210 1823 1437 2013 2208  1
909  1937 2210 2211 1938 1935 2208 2209 1936  1
910  2210 2015 2016 2211 2208 2013 2014 2209  1
911  1938 2211 2062 1586 1936 2209 2061 1585  1
912  2211 2016 1601 2062 2209 2014 1602 2061  1
913  1538 1825 2212 1939 1537 1824 2210 1937  1
914  1825 1435 2017 2212 1824 1436 2015 2210  1
915  1939 2212 2213 1940 1937 2210 2211 1938  1
916  2212 2017 2018 2213 2210 2015 2016 2211  1
917  1940 2213 2063 1587 1938 2211 2062 1586  1
918  2213 2018 1600 2063 2211 2016 1601 2062  1
919  1539 1826 2214 1941 1538 1825 2212 1939  1
920  1826 1434 2019 2214 1825 1435 2017 2212  1
921  1941 2214 2215 1942 1939 2212 2213 1940  1
922  2214 2019 2020 2215 2212 2017 2018 2213  1
923  1942 2215 2064 1588 1940 2213 2063 1587  1
924  2215 2020 1599 2064 2213 2018 1600 2063  1
925  1540 1827 2216 1943 1539 1826 2214 1941  1
926  1827 1433 2021 2216 1826 1434 2019 2214  1
927  1943 2216 2217 1944 1941 2214 2215 1942  1
928  2216 2021 2022 2217 2214 2019 2020 2215  1
929  1944 2217 2065 1589 1942 2215 2064 1588  1
930  2217 2022 1598 2065 2215 2020 1599 2064  1
931  1541 1828 2218 1945 1540 1827 2216 1943  1
932  1828 1432 2023 2218 1827 1433 2021 2216  1
933  1945 2218 2219 1946 1943 2216 2217 1944  1
934  2218 2023 2024 2219 2216 2021 2022 2217  1
935  1946 2219 2066 1590 1944 2217 2065 1589  1
936  2219 2024 1597 2066 2217 2022 1598 2065  1
937  1542 1829 2220 1947 1541 1828 2218 1945  1
938  1829 1431 2025 2220 1828 1432 2023 2218  1
939  1947 2220 2221 1948 1945 2218 2219 1946  1
940  2220 2025 2026 2221 2218 2023 2024 2219  1
941  1948 2221 2067 1591 1946 2219 2066 1590  1
942  2221 2026 1596 2067 2219 2024 1597 2066  1
943  1543 1830 2222 1949 1542 1829 2220 1947  1
944  1830 1430 2027 2222 1829 1431 2025 2220  1
945  1949 2222 2223 1950 1947 2220 2221 1948  1
946  2222 2027 2028 2223 2220 2025 2026 2221  1
947  1950 2223 2068 1592 1948 2221 2067 1591  1
948  2223 2028 1595 2068 2221 2026 1596 2067  1
949  1544 1831 2224 1951 1543 1830 2222 1949  1
950  1831 1429 2029 2224 1830 1430 2027 2222  1
951  1951 2224 2225 1952 1949 2222 2223 1950  1
952  2224 2029 2030 2225 2222 2027 2028 2223  1
953  1952 2225 2069 1593 1950 2223 2068 1592  1
954  2225 2030 1594 2069 2223 2028 1595 2068  1
955  1370 1384 1873 1553 1544 1831 2224 1951  1
956  1384 1373 1551 1873 1831 1429 2029 2224  1
957  1553 1873 1874 1554 1951 2224 2225 1952  1
958  1873 1551 1550 1874 2224 2029 2030 2225  1
959  1554 1874 1552 1377 1952 2225 2069 1593  1
960  1874 1550 1376 1552 2225 2030 1594 2069  1
961  2282 2457 2610 2367 2226 2236 2337 2251  2
962  2457 2458 2611 2610 2236 2237 2338 2337  2
963  2458 2459 2612 2611 2237 2238 2339 2338  2
964  2459 2292 2412 2612 2238 2227 2239 2339  2
965  2367 2610 2613 2368 2251 2337 2340 2250  2
966  2610 2611 2614 2613 2337 2338 2341 2340  2
967  2611 2612 2615 2614 2338 2339 2342 2341  2
968  2612 2412 2413 2615 2339 2239 2240 2342  2
969  2368 2613 2616 2369 2250 2340 2343 2249  2
970  2613 2614 2617 2616 2340 2341 2344 2343  2
971  2614 2615 2618 2617 2341 2342 2345 2344  2
972  2615 2413 2414 2618 2342 2240 2241 2345  2
973  2369 2616 2619 2370 2249 2343 2346 2248  2
974  2616 2617 2620 2619 2343 2344 2347 2346  2
975  2617 2618 2621 2620 2344 2345 2348 2347  2
976  2618 2414 2415 2621 2345 2241 2242 2348  2
977  2370 2619 2622 2371 2248 2346 2349 2247  2
978  2619 2620 2623 2622 2346 2347 2350 2349  2
979  2620 2621 2624 2623 2347 2348 2351 2350  2
980  2621 2415 2416 2624 2348 2242 2243 2351  2
981  2371 2622 2484 2265 2247 2349 2246 2229  2
982  2622 2623 2485 2484 2349 2350 2245 2246  2
983  2623 2624 2486 2485 2350 2351 2244 2245  2
984  2624 2416 2291 2486 2351 2243 2228 2244  2
985  2281 2460 2625 2372 2282 2457 2610 2367  2
986  2460 2461 2626 2625 2457 2458 2611 2610  2
987  2461 2462 2627 2626 2458 2459 2612 2611  2
988  2462 2293 2417 2627 2459 2292 2412 2612  2
989  2372 2625 2628 2373 2367 2610 2613 2368  2
990  2625 2626 2629 2628 2610 2611 2614 2613  2
991  2626 2627 2630 2629 2611 2612 2615 2614  2
992  2627 2417 2418 2630 2612 2412 2413 2615  2
993  2373 2628 2631 2374 2368 2613 2616 2369  2
994  2628 2629 2632 2631 2613 2614 2617 2616  2
995  2629 2630 2633 2632 2614 2615 2618 2617  2
996  2630 2418 2419 2633 2615 2413 2414 2618  2
997  2374 2631 2634 2375 2369 2616 2619 2370  2
998  2631 2632 2635 2634 2616 2617 2620 2619  2
999  2632 2633 2636 2635 2617 2618 2621 2620  2
1000  2633 2419 2420 2636 2618 2414 2415 2621  2
1001  2375 2634 2637 2376 2370 2619 2622 2371  2
1002  2634 2635 2638 2637 2619 2620 2623 2622  2
1003  2635 2636 2639 2638 2620 2621 2624 2623  2
1004  2636 2420 2421 2639 2621 2415 2416 2624  2
1005  2376 2637 2487 2266 2371 2622 2484 2265  2
1006  2637 2638 2488 2487 2622 2623 2485 2484  2
1007  2638 2639 2489 2488 2623 2624 2486 2485  2
1008  2639 2421 2290 2489 2624 2416 2291 2486  2
1009  2280 2463 2640 2377 2281 2460 2625 2372  2
1010  2463 2464 2641 2640 2460 2461 2626 2625  2
1011  2464 2465 2642 2641 2461 2462 2627 2626  2
1012  2465 2294 2422 2642 2462 2293 2417 2627  2
1013  2377 2640 2643 2378 2372 2625 2628 2373  2
1014  2640 2641 2644 2643 2625 2626 2629 2628  2
1015  2641 2642 2645 2644 2626 2627 2630 2629  2
1016  2642 2422 2423 2645 2627 2417 2418 2630  2
1017  2378 2643 2646 2379 2373 2628 2631 2374  2
1018  2643 2644 2647 2646 2628 2629 2632 2631  2
1019  2644 2645 2648 2647 2629 2630 2633 2632  2
1020  2645 2423 2424 2648 2630 2418 2419 2633  2
1021  2379 2646 2649 2380 2374 2631 2634 2375  2
1022  2646 2647 2650 2649 2631 2632 2635 2634  2
1023  2647 2648 2651 2650 2632 2633 2636 2635  2
1024  2648 2424 2425 2651 2633 2419 2420 2636  2
1025  2380 2649 2652 2381 2375 2634 2637 2376  2
1026  2649 2650 2653 2652 2634 2635 2638 2637  2
1027  2650 2651 2654 2653 2635 2636 2639 2638  2
1028  2651 2425 2426 2654 2636 2420 2421 2639  2
1029  2381 2652 2490 2267 2376 2637 2487 2266  2
1030  2652 2653 2491 2490 2637 2638 2488 2487  2
1031  2653 2654 2492 2491 2638 2639 2489 2488  2
1032  2654 2426 2289 2492 2639 2421 2290 2489  2
1033  2279 2466 2655 2382 2280 2463 2640 2377  2
1034  2466 2467 2656 2655 2463 2464 2641 2640  2
1035  2467 2468 2657 2656 2464 2465 2642 2641  2
1036  2468 2295 2427 2657 2465 2294 2422 2642  2
1037  2382 2655 2658 2383 2377 2640 2643 2378  2
1038  2655 2656 2659 2658 2640 2641 2644 2643  2
1039  2656 2657 2660 2659 2641 2642 2645 2644  2
1040  2657 2427 2428 2660 2642 2422 2423 2645  2
1041  2383 2658 2661 2384 2378 2643 2646 2379  2
1042  2658 2659 2662 2661 2643 2644 2647 2646  2
1043  2659 2660 2663 2662 2644 2645 2648 2647  2
1044  2660 2428 2429 2663 2645 2423 2424 2648  2
1045  2384 2661 2664 2385 2379 2646 2649 2380  2
1046  2661 2662 2665 2664 2646 2647 2650 2649  2
1047  2662 2663 2666 2665 2647 2648 2651 2650  2
1048  2663 2429 2430 2666 2648 2424 2425 2651  2
1049  2385 2664 2667 2386 2380 2649 2652 2381  2
1050  2664 2665 2668 2667 2649 2650 2653 2652  2
1051  2665 2666 2669 2668 2650 2651 2654 2653  2
1052  2666 2430 2431 2669 2651 2425 2426 2654  2
1053  2386 2667 2493 2268 2381 2652 2490 2267  2
1054  2667 2668 2494 2493 2652 2653 2491 2490  2
1055  2668 2669 2495 2494 2653 2654 2492 2491  2
1056  2669 2431 2288 2495 2654 2426 2289 2492  2
1057  2278 2469 2670 2387 2279 2466 2655 2382  2
1058  2469 2470 2671 2670 2466 2467 2656 2655  2
1059  2470 2471 2672 2671 2467 2468 2657 2656  2
1060  2471 2296 2432 2672 2468 2295 2427 2657  2
1061  2387 2670 2673 2388 2382 2655 2658 2383  2
1062  2670 2671 2674 2673 2655 2656 2659 2658  2
1063  2671 2672 2675 2674 2656 2657 2660 2659  2
1064  2672 2432 2433 2675 2657 2427 2428 2660  2
1065  2388 2673 2676 2389 2383 2658 2661 2384  2
1066  2673 2674 2677 2676 2658 2659 2662 2661  2
1067  2674 2675 2678 2677 2659 2660 2663 2662  2
1068  2675 2433 2434 2678 2660 2428 2429 2663  2
1069  2389 2676 2679 2390 2384 2661 2664 2385  2
1070  2676 2677 2680 2679 2661 2662 2665 2664  2
1071  2677 2678 2681 2680 2662 2663 2666 2665  2
1072  2678 2434 2435 2681 2663 2429 2430 2666  2
1073  2390 2679 2682 2391 2385 2664 2667 2386  2
1074  2679 2680 2683 2682 2664 2665 2668 2667  2
1075  2680 2681 2684 2683 2665 2666 2669 2668  2
1076  2681 2435 2436 2684 2666 2430 2431 2669  2
1077  2391 2682 2496 2269 2386 2667 2493 2268  2
1078  2682 2683 2497 2496 2667 2668 2494 2493  2
1079  2683 2684 2498 2497 2668 2669 2495 2494  2
1080  2684 2436 2287 2498 2669 2431 2288 2495  2
1081  2277 2472 2685 2392 2278 2469 2670 2387  2
1082  2472 2473 2686 2685 2469 2470 2671 2670  2
1083  2473 2474 2687 2686 2470 2471 2672 2671  2
1084  2474 2297 2437 2687 2471 2296 2432 2672  2
1085  2392 2685 2688 2393 2387 2670 2673 2388  2
1086  2685 2686 2689 2688 2670 2671 2674 2673  2
1087  2686 2687 2690 2689 2671 2672 2675 2674  2
1088  2687 2437 2438 2690 2672 2432 2433 2675  2
1089  2393 2688 2691 2394 2388 2673 2676 2389  2
1090  2688 2689 2692 2691 2673 2674 2677 2676  2
1091  2689 2690 2693 2692 2674 2675 2678 2677  2
1092  2690 2438 2439 2693 2675 2433 2434 2678  2
1093  2394 2691 2694 2395 2389 2676 2679 2390  2
1094  2691 2692 2695 2694 2676 2677 2680 2679  2
1095  2692 2693 2696 2695 2677 2678 2681 2680  2
1096  2693 2439 2440 2696 2678 2434 2435 2681  2
1097  2395 2694 2697 2396 2390 2679 2682 2391  2
1098  2694 2695 2698 2697 2679 2680 2683 2682  2
1099  2695 2696 2699 2698 2680 2681 2684 2683  2
1100  2696 2440 2441 2699 2681 2435 2436 2684  2
1101  2396 2697 2499 2270 2391 2682 2496 2269  2
1102  2697 2698 2500 2499 2682 2683 2497 2496  2
1103  2698 2699 2501 2500 2683 2684 2498 2497  2
1104  2699 2441 2286 2501 2684 2436 2287 2498  2
1105  2276 2475 2700 2397 2277 2472 2685 2392  2
1106  2475 2476 2701 2700 2472 2473 2686 2685  2
1107  2476 2477 2702 2701 2473 2474 2687 2686  2
1108  2477 2298 2442 2702 2474 2297 2437 2687  2
1109  2397 2700 2703 2398 2392 2685 2688 2393  2
1110  2700 2701 2704 2703 2685 2686 2689 2688  2
1111  2701 2702 2705 2704 2686 2687 2690 2689  2
1112  2702 2442 2443 2705 2687 2437 2438 2690  2
1113  2398 2703 2706 2399 2393 2688 2691 2394  2
1114  2703 2704 2707 2706 2688 2689 2692 2691  2
1115  2704 2705 2708 2707 2689 2690 2693 2692  2
1116  2705 2443 2444 2708 2690 2438 2439 2693  2
1117  2399 2706 2709 2400 2394 2691 2694 2395  2
1118  2706 2707 2710 2709 2691 2692 2695 2694  2
1119  2707 2708 2711 2710 2692 2693 2696 2695  2
1120  2708 2444 2445 2711 2693 2439 2440 2696  2
1121  2400 2709 2712 2401 2395 2694 2697 2396  2
1122  2709 2710 2713 2712 2694 2695 2698 2697  2
1123  2710 2711 2714 2713 2695 2696 2699 2698  2
1124  2711 2445 2446 2714 2696 2440 2441 2699  2
1125  2401 2712 2502 2271 2396 2697 2499 2270  2
1126  2712 2713 2503 2502 2697 2698 2500 2499  2
1127  2713 2714 2504 2503 2698 2699 2501 2500  2
1128  2714 2446 2285 2504 2699 2441 2286 2501  2
1129  2275 2478 2715 2402 2276 2475 2700 2397  2
1130  2478 2479 2716 2715 2475 2476 2701 2700  2
1131  2479 2480 2717 2716 2476 2477 2702 2701  2
1132  2480 2299 2447 2717 2477 2298 2442 2702  2
1133  2402 2715 2718 2403 2397 2700 2703 2398  2
1134  2715 2716 2719 2718 2700 2701 2704 2703  2
1135  2716 2717 2720 2719 2701 2702 2705 2704  2
1136  2717 2447 2448 2720 2702 2442 2443 2705  2
1137  2403 2718 2721 2404 2398 2703 2706 2399  2
1138  2718 2719 2722 2721 2703 2704 2707 2706  2
1139  2719 2720 2723 2722 2704 2705 2708 2707  2
1140  2720 2448 2449 2723 2705 2443 2444 2708  2
1141  2404 2721 2724 2405 2399 2706 2709 2400  2
1142  2721 2722 2725 2724 2706 2707 2710 2709  2
1143  2722 2723 2726 2725 2707 2708 2711 2710  2
1144  2723 2449 2450 2726 2708 2444 2445 2711  2
1145  2405 2724 2727 2406 2400 2709 2712 2401  2
1146  2724 2725 2728 2727 2709 2710 2713 2712  2
1147  2725 2726 2729 2728 2710 2711 2714 2713  2
1148  2726 2450 2451 2729 2711 2445 2446 2714  2
1149  2406 2727 2505 2272 2401 2712 2502 2271  2
1150  2727 2728 2506 2505 2712 2713 2503 2502  2
1151  2728 2729 2507 2506 2713 2714 2504 2503  2
1152  2729 2451 2284 2507 2714 2446 2285 2504  2
1153  2274 2481 2730 2407 2275 2478 2715 2402  2
1154  2481 2482 2731 2730 2478 2479 2716 2715  2
1155  2482 2483 2732 2731 2479 2480 2717 2716  2
1156  2483 2300 2452 2732 2480 2299 2447 2717  2
1157  2407 2730 2733 2408 2402 2715 2718 2403  2
1158  2730 2731 2734 2733 2715 2716 2719 2718  2
1159  2731 2732 2735 2734 2716 2717 2720 2719  2
1160  2732 2452 2453 2735 2717 2447 2448 2720  2
1161  2408 2733 2736 2409 2403 2718 2721 2404  2
1162  2733 2734 2737 2736 2718 2719 2722 2721  2
1163  2734 2735 2738 2737 2719 2720 2723 2722  2
1164  2735 2453 2454 2738 2720 2448 2449 2723  2
1165  2409 2736 2739 2410 2404 2721 2724 2405  2
1166  2736 2737 2740 2739 2721 2722 2725 2724  2
1167  2737 2738 2741 2740 2722 2723 2726 2725  2
1168  2738 2454 2455 2741 2723 2449 2450 2726  2
1169  2410 2739 2742 2411 2405 2724 2727 2406  2
1170  2739 2740 2743 2742 2724 2725 2728 2727  2
1171  2740 2741 2744 2743 2725 2726 2729 2728  2
1172  2741 2455 2456 2744 2726 2450 2451 2729  2
1173  2411 2742 2508 2273 2406 2727 2505 2272  2
1174  2742 2743 2509 2508 2727 2728 2506 2505  2
1175  2743 2744 2510 2509 2728 2729 2507 2506  2
1176  2744 2456 2283 2510 2729 2451 2284 2507  2
1177  2231 2254 2352 2260 2274 2481 2730 2407  2
1178  2254 2253 2353 2352 2481 2482 2731 2730  2
1179  2253 2252 2354 2353 2482 2483 2732 2731  2
1180  2252 2230 2259 2354 2483 2300 2452 2732  2
1181  2260 2352 2355 2261 2407 2730 2733 2408  2
1182  2352 2353 2356 2355 2730 2731 2734 2733  2
1183  2353 2354 2357 2356 2731 2732 2735 2734  2
1184  2354 2259 2258 2357 2732 2452 2453 2735  2
1185  2261 2355 2358 2262 2408 2733 2736 2409  2
1186  2355 2356 2359 2358 2733 2734 2737 2736  2
1187  2356 2357 2360 2359 2734 2735 2738 2737  2
1188  2357 2258 2257 2360 2735 2453 2454 2738  2
1189  2262 2358 2361 2263 2409 2736 2739 2410  2
1190  2358 2359 2362 2361 2736 2737 2740 2739  2
1191  2359 2360 2363 2362 2737 2738 2741 2740  2
1192  2360 2257 2256 2363 2738 2454 2455 2741  2
1193  2263 2361 2364 2264 2410 2739 2742 2411  2
1194  2361 2362 2365 2364 2739 2740 2743 2742  2
1195  2362 2363 2366 2365 2740 2741 2744 2743  2
1196  2363 2256 2255 2366 2741 2455 2456 2744  2
1197  2264 2364 203 19 2411 2742 2508 2273  2
1198  2364 2365 204 203 2742 2743 2509 2508  2
1199  2365 2366 205 204 2743 2744 2510 2509  2
1200  2366 2255 20 205 2744 2456 2283 2510  2
1201  2292 2459 2745 2529 2227 2238 2511 2309  2
1202  2459 2458 2746 2745 2238 2237 2512 2511  2
1203  2458 2457 2747 2746 2237 2236 2513 2512  2
1204  2457 2282 2556 2747 2236 2226 2301 2513  2
1205  2529 2745 2748 2530 2309 2511 2514 2308  2
1206  2745 2746 2749 2748 2511 2512 2515 2514  2
1207  2746 2747 2750 2749 2512 2513 2516 2515  2
1208  2747 2556 2557 2750 2513 2301 2302 2516  2
1209  2530 2748 2751 2531 2308 2514 2517 2307  2
1210  2748 2749 2752 2751 2514 2515 2518 2517  2
1211  2749 2750 2753 2752 2515 2516 2519 2518  2
1212  2750 2557 2558 2753 2516 2302 2303 2519  2
1213  2531 2751 2583 2319 2307 2517 2306 2233  2
1214  2751 2752 2584 2583 2517 2518 2305 2306  2
1215  2752 2753 2585 2584 2518 2519 2304 2305  2
1216  2753 2558 2336 2585 2519 2303 2232 2304  2
1217  2293 2462 2754 2532 2292 2459 2745 2529  2
1218  2462 2461 2755 2754 2459 2458 2746 2745  2
1219  2461 2460 2756 2755 2458 2457 2747 2746  2
1220  2460 2281 2559 2756 2457 2282 2556 2747  2
1221  2532 2754 2757 2533 2529 2745 2748 2530  2
1222  2754 2755 2758 2757 2745 2746 2749 2748  2
1223  2755 2756 2759 2758 2746 2747 2750 2749  2
1224  2756 2559 2560 2759 2747 2556 2557 2750  2
1225  2533 2757 2760 2534 2530 2748 2751 2531  2
1226  2757 2758 2761 2760 2748 2749 2752 2751  2
1227  2758 2759 2762 2761 2749 2750 2753 2752  2
1228  2759 2560 2561 2762 2750 2557 2558 2753  2
1229  2534 2760 2586 2320 2531 2751 2583 2319  2
1230  2760 2761 2587 2586 2751 2752 2584 2583  2
1231  2761 2762 2588 2587 2752 2753 2585 2584  2
1232  2762 2561 2335 2588 2753 2558 2336 2585  2
1233  2294 2465 2763 2535 2293 2462 2754 2532  2
1234  2465 2464 2764 2763 2462 2461 2755 2754  2
1235  2464 2463 2765 2764 2461 2460 2756 2755  2
1236  2463 2280 2562 2765 2460 2281 2559 2756  2
1237  2535 2763 2766 2536 2532 2754 2757 2533  2
1238  2763 2764 2767 2766 2754 2755 2758 2757  2
1239  2764 2765 2768 2767 2755 2756 2759 2758  2
1240  2765 2562 2563 2768 2756 2559 2560 2759  2
1241  2536 2766 2769 2537 2533 2757 2760 2534  2
1242  2766 2767 2770 2769 2757 2758 2761 2760  2
1243  2767 2768 2771 2770 2758 2759 2762 2761  2
1244  2768 2563 2564 2771 2759 2560 2561 2762  2
1245  2537 2769 2589 2321 2534 2760 2586 2320  2
1246  2769 2770 2590 2589 2760 2761 2587 2586  2
1247  2770 2771 2591 2590 2761 2762 2588 2587  2
1248  2771 2564 2334 2591 2762 2561 2335 2588  2
1249  2295 2468 2772 2538 2294 2465 2763 2535  2
1250  2468 2467 2773 2772 2465 2464 2764 2763  2
1251  2467 2466 2774 2773 2464 2463 2765 2764  2
1252  2466 2279 2565 2774 2463 2280 2562 2765  2
1253  2538 2772 2775 2539 2535 2763 2766 2536  2
1254  2772 2773 2776 2775 2763 2764 2767 2766  2
1255  2773 2774 2777 2776 2764 2765 2768 2767  2
1256  2774 2565 2566 2777 2765 2562 2563 2768  2
1257  2539 2775 2778 2540 2536 2766 2769 2537  2
1258  2775 2776 2779 2778 2766 2767 2770 2769  2
1259  2776 2777 2780 2779 2767 2768 2771 2770  2
1260  2777 2566 2567 2780 2768 2563 2564 2771  2
1261  2540 2778 2592 2322 2537 2769 2589 2321  2
1262  2778 2779 2593 2592 2769 2770 2590 2589  2
1263  2779 2780 2594 2593 2770 2771 2591 2590  2
1264  2780 2567 2333 2594 2771 2564 2334 2591  2
1265  2296 2471 2781 2541 2295 2468 2772 2538  2
1266  2471 2470 2782 2781 2468 2467 2773 2772  2
1267  2470 2469 2783 2782 2467 2466 2774 2773  2
1268  2469 2278 2568 2783 2466 2279 2565 2774  2
1269  2541 2781 2784 2542 2538 2772 2775 2539  2
1270  2781 2782 2785 2784 2772 2773 2776 2775  2
1271  2782 2783 2786 2785 2773 2774 2777 2776  2
1272  2783 2568 2569 2786 2774 2565 2566 2777  2
1273  2542 2784 2787 2543 2539 2775 2778 2540  2
1274  2784 2785 2788 2787 2775 2776 2779 2778  2
1275  2785 2786 2789 2788 2776 2777 2780 2779  2
1276  2786 2569 2570 2789 2777 2566 2567 2780  2
1277  2543 2787 2595 2323 2540 2778 2592 2322  2
1278  2787 2788 2596 2595 2778 2779 2593 2592  2
1279  2788 2789 2597 2596 2779 2780 2594 2593  2
1280  2789 2570 2332 2597 2780 2567 2333 2594  2
1281  2297 2474 2790 2544 2296 2471 2781 2541  2
1282  2474 2473 2791 2790 2471 2470 2782 2781  2
1283  2473 2472 2792 2791 2470 2469 2783 2782  2
1284  2472 2277 2571 2792 2469 2278 2568 2783  2
1285  2544 2790 2793 2545 2541 2781 2784 2542  2
1286  2790 2791 2794 2793 2781 2782 2785 2784  2
1287  2791 2792 2795 2794 2782 2783 2786 2785  2
1288  2792 2571 2572 2795 2783 2568 2569 2786  2
1289  2545 2793 2796 2546 2542 2784 2787 2543  2
1290  2793 2794 2797 2796 2784 2785 2788 2787  2
1291  2794 2795 2798 2797 2785 2786 2789 2788  2
1292  2795 2572 2573 2798 2786 2569 2570 2789  2
1293  2546 2796 2598 2324 2543 2787 2595 2323  2
1294  2796 2797 2599 2598 2787 2788 2596 2595  2
1295  2797 2798 2600 2599 2788 2789 2597 2596  2
1296  2798 2573 2331 2600 2789 2570 2332 2597  2
1297  2298 2477 2799 2547 2297 2474 2790 2544  2
1298  2477 2476 2800 2799 2474 2473 2791 2790  2
1299  2476 2475 2801 2800 2473 2472 2792 2791  2
1300  2475 2276 2574 2801 2472 2277 2571 2792  2
1301  2547 2799 2802 2548 2544 2790 2793 2545  2
1302  2799 2800 2803 2802 2790 2791 2794 2793  2
1303  2800 2801 2804 2803 2791 2792 2795 2794  2
1304  2801 2574 2575 2804 2792 2571 2572 2795  2
1305  2548 2802 2805 2549 2545 2793 2796 2546  2
1306  2802 2803 2806 2805 2793 2794 2797 2796  2
1307  2803 2804 2807 2806 2794 2795 2798 2797  2
1308  2804 2575 2576 2807 2795 2572 2573 2798  2
1309  2549 2805 2601 2325 2546 2796 2598 2324  2
1310  2805 2806 2602 2601 2796 2797 2599 2598  2
1311  2806 2807 2603 2602 2797 2798 2600 2599  2
1312  2807 2576 2330 2603 2798 2573 2331 2600  2
1313  2299 2480 2808 2550 2298 2477 2799 2547  2
1314  2480 2479 2809 2808 2477 2476 2800 2799  2
1315  2479 2478 2810 2809 2476 2475 2801 2800  2
1316  2478 2275 2577 2810 2475 2276 2574 2801  2
1317  2550 2808 2811 2551 2547 2799 2802 2548  2
1318  2808 2809 2812 2811 2799 2800 2803 2802  2
1319  2809 2810 2813 2812 2800 2801 2804 2803  2
1320  2810 2577 2578 2813 2801 2574 2575 2804  2
1321  2551 2811 2814 2552 2548 2802 2805 2549  2
1322  2811 2812 2815 2814 2802 2803 2806 2805  2
1323  2812 2813 2816 2815 2803 2804 2807 2806  2
1324  2813 2578 2579 2816 2804 2575 2576 2807  2
1325  2552 2814 2604 2326 2549 2805 2601 2325  2
1326  2814 2815 2605 2604 2805 2806 2602 2601  2
1327  2815 2816 2606 2605 2806 2807 2603 2602  2
1328  2816 2579 2329 2606 2807 2576 2330 2603  2
1329  2300 2483 2817 2553 2299 2480 2808 2550  2
1330  2483 2482 2818 2817 2480 2479 2809 2808  2
1331  2482 2481 2819 2818 2479 2478 2810 2809  2
1332  2481 2274 2580 2819 2478 2275 2577 2810  2
1333  2553 2817 2820 2554 2550 2808 2811 2551  2
1334  2817 2818 2821 2820 2808 2809 2812 2811  2
1335  2818 2819 2822 2821 2809 2810 2813 2812  2
1336  2819 2580 2581 2822 2810 2577 2578 2813  2
1337  2554 2820 2823 2555 2551 2811 2814 2552  2
1338  2820 2821 2824 2823 2811 2812 2815 2814  2
1339  2821 2822 2825 2824 2812 2813 2816 2815  2
1340  2822 2581 2582 2825 2813 2578 2579 2816  2
1341  2555 2823 2607 2327 2552 2814 2604 2326  2
1342  2823 2824 2608 2607 2814 2815 2605 2604  2
1343  2824 2825 2609 2608 2815 2816 2606 2605  2
1344  2825 2582 2328 2609 2816 2579 2329 2606  2
1345  2230 2252 2520 2316 2300 2483 2817 2553  2
1346  2252 2253 2521 2520 2483 2482 2818 2817  2
1347  2253 2254 2522 2521 2482 2481 2819 2818  2
1348  2254 2231 2312 2522 2481 2274 2580 2819  2
1349  2316 2520 2523 2317 2553 2817 2820 2554  2
1350  2520 2521 2524 2523 2817 2818 2821 2820  2
1351  2521 2522 2525 2524 2818 2819 2822 2821  2
1352  2522 2312 2311 2525 2819 2580 2581 2822  2
1353  2317 2523 2526 2318 2554 2820 2823 2555  2
1354  2523 2524 2527 2526 2820 2821 2824 2823  2
1355  2524 2525 2528 2527 2821 2822 2825 2824  2
1356  2525 2311 2310 2528 2822 2581 2582 2825  2
1357  2318 2526 2313 2235 2555 2823 2607 2327  2
1358  2526 2527 2314 2313 2823 2824 2608 2607  2
1359  2527 2528 2315 2314 2824 2825 2609 2608  2
1360  2528 2310 2234 2315 2825 2582 2328 2609  2
1361  2882 3057 3210 2967 2826 2836 2937 2848  2
1362  3057 3058 3211 3210 2836 2837 2938 2937  2
1363  3058 3059 3212 3211 2837 2838 2939 2938  2
1364  3059 2892 3012 3212 2838 2827 2839 2939  2
1365  2967 3210 3213 2968 2848 2937 2940 2847  2
1366  3210 3211 3214 3213 2937 2938 2941 2940  2
1367  3211 3212 3215 3214 2938 2939 2942 2941  2
1368  3212 3012 3013 3215 2939 2839 2840 2942  2
1369  2968 3213 3216 2969 2847 2940 2943 2846  2
1370  3213 3214 3217 3216 2940 2941 2944 2943  2
1371  3214 3215 3218 3217 2941 2942 2945 2944  2
1372  3215 3013 3014 3218 2942 2840 2841 2945  2
1373  2969 3216 3219 2970 2846 2943 2946 2845  2
1374  3216 3217 3220 3219 2943 2944 2947 2946  2
1375  3217 3218 3221 3220 2944 2945 2948 2947  2
1376  3218 3014 3015 3221 2945 2841 2842 2948  2
1377  2970 3219 3222 2971 2845 2946 2949 2844  2
1378  3219 3220 3223 3222 2946 2947 2950 2949  2
1379  3220 3221 3224 3223 2947 2948 2951 2950  2
1380  3221 3015 3016 3224 2948 2842 2843 2951  2
1381  2971 3222 3084 2865 2844 2949 226 22  2
1382  3222 3223 3085 3084 2949 2950 225 226  2
1383  3223 3224 3086 3085 2950 2951 224 225  2
1384  3224 3016 2891 3086 2951 2843 21 224  2
1385  2881 3060 3225 2972 2882 3057 3210 2967  2
1386  3060 3061 3226 3225 3057 3058 3211 3210  2
1387  3061 3062 3227 3226 3058 3059 3212 3211  2
1388  3062 2893 3017 3227 3059 2892 3012 3212  2
1389  2972 3225 3228 2973 2967 3210 3213 2968  2
1390  3225 3226 3229 3228 3210 3211 3214 3213  2
1391  3226 3227 3230 3229 3211 3212 3215 3214  2
1392  3227 3017 3018 3230 3212 3012 3013 3215  2
1393  2973 3228 3231 2974 2968 3213 3216 2969  2
1394  3228 3229 3232 3231 3213 3214 3217 3216  2
1395  3229 3230 3233 3232 3214 3215 3218 3217  2
1396  3230 3018 3019 3233 3215 3013 3014 3218  2
1397  2974 3231 3234 2975 2969 3216 3219 2970  2
1398  3231 3232 3235 3234 3216 3217 3220 3219  2
1399  3232 3233 3236 3235 3217 3218 3221 3220  2
1400  3233 3019 3020 3236 3218 3014 3015 3221  2
1401  2975 3234 3237 2976 2970 3219 3222 2971  2
1402  3234 3235 3238 3237 3219 3220 3223 3222  2
1403  3235 3236 3239 3238 3220 3221 3224 3223  2
1404  3236 3020 3021 3239 3221 3015 3016 3224  2
1405  2976 3237 3087 2866 2971 3222 3084 2865  2
1406  3237 3238 3088 3087 3222 3223 3085 3084  2
1407  3238 3239 3089 3088 3223 3224 3086 3085  2
1408  3239 3021 2890 3089 3224 3016 2891 3086  2
1409  2880 3063 3240 2977 2881 3060 3225 2972  2
1410  3063 3064 3241 3240 3060 3061 3226 3225  2
1411  3064 3065 3242 3241 3061 3062 3227 3226  2
1412  3065 2894 3022 3242 3062 2893 3017 3227  2
1413  2977 3240 3243 2978 2972 3225 3228 2973  2
1414  3240 3241 3244 3243 3225 3226 3229 3228  2
1415  3241 3242 3245 3244 3226 3227 3230 3229  2
1416  3242 3022 3023 3245 3227 3017 3018 3230  2
1417  2978 3243 3246 2979 2973 3228 3231 2974  2
1418  3243 3244 3247 3246 3228 3229 3232 3231  2
1419  3244 3245 3248 3247 3229 3230 3233 3232  2
1420  3245 3023 3024 3248 3230 3018 3019 3233  2
1421  2979 3246 3249 2980 2974 3231 3234 2975  2
1422  3246 3247 3250 3249 3231 3232 3235 3234  2
1423  3247 3248 3251 3250 3232 3233 3236 3235  2
1424  3248 3024 3025 3251 3233 3019 3020 3236  2
1425  2980 3249 3252 2981 2975 3234 3237 2976  2
1426  3249 3250 3253 3252 3234 3235 3238 3237  2
1427  3250 3251 3254 3253 3235 3236 3239 3238  2
1428  3251 3025 3026 3254 3236 3020 3021 3239  2
1429  2981 3252 3090 2867 2976 3237 3087 2866  2
1430  3252 3253 3091 3090 3237 3238 3088 3087  2
1431  3253 3254 3092 3091 3238 3239 3089 3088  2
1432  3254 3026 2889 3092 3239 3021 2890 3089  2
1433  2879 3066 3255 2982 2880 3063 3240 2977  2
1434  3066 3067 3256 3255 3063 3064 3241 3240  2
1435  3067 3068 3257 3256 3064 3065 3242 3241  2
1436  3068 2895 3027 3257 3065 2894 3022 3242  2
1437  2982 3255 3258 2983 2977 3240 3243 2978  2
1438  3255 3256 3259 3258 3240 3241 3244 3243  2
1439  3256 3257 3260 3259 3241 3242 3245 3244  2
1440  3257 3027 3028 3260 3242 3022 3023 3245  2
1441  2983 3258 3261 2984 2978 3243 3246 2979  2
1442  3258 3259 3262 3261 3243 3244 3247 3246  2
1443  3259 3260 3263 3262 3244 3245 3248 3247  2
1444  3260 3028 3029 3263 3245 3023 3024 3248  2
1445  2984 3261 3264 2985 2979 3246 3249 2980  2
1446  3261 3262 3265 3264 3246 3247 3250 3249  2
1447  3262 3263 3266 3265 3247 3248 3251 3250  2
1448  3263 3029 3030 3266 3248 3024 3025 3251  2
1449  2985 3264 3267 2986 2980 3249 3252 2981  2
1450  3264 3265 3268 3267 3249 3250 3253 3252  2
1451  3265 3266 3269 3268 3250 3251 3254 3253  2
1452  3266 3030 3031 3269 3251 3025 3026 3254  2
1453  2986 3267 3093 2868 2981 3252 3090 2867  2
1454  3267 3268 3094 3093 3252 3253 3091 3090  2
1455  3268 3269 3095 3094 3253 3254 3092 3091  2
1456  3269 3031 2888 3095 3254 3026 2889 3092  2
1457  2878 3069 3270 2987 2879 3066 3255 2982  2
1458  3069 3070 3271 3270 3066 3067 3256 3255  2
1459  3070 3071 3272 3271 3067 3068 3257 3256  2
1460  3071 2896 3032 3272 3068 2895 3027 3257  2
1461  2987 3270 3273 2988 2982 3255 3258 2983  2
1462  3270 3271 3274 3273 3255 3256 3259 3258  2
1463  3271 3272 3275 3274 3256 3257 3260 3259  2
1464  3272 3032 3033 3275 3257 3027 3028 3260  2
1465  2988 3273 3276 2989 2983 3258 3261 2984  2
1466  3273 3274 3277 3276 3258 3259 3262 3261  2
1467  3274 3275 3278 3277 3259 3260 3263 3262  2
1468  3275 3033 3034 3278 3260 3028 3029 3263  2
1469  2989 3276 3279 2990 2984 3261 3264 2985  2
1470  3276 3277 3280 3279 3261 3262 3265 3264  2
1471  3277 3278 3281 3280 3262 3263 3266 3265  2
1472  3278 3034 3035 3281 3263 3029 3030 3266  2
1473  2990 3279 3282 2991 2985 3264 3267 2986  2
1474  3279 3280 3283 3282 3264 3265 3268 3267  2
1475  3280 3281 3284 3283 3265 3266 3269 3268  2
1476  3281 3035 3036 3284 3266 3030 3031 3269  2
1477  2991 3282 3096 2869 2986 3267 3093 2868  2
1478  3282 3283 3097 3096 3267 3268 3094 3093  2
1479  3283 3284 3098 3097 3268 3269 3095 3094  2
1480  3284 3036 2887 3098 3269 3031 2888 3095  2
1481  2877 3072 3285 2992 2878 3069 3270 2987  2
1482  3072 3073 3286 3285 3069 3070 3271 3270  2
1483  3073 3074 3287 3286 3070 3071 3272 3271  2
1484  3074 2897 3037 3287 3071 2896 3032 3272  2
1485  2992 3285 3288 2993 2987 3270 3273 2988  2
1486  3285 3286 3289 3288 3270 3271 3274 3273  2
1487  3286 3287 3290 3289 3271 3272 3275 3274  2
1488  3287 3037 3038 3290 3272 3032 3033 3275  2
1489  2993 3288 3291 2994 2988 3273 3276 2989  2
1490  3288 3289 3292 3291 3273 3274 3277 3276  2
1491  3289 3290 3293 3292 3274 3275 3278 3277  2
1492  3290 3038 3039 3293 3275 3033 3034 3278  2
1493  2994 3291 3294 2995 2989 3276 3279 2990  2
1494  3291 3292 3295 3294 3276 3277 3280 3279  2
1495  3292 3293 3296 3295 3277 3278 3281 3280  2
1496  3293 3039 3040 3296 3278 3034 3035 3281  2
1497  2995 3294 3297 2996 2990 3279 3282 2991  2
1498  3294 3295 3298 3297 3279 3280 3283 3282  2
1499  3295 3296 3299 3298 3280 3281 3284 3283  2
1500  3296 3040 3041 3299 3281 3035 3036 3284  2
1501  2996 3297 3099 2870 2991 3282 3096 2869  2
1502  3297 3298 3100 3099 3282 3283 3097 3096  2
1503  3298 3299 3101 3100 3283 3284 3098 3097  2
1504  3299 3041 2886 3101 3284 3036 2887 3098  2
1505  2876 3075 3300 2997 2877 3072 3285 2992  2
1506  3075 3076 3301 3300 3072 3073 3286 3285  2
1507  3076 3077 3302 3301 3073 3074 3287 3286  2
1508  3077 2898 3042 3302 3074 2897 3037 3287  2
1509  2997 3300 3303 2998 2992 3285 3288 2993  2
1510  3300 3301 3304 3303 3285 3286 3289 3288  2
1511  3301 3302 3305 3304 3286 3287 3290 3289  2
1512  3302 3042 3043 3305 3287 3037 3038 3290  2
1513  2998 3303 3306 2999 2993 3288 3291 2994  2
1514  3303 3304 3307 3306 3288 3289 3292 3291  2
1515  3304 3305 3308 3307 3289 3290 3293 3292  2
1516  3305 3043 3044 3308 3290 3038 3039 3293  2
1517  2999 3306 3309 3000 2994 3291 3294 2995  2
1518  3306 3307 3310 3309 3291 3292 3295 3294  2
1519  3307 3308 3311 3310 3292 3293 3296 3295  2
1520  3308 3044 3045 3311 3293 3039 3040 3296  2
1521  3000 3309 3312 3001 2995 3294 3297 2996  2
1522  3309 3310 3313 3312 3294 3295 3298 3297  2
1523  3310 3311 3314 3313 3295 3296 3299 3298  2
1524  3311 3045 3046 3314 3296 3040 3041 3299  2
1525  3001 3312 3102 2871 2996 3297 3099 2870  2
1526  3312 3313 3103 3102 3297 3298 3100 3099  2
1527  3313 3314 3104 3103 3298 3299 3101 3100  2
1528  3314 3046 2885 3104 3299 3041 2886 3101  2
1529  2875 3078 3315 3002 2876 3075 3300 2997  2
1530  3078 3079 3316 3315 3075 3076 3301 3300  2
1531  3079 3080 3317 3316 3076 3077 3302 3301  2
1532  3080 2899 3047 3317 3077 2898 3042 3302  2
1533  3002 3315 3318 3003 2997 3300 3303 2998  2
1534  3315 3316 3319 3318 3300 3301 3304 3303  2
1535  3316 3317 3320 3319 3301 3302 3305 3304  2
1536  3317 3047 3048 3320 3302 3042 3043 3305  2
1537  3003 3318 3321 3004 2998 3303 3306 2999  2
1538  3318 3319 3322 3321 3303 3304 3307 3306  2
1539  3319 3320 3323 3322 3304 3305 3308 3307  2
1540  3320 3048 3049 3323 3305 3043 3044 3308  2
1541  3004 3321 3324 3005 2999 3306 3309 3000  2
1542  3321 3322 3325 3324 3306 3307 3310 3309  2
1543  3322 3323 3326 3325 3307 3308 3311 3310  2
1544  3323 3049 3050 3326 3308 3044 3045 3311  2
1545  3005 3324 3327 3006 3000 3309 3312 3001  2
1546  3324 3325 3328 3327 3309 3310 3313 3312  2
1547  3325 3326 3329 3328 3310 3311 3314 3313  2
1548  3326 3050 3051 3329 3311 3045 3046 3314  2
1549  3006 3327 3105 2872 3001 3312 3102 2871  2
1550  3327 3328 3106 3105 3312 3313 3103 3102  2
1551  3328 3329 3107 3106 3313 3314 3104 3103  2
1552  3329 3051 2884 3107 3314 3046 2885 3104  2
1553  2874 3081 3330 3007 2875 3078 3315 3002  2
1554  3081 3082 3331 3330 3078 3079 3316 3315  2
1555  3082 3083 3332 3331 3079 3080 3317 3316  2
1556  3083 2900 3052 3332 3080 2899 3047 3317  2
1557  3007 3330 3333 3008 3002 3315 3318 3003  2
1558  3330 3331 3334 3333 3315 3316 3319 3318  2
1559  3331 3332 3335 3334 3316 3317 3320 3319  2
1560  3332 3052 3053 3335 3317 3047 3048 3320  2
1561  3008 3333 3336 3009 3003 3318 3321 3004  2
1562  3333 3334 3337 3336 3318 3319 3322 3321  2
1563  3334 3335 3338 3337 3319 3320 3323 3322  2
1564  3335 3053 3054 3338 3320 3048 3049 3323  2
1565  3009 3336 3339 3010 3004 3321 3324 3005  2
1566  3336 3337 3340 3339 3321 3322 3325 3324  2
1567  3337 3338 3341 3340 3322 3323 3326 3325  2
1568  3338 3054 3055 3341 3323 3049 3050 3326  2
1569  3010 3339 3342 3011 3005 3324 3327 3006  2
1570  3339 3340 3343 3342 3324 3325 3328 3327  2
1571  3340 3341 3344 3343 3325 3326 3329 3328  2
1572  3341 3055 3056 3344 3326 3050 3051 3329  2
1573  3011 3342 3108 2873 3006 3327 3105 2872  2
1574  3342 3343 3109 3108 3327 3328 3106 3105  2
1575  3343 3344 3110 3109 3328 3329 3107 3106  2
1576  3344 3056 2883 3110 3329 3051 2884 3107  2
1577  2831 2851 2952 2860 2874 3081 3330 3007  2
1578  2851 2850 2953 2952 3081 3082 3331 3330  2
1579  2850 2849 2954 2953 3082 3083 3332 3331  2
1580  2849 2828 2856 2954 3083 2900 3052 3332  2
1581  2860 2952 2955 2861 3007 3330 3333 3008  2
1582  2952 2953 2956 2955 3330 3331 3334 3333  2
1583  2953 2954 2957 2956 3331 3332 3335 3334  2
1584  2954 2856 2855 2957 3332 3052 3053 3335  2
1585  2861 2955 2958 2862 3008 3333 3336 3009  2
1586  2955 2956 2959 2958 3333 3334 3337 3336  2
1587  2956 2957 2960 2959 3334 3335 3338 3337  2
1588  2957 2855 2854 2960 3335 3053 3054 3338  2
1589  2862 2958 2961 2863 3009 3336 3339 3010  2
1590  2958 2959 2962 2961 3336 3337 3340 3339  2
1591  2959 2960 2963 2962 3337 3338 3341 3340  2
1592  2960 2854 2853 2963 3338 3054 3055 3341  2
1593  2863 2961 2964 2864 3010 3339 3342 3011  2
1594  2961 2962 2965 2964 3339 3340 3343 3342  2
1595  2962 2963 2966 2965 3340 3341 3344 3343  2
1596  2963 2853 2852 2966 3341 3055 3056 3344  2
1597  2864 2964 2857 2830 3011 3342 3108 2873  2
1598  2964 2965 2858 2857 3342 3343 3109 3108  2
1599  2965 2966 2859 2858 3343 3344 3110 3109  2
1600  2966 2852 2829 2859 3344 3056 2883 3110  2
1601  2892 3059 3345 3129 2827 2838 3111 2909  2
1602  3059 3058 3346 3345 2838 2837 3112 3111  2
1603  3058 3057 3347 3346 2837 2836 3113 3112  2
1604  3057 2882 3156 3347 2836 2826 2901 3113  2
1605  3129 3345 3348 3130 2909 3111 3114 2908  2
1606  3345 3346 3349 3348 3111 3112 3115 3114  2
1607  3346 3347 3350 3349 3112 3113 3116 3115  2
1608  3347 3156 3157 3350 3113 2901 2902 3116  2
1609  3130 3348 3351 3131 2908 3114 3117 2907  2
1610  3348 3349 3352 3351 3114 3115 3118 3117  2
1611  3349 3350 3353 3352 3115 3116 3119 3118  2
1612  3350 3157 3158 3353 3116 2902 2903 3119  2
1613  3131 3351 3183 2919 2907 3117 2906 2833  2
1614  3351 3352 3184 3183 3117 3118 2905 2906  2
1615  3352 3353 3185 3184 3118 3119 2904 2905  2
1616  3353 3158 2936 3185 3119 2903 2832 2904  2
1617  2893 3062 3354 3132 2892 3059 3345 3129  2
1618  3062 3061 3355 3354 3059 3058 3346 3345  2
1619  3061 3060 3356 3355 3058 3057 3347 3346  2
1620  3060 2881 3159 3356 3057 2882 3156 3347  2
1621  3132 3354 3357 3133 3129 3345 3348 3130  2
1622  3354 3355 3358 3357 3345 3346 3349 3348  2
1623  3355 3356 3359 3358 3346 3347 3350 3349  2
1624  3356 3159 3160 3359 3347 3156 3157 3350  2
1625  3133 3357 3360 3134 3130 3348 3351 3131  2
1626  3357 3358 3361 3360 3348 3349 3352 3351  2
1627  3358 3359 3362 3361 3349 3350 3353 3352  2
1628  3359 3160 3161 3362 3350 3157 3158 3353  2
1629  3134 3360 3186 2920 3131 3351 3183 2919  2
1630  3360 3361 3187 3186 3351 3352 3184 3183  2
1631  3361 3362 3188 3187 3352 3353 3185 3184  2
1632  3362 3161 2935 3188 3353 3158 2936 3185  2
1633  2894 3065 3363 3135 2893 3062 3354 3132  2
1634  3065 3064 3364 3363 3062 3061 3355 3354  2
1635  3064 3063 3365 3364 3061 3060 3356 3355  2
1636  3063 2880 3162 3365 3060 2881 3159 3356  2
1637  3135 3363 3366 3136 3132 3354 3357 3133  2
1638  3363 3364 3367 3366 3354 3355 3358 3357  2
1639  3364 3365 3368 3367 3355 3356 3359 3358  2
1640  3365 3162 3163 3368 3356 3159 3160 3359  2
1641  3136 3366 3369 3137 3133 3357 3360 3134  2
1642  3366 3367 3370 3369 3357 3358 3361 3360  2
1643  3367 3368 3371 3370 3358 3359 3362 3361  2
1644  3368 3163 3164 3371 3359 3160 3161 3362  2
1645  3137 3369 3189 2921 3134 3360 3186 2920  2
1646  3369 3370 3190 3189 3360 3361 3187 3186  2
1647  3370 3371 3191 3190 3361 3362 3188 3187  2
1648  3371 3164 2934 3191 3362 3161 2935 3188  2
1649  2895 3068 3372 3138 2894 3065 3363 3135  2
1650  3068 3067 3373 3372 3065 3064 3364 3363  2
1651  3067 3066 3374 3373 3064 3063 3365 3364  2
1652  3066 2879 3165 3374 3063 2880 3162 3365  2
1653  3138 3372 3375 3139 3135 3363 3366 3136  2
1654  3372 3373 3376 3375 3363 3364 3367 3366  2
1655  3373 3374 3377 3376 3364 3365 3368 3367  2
1656  3374 3165 3166 3377 3365 3162 3163 3368  2
1657  3139 3375 3378 3140 3136 3366 3369 3137  2
1658  3375 3376 3379 3378 3366 3367 3370 3369  2
1659  3376 3377 3380 3379 3367 3368 3371 3370  2
1660  3377 3166 3167 3380 3368 3163 3164 3371  2
1661  3140 3378 3192 2922 3137 3369 3189 2921  2
1662  3378 3379 3193 3192 3369 3370 3190 3189  2
1663  3379 3380 3194 3193 3370 3371 3191 3190  2
1664  3380 3167 2933 3194 3371 3164 2934 3191  2
1665  2896 3071 3381 3141 2895 3068 3372 3138  2
1666  3071 3070 3382 3381 3068 3067 3373 3372  2
1667  3070 3069 3383 3382 3067 3066 3374 3373  2
1668  3069 2878 3168 3383 3066 2879 3165 3374  2
1669  3141 3381 3384 3142 3138 3372 3375 3139  2
1670  3381 3382 3385 3384 3372 3373 3376 3375  2
1671  3382 3383 3386 3385 3373 3374 3377 3376  2
1672  3383 3168 3169 3386 3374 3165 3166 3377  2
1673  3142 3384 3387 3143 3139 3375 3378 3140  2
1674  3384 3385 3388 3387 3375 3376 3379 3378  2
1675  3385 3386 3389 3388 3376 3377 3380 3379  2
1676  3386 3169 3170 3389 3377 3166 3167 3380  2
1677  3143 3387 3195 2923 3140 3378 3192 2922  2
1678  3387 3388 3196 3195 3378 3379 3193 3192  2
1679  3388 3389 3197 3196 3379 3380 3194 3193  2
1680  3389 3170 2932 3197 3380 3167 2933 3194  2
1681  2897 3074 3390 3144 2896 3071 3381 3141  2
1682  3074 3073 3391 3390 3071 3070 3382 3381  2
1683  3073 3072 3392 3391 3070 3069 3383 3382  2
1684  3072 2877 3171 3392 3069 2878 3168 3383  2
1685  3144 3390 3393 3145 3141 3381 3384 3142  2
1686  3390 3391 3394 3393 3381 3382 3385 3384  2
1687  3391 3392 3395 3394 3382 3383 3386 3385  2
1688  3392 3171 3172 3395 3383 3168 3169 3386  2
1689  3145 3393 3396 3146 3142 3384 3387 3143  2
1690  3393 3394 3397 3396 3384 3385 3388 3387  2
1691  3394 3395 3398 3397 3385 3386 3389 3388  2
1692  3395 3172 3173 3398 3386 3169 3170 3389  2
1693  3146 3396 3198 2924 3143 3387 3195 2923  2
1694  3396 3397 3199 3198 3387 3388 3196 3195  2
1695  3397 3398 3200 3199 3388 3389 3197 3196  2
1696  3398 3173 2931 3200 3389 3170 2932 3197  2
1697  2898 3077 3399 3147 2897 3074 3390 3144  2
1698  3077 3076 3400 3399 3074 3073 3391 3390  2
1699  3076 3075 3401 3400 3073 3072 3392 3391  2
1700  3075 2876 3174 3401 3072 2877 3171 3392  2
1701  3147 3399 3402 3148 3144 3390 3393 3145  2
1702  3399 3400 3403 3402 3390 3391 3394 3393  2
1703  3400 3401 3404 3403 3391 3392 3395 3394  2
1704  3401 3174 3175 3404 3392 3171 3172 3395  2
1705  3148 3402 3405 3149 3145 3393 3396 3146  2
1706  3402 3403 3406 3405 3393 3394 3397 3396  2
1707  3403 3404 3407 3406 3394 3395 3398 3397  2
1708  3404 3175 3176 3407 3395 3172 3173 3398  2
1709  3149 3405 3201 2925 3146 3396 3198 2924  2
1710  3405 3406 3202 3201 3396 3397 3199 3198  2
1711  3406 3407 3203 3202 3397 3398 3200 3199  2
1712  3407 3176 2930 3203 3398 3173 2931 3200  2
1713  2899 3080 3408 3150 2898 3077 3399 3147  2
1714  3080 3079 3409 3408 3077 3076 3400 3399  2
1715  3079 3078 3410 3409 3076 3075 3401 3400  2
1716  3078 2875 3177 3410 3075 2876 3174 3401  2
1717  3150 3408 3411 3151 3147 3399 3402 3148  2
1718  3408 3409 3412 3411 3399 3400 3403 3402  2
1719  3409 3410 3413 3412 3400 3401 3404 3403  2
1720  3410 3177 3178 3413 3401 3174 3175 3404  2
1721  3151 3411 3414 3152 3148 3402 3405 3149  2
1722  3411 3412 3415 3414 3402 3403 3406 3405  2
1723  3412 3413 3416 3415 3403 3404 3407 3406  2
1724  3413 3178 3179 3416 3404 3175 3176 3407  2
1725  3152 3414 3204 2926 3149 3405 3201 2925  2
1726  3414 3415 3205 3204 3405 3406 3202 3201  2
1727  3415 3416 3206 3205 3406 3407 3203 3202  2
1728  3416 3179 2929 3206 3407 3176 2930 3203  2
1729  2900 3083 3417 3153 2899 3080 3408 3150  2
1730  3083 3082 3418 3417 3080 3079 3409 3408  2
1731  3082 3081 3419 3418 3079 3078 3410 3409  2
1732  3081 2874 3180 3419 3078 2875 3177 3410  2
1733  3153 3417 3420 3154 3150 3408 3411 3151  2
1734  3417 3418 3421 3420 3408 3409 3412 3411  2
1735  3418 3419 3422 3421 3409 3410 3413 3412  2
1736  3419 3180 3181 3422 3410 3177 3178 3413  2
1737  3154 3420 3423 3155 3151 3411 3414 3152  2
1738  3420 3421 3424 3423 3411 3412 3415 3414  2
1739  3421 3422 3425 3424 3412 3413 3416 3415  2
1740  3422 3181 3182 3425 3413 3178 3179 3416  2
1741  3155 3423 3207 2927 3152 3414 3204 2926  2
1742  3423 3424 3208 3207 3414 3415 3205 3204  2
1743  3424 3425 3209 3208 3415 3416 3206 3205  2
1744  3425 3182 2928 3209 3416 3179 2929 3206  2
1745  2828 2849 3120 2916 2900 3083 3417 3153  2
1746  2849 2850 3121 3120 3083 3082 3418 3417  2
1747  2850 2851 3122 3121 3082 3081 3419 3418  2
1748  2851 2831 2912 3122 3081 2874 3180 3419  2
1749  2916 3120 3123 2917 3153 3417 3420 3154  2
1750  3120 3121 3124 3123 3417 3418 3421 3420  2
1751  3121 3122 3125 3124 3418 3419 3422 3421  2
1752  3122 2912 2911 3125 3419 3180 3181 3422  2
1753  2917 3123 3126 2918 3154 3420 3423 3155  2
1754  3123 3124 3127 3126 3420 3421 3424 3423  2
1755  3124 3125 3128 3127 3421 3422 3425 3424  2
1756  3125 2911 2910 3128 3422 3181 3182 3425  2
1757  2918 3126 2913 2835 3155 3423 3207 2927  2
1758  3126 3127 2914 2913 3423 3424 3208 3207  2
1759  3127 3128 2915 2914 3424 3425 3209 3208  2
1760  3128 2910 2834 2915 3425 3182 2928 3209  2
