TITLE : Bridge-1 Self-Weight (Abaqus->STAP, coincident nodes merged)

        (11:13:07 on June 9, 2026, Tuesday)

C O N T R O L   I N F O R M A T I O N

	  NUMBER OF NODAL POINTS . . . . . . . . . . (NUMNP)  =  4085
	  NUMBER OF ELEMENT GROUPS . . . . . . . . . (NUMEG)  =     4
	  NUMBER OF LOAD CASES . . . . . . . . . . . (NLCASE) =     1
	  SOLUTION MODE  . . . . . . . . . . . . . . (MODEX)  =     1
		 EQ.0, DATA CHECK
		 EQ.1, EXECUTION

 N O D A L   P O I N T   D A T A

    NODE       BOUNDARY                         NODAL POINT
   NUMBER  CONDITION  CODES                     COORDINATES
        1    0    0    0    0    0    0   2.000000e+02  -1.000000e+01   0.000000e+00
        2    0    0    0    0    0    0   2.000000e+02   1.000000e+01   0.000000e+00
        3    0    0    0    0    0    0   1.500000e+02   1.000000e+01   0.000000e+00
        4    0    0    0    0    0    0   1.500000e+02  -1.000000e+01   0.000000e+00
        5    0    0    0    0    0    0   1.000000e+02   1.000000e+01   0.000000e+00
        6    0    0    0    0    0    0   1.000000e+02  -1.000000e+01   0.000000e+00
        7    0    0    0    0    0    0   5.000000e+01   1.000000e+01   0.000000e+00
        8    0    0    0    0    0    0   5.000000e+01  -1.000000e+01   0.000000e+00
        9    0    0    0    0    0    0   0.000000e+00   1.000000e+01   0.000000e+00
       10    0    0    0    0    0    0   0.000000e+00  -1.000000e+01   0.000000e+00
       11    0    0    0    0    0    0  -5.000000e+01   1.000000e+01   0.000000e+00
       12    0    0    0    0    0    0  -5.000000e+01  -1.000000e+01   0.000000e+00
       13    0    0    0    0    0    0  -1.000000e+02   1.000000e+01   0.000000e+00
       14    0    0    0    0    0    0  -1.000000e+02  -1.000000e+01   0.000000e+00
       15    0    0    0    0    0    0  -1.500000e+02   1.000000e+01   0.000000e+00
       16    0    0    0    0    0    0  -1.500000e+02  -1.000000e+01   0.000000e+00
       17    0    0    0    0    0    0  -2.000000e+02   1.000000e+01   0.000000e+00
       18    0    0    0    0    0    0  -2.000000e+02  -1.000000e+01   0.000000e+00
       19    0    0    0    0    0    0  -2.500000e+02   1.000000e+01   0.000000e+00
       20    0    0    0    0    0    0  -2.500000e+02  -1.000000e+01   0.000000e+00
       21    0    0    0    0    0    0   2.500000e+02  -1.000000e+01   0.000000e+00
       22    0    0    0    0    0    0   2.500000e+02   1.000000e+01   0.000000e+00
       23    0    0    0    0    0    0   2.000000e+02  -5.000000e+00   0.000000e+00
       24    0    0    0    0    0    0   2.000000e+02   0.000000e+00   0.000000e+00
       25    0    0    0    0    0    0   2.000000e+02   5.000000e+00   0.000000e+00
       26    0    0    0    0    0    0   1.950000e+02   1.000000e+01   0.000000e+00
       27    0    0    0    0    0    0   1.900000e+02   1.000000e+01   0.000000e+00
       28    0    0    0    0    0    0   1.850000e+02   1.000000e+01   0.000000e+00
       29    0    0    0    0    0    0   1.800000e+02   1.000000e+01   0.000000e+00
       30    0    0    0    0    0    0   1.750000e+02   1.000000e+01   0.000000e+00
       31    0    0    0    0    0    0   1.700000e+02   1.000000e+01   0.000000e+00
       32    0    0    0    0    0    0   1.650000e+02   1.000000e+01   0.000000e+00
       33    0    0    0    0    0    0   1.600000e+02   1.000000e+01   0.000000e+00
       34    0    0    0    0    0    0   1.550000e+02   1.000000e+01   0.000000e+00
       35    0    0    0    0    0    0   1.500000e+02   5.000000e+00   0.000000e+00
       36    0    0    0    0    0    0   1.500000e+02   0.000000e+00   0.000000e+00
       37    0    0    0    0    0    0   1.500000e+02  -5.000000e+00   0.000000e+00
       38    0    0    0    0    0    0   1.550000e+02  -1.000000e+01   0.000000e+00
       39    0    0    0    0    0    0   1.600000e+02  -1.000000e+01   0.000000e+00
       40    0    0    0    0    0    0   1.650000e+02  -1.000000e+01   0.000000e+00
       41    0    0    0    0    0    0   1.700000e+02  -1.000000e+01   0.000000e+00
       42    0    0    0    0    0    0   1.750000e+02  -1.000000e+01   0.000000e+00
       43    0    0    0    0    0    0   1.800000e+02  -1.000000e+01   0.000000e+00
       44    0    0    0    0    0    0   1.850000e+02  -1.000000e+01   0.000000e+00
       45    0    0    0    0    0    0   1.900000e+02  -1.000000e+01   0.000000e+00
       46    0    0    0    0    0    0   1.950000e+02  -1.000000e+01   0.000000e+00
       47    0    0    0    0    0    0   1.450000e+02   1.000000e+01   0.000000e+00
       48    0    0    0    0    0    0   1.400000e+02   1.000000e+01   0.000000e+00
       49    0    0    0    0    0    0   1.350000e+02   1.000000e+01   0.000000e+00
       50    0    0    0    0    0    0   1.300000e+02   1.000000e+01   0.000000e+00
       51    0    0    0    0    0    0   1.250000e+02   1.000000e+01   0.000000e+00
       52    0    0    0    0    0    0   1.200000e+02   1.000000e+01   0.000000e+00
       53    0    0    0    0    0    0   1.150000e+02   1.000000e+01   0.000000e+00
       54    0    0    0    0    0    0   1.100000e+02   1.000000e+01   0.000000e+00
       55    0    0    0    0    0    0   1.050000e+02   1.000000e+01   0.000000e+00
       56    0    0    0    0    0    0   1.000000e+02   5.000000e+00   0.000000e+00
       57    0    0    0    0    0    0   1.000000e+02   0.000000e+00   0.000000e+00
       58    0    0    0    0    0    0   1.000000e+02  -5.000000e+00   0.000000e+00
       59    0    0    0    0    0    0   1.050000e+02  -1.000000e+01   0.000000e+00
       60    0    0    0    0    0    0   1.100000e+02  -1.000000e+01   0.000000e+00
       61    0    0    0    0    0    0   1.150000e+02  -1.000000e+01   0.000000e+00
       62    0    0    0    0    0    0   1.200000e+02  -1.000000e+01   0.000000e+00
       63    0    0    0    0    0    0   1.250000e+02  -1.000000e+01   0.000000e+00
       64    0    0    0    0    0    0   1.300000e+02  -1.000000e+01   0.000000e+00
       65    0    0    0    0    0    0   1.350000e+02  -1.000000e+01   0.000000e+00
       66    0    0    0    0    0    0   1.400000e+02  -1.000000e+01   0.000000e+00
       67    0    0    0    0    0    0   1.450000e+02  -1.000000e+01   0.000000e+00
       68    0    0    0    0    0    0   9.500000e+01   1.000000e+01   0.000000e+00
       69    0    0    0    0    0    0   9.000000e+01   1.000000e+01   0.000000e+00
       70    0    0    0    0    0    0   8.500000e+01   1.000000e+01   0.000000e+00
       71    0    0    0    0    0    0   8.000000e+01   1.000000e+01   0.000000e+00
       72    0    0    0    0    0    0   7.500000e+01   1.000000e+01   0.000000e+00
       73    0    0    0    0    0    0   7.000000e+01   1.000000e+01   0.000000e+00
       74    0    0    0    0    0    0   6.500000e+01   1.000000e+01   0.000000e+00
       75    0    0    0    0    0    0   6.000000e+01   1.000000e+01   0.000000e+00
       76    0    0    0    0    0    0   5.500000e+01   1.000000e+01   0.000000e+00
       77    0    0    0    0    0    0   5.000000e+01   5.000000e+00   0.000000e+00
       78    0    0    0    0    0    0   5.000000e+01   0.000000e+00   0.000000e+00
       79    0    0    0    0    0    0   5.000000e+01  -5.000000e+00   0.000000e+00
       80    0    0    0    0    0    0   5.500000e+01  -1.000000e+01   0.000000e+00
       81    0    0    0    0    0    0   6.000000e+01  -1.000000e+01   0.000000e+00
       82    0    0    0    0    0    0   6.500000e+01  -1.000000e+01   0.000000e+00
       83    0    0    0    0    0    0   7.000000e+01  -1.000000e+01   0.000000e+00
       84    0    0    0    0    0    0   7.500000e+01  -1.000000e+01   0.000000e+00
       85    0    0    0    0    0    0   8.000000e+01  -1.000000e+01   0.000000e+00
       86    0    0    0    0    0    0   8.500000e+01  -1.000000e+01   0.000000e+00
       87    0    0    0    0    0    0   9.000000e+01  -1.000000e+01   0.000000e+00
       88    0    0    0    0    0    0   9.500000e+01  -1.000000e+01   0.000000e+00
       89    0    0    0    0    0    0   4.500000e+01   1.000000e+01   0.000000e+00
       90    0    0    0    0    0    0   4.000000e+01   1.000000e+01   0.000000e+00
       91    0    0    0    0    0    0   3.500000e+01   1.000000e+01   0.000000e+00
       92    0    0    0    0    0    0   3.000000e+01   1.000000e+01   0.000000e+00
       93    0    0    0    0    0    0   2.500000e+01   1.000000e+01   0.000000e+00
       94    0    0    0    0    0    0   2.000000e+01   1.000000e+01   0.000000e+00
       95    0    0    0    0    0    0   1.500000e+01   1.000000e+01   0.000000e+00
       96    0    0    0    0    0    0   1.000000e+01   1.000000e+01   0.000000e+00
       97    0    0    0    0    0    0   5.000000e+00   1.000000e+01   0.000000e+00
       98    0    0    0    0    0    0   0.000000e+00   5.000000e+00   0.000000e+00
       99    0    0    0    0    0    0   0.000000e+00   0.000000e+00   0.000000e+00
      100    0    0    0    0    0    0   0.000000e+00  -5.000000e+00   0.000000e+00
      101    0    0    0    0    0    0   5.000000e+00  -1.000000e+01   0.000000e+00
      102    0    0    0    0    0    0   1.000000e+01  -1.000000e+01   0.000000e+00
      103    0    0    0    0    0    0   1.500000e+01  -1.000000e+01   0.000000e+00
      104    0    0    0    0    0    0   2.000000e+01  -1.000000e+01   0.000000e+00
      105    0    0    0    0    0    0   2.500000e+01  -1.000000e+01   0.000000e+00
      106    0    0    0    0    0    0   3.000000e+01  -1.000000e+01   0.000000e+00
      107    0    0    0    0    0    0   3.500000e+01  -1.000000e+01   0.000000e+00
      108    0    0    0    0    0    0   4.000000e+01  -1.000000e+01   0.000000e+00
      109    0    0    0    0    0    0   4.500000e+01  -1.000000e+01   0.000000e+00
      110    0    0    0    0    0    0  -5.000000e+00   1.000000e+01   0.000000e+00
      111    0    0    0    0    0    0  -1.000000e+01   1.000000e+01   0.000000e+00
      112    0    0    0    0    0    0  -1.500000e+01   1.000000e+01   0.000000e+00
      113    0    0    0    0    0    0  -2.000000e+01   1.000000e+01   0.000000e+00
      114    0    0    0    0    0    0  -2.500000e+01   1.000000e+01   0.000000e+00
      115    0    0    0    0    0    0  -3.000000e+01   1.000000e+01   0.000000e+00
      116    0    0    0    0    0    0  -3.500000e+01   1.000000e+01   0.000000e+00
      117    0    0    0    0    0    0  -4.000000e+01   1.000000e+01   0.000000e+00
      118    0    0    0    0    0    0  -4.500000e+01   1.000000e+01   0.000000e+00
      119    0    0    0    0    0    0  -5.000000e+01   5.000000e+00   0.000000e+00
      120    0    0    0    0    0    0  -5.000000e+01   0.000000e+00   0.000000e+00
      121    0    0    0    0    0    0  -5.000000e+01  -5.000000e+00   0.000000e+00
      122    0    0    0    0    0    0  -4.500000e+01  -1.000000e+01   0.000000e+00
      123    0    0    0    0    0    0  -4.000000e+01  -1.000000e+01   0.000000e+00
      124    0    0    0    0    0    0  -3.500000e+01  -1.000000e+01   0.000000e+00
      125    0    0    0    0    0    0  -3.000000e+01  -1.000000e+01   0.000000e+00
      126    0    0    0    0    0    0  -2.500000e+01  -1.000000e+01   0.000000e+00
      127    0    0    0    0    0    0  -2.000000e+01  -1.000000e+01   0.000000e+00
      128    0    0    0    0    0    0  -1.500000e+01  -1.000000e+01   0.000000e+00
      129    0    0    0    0    0    0  -1.000000e+01  -1.000000e+01   0.000000e+00
      130    0    0    0    0    0    0  -5.000000e+00  -1.000000e+01   0.000000e+00
      131    0    0    0    0    0    0  -5.500000e+01   1.000000e+01   0.000000e+00
      132    0    0    0    0    0    0  -6.000000e+01   1.000000e+01   0.000000e+00
      133    0    0    0    0    0    0  -6.500000e+01   1.000000e+01   0.000000e+00
      134    0    0    0    0    0    0  -7.000000e+01   1.000000e+01   0.000000e+00
      135    0    0    0    0    0    0  -7.500000e+01   1.000000e+01   0.000000e+00
      136    0    0    0    0    0    0  -8.000000e+01   1.000000e+01   0.000000e+00
      137    0    0    0    0    0    0  -8.500000e+01   1.000000e+01   0.000000e+00
      138    0    0    0    0    0    0  -9.000000e+01   1.000000e+01   0.000000e+00
      139    0    0    0    0    0    0  -9.500000e+01   1.000000e+01   0.000000e+00
      140    0    0    0    0    0    0  -1.000000e+02   5.000000e+00   0.000000e+00
      141    0    0    0    0    0    0  -1.000000e+02   0.000000e+00   0.000000e+00
      142    0    0    0    0    0    0  -1.000000e+02  -5.000000e+00   0.000000e+00
      143    0    0    0    0    0    0  -9.500000e+01  -1.000000e+01   0.000000e+00
      144    0    0    0    0    0    0  -9.000000e+01  -1.000000e+01   0.000000e+00
      145    0    0    0    0    0    0  -8.500000e+01  -1.000000e+01   0.000000e+00
      146    0    0    0    0    0    0  -8.000000e+01  -1.000000e+01   0.000000e+00
      147    0    0    0    0    0    0  -7.500000e+01  -1.000000e+01   0.000000e+00
      148    0    0    0    0    0    0  -7.000000e+01  -1.000000e+01   0.000000e+00
      149    0    0    0    0    0    0  -6.500000e+01  -1.000000e+01   0.000000e+00
      150    0    0    0    0    0    0  -6.000000e+01  -1.000000e+01   0.000000e+00
      151    0    0    0    0    0    0  -5.500000e+01  -1.000000e+01   0.000000e+00
      152    0    0    0    0    0    0  -1.050000e+02   1.000000e+01   0.000000e+00
      153    0    0    0    0    0    0  -1.100000e+02   1.000000e+01   0.000000e+00
      154    0    0    0    0    0    0  -1.150000e+02   1.000000e+01   0.000000e+00
      155    0    0    0    0    0    0  -1.200000e+02   1.000000e+01   0.000000e+00
      156    0    0    0    0    0    0  -1.250000e+02   1.000000e+01   0.000000e+00
      157    0    0    0    0    0    0  -1.300000e+02   1.000000e+01   0.000000e+00
      158    0    0    0    0    0    0  -1.350000e+02   1.000000e+01   0.000000e+00
      159    0    0    0    0    0    0  -1.400000e+02   1.000000e+01   0.000000e+00
      160    0    0    0    0    0    0  -1.450000e+02   1.000000e+01   0.000000e+00
      161    0    0    0    0    0    0  -1.500000e+02   5.000000e+00   0.000000e+00
      162    0    0    0    0    0    0  -1.500000e+02   0.000000e+00   0.000000e+00
      163    0    0    0    0    0    0  -1.500000e+02  -5.000000e+00   0.000000e+00
      164    0    0    0    0    0    0  -1.450000e+02  -1.000000e+01   0.000000e+00
      165    0    0    0    0    0    0  -1.400000e+02  -1.000000e+01   0.000000e+00
      166    0    0    0    0    0    0  -1.350000e+02  -1.000000e+01   0.000000e+00
      167    0    0    0    0    0    0  -1.300000e+02  -1.000000e+01   0.000000e+00
      168    0    0    0    0    0    0  -1.250000e+02  -1.000000e+01   0.000000e+00
      169    0    0    0    0    0    0  -1.200000e+02  -1.000000e+01   0.000000e+00
      170    0    0    0    0    0    0  -1.150000e+02  -1.000000e+01   0.000000e+00
      171    0    0    0    0    0    0  -1.100000e+02  -1.000000e+01   0.000000e+00
      172    0    0    0    0    0    0  -1.050000e+02  -1.000000e+01   0.000000e+00
      173    0    0    0    0    0    0  -1.550000e+02   1.000000e+01   0.000000e+00
      174    0    0    0    0    0    0  -1.600000e+02   1.000000e+01   0.000000e+00
      175    0    0    0    0    0    0  -1.650000e+02   1.000000e+01   0.000000e+00
      176    0    0    0    0    0    0  -1.700000e+02   1.000000e+01   0.000000e+00
      177    0    0    0    0    0    0  -1.750000e+02   1.000000e+01   0.000000e+00
      178    0    0    0    0    0    0  -1.800000e+02   1.000000e+01   0.000000e+00
      179    0    0    0    0    0    0  -1.850000e+02   1.000000e+01   0.000000e+00
      180    0    0    0    0    0    0  -1.900000e+02   1.000000e+01   0.000000e+00
      181    0    0    0    0    0    0  -1.950000e+02   1.000000e+01   0.000000e+00
      182    0    0    0    0    0    0  -2.000000e+02   5.000000e+00   0.000000e+00
      183    0    0    0    0    0    0  -2.000000e+02   0.000000e+00   0.000000e+00
      184    0    0    0    0    0    0  -2.000000e+02  -5.000000e+00   0.000000e+00
      185    0    0    0    0    0    0  -1.950000e+02  -1.000000e+01   0.000000e+00
      186    0    0    0    0    0    0  -1.900000e+02  -1.000000e+01   0.000000e+00
      187    0    0    0    0    0    0  -1.850000e+02  -1.000000e+01   0.000000e+00
      188    0    0    0    0    0    0  -1.800000e+02  -1.000000e+01   0.000000e+00
      189    0    0    0    0    0    0  -1.750000e+02  -1.000000e+01   0.000000e+00
      190    0    0    0    0    0    0  -1.700000e+02  -1.000000e+01   0.000000e+00
      191    0    0    0    0    0    0  -1.650000e+02  -1.000000e+01   0.000000e+00
      192    0    0    0    0    0    0  -1.600000e+02  -1.000000e+01   0.000000e+00
      193    0    0    0    0    0    0  -1.550000e+02  -1.000000e+01   0.000000e+00
      194    0    0    0    0    0    0  -2.050000e+02   1.000000e+01   0.000000e+00
      195    0    0    0    0    0    0  -2.100000e+02   1.000000e+01   0.000000e+00
      196    0    0    0    0    0    0  -2.150000e+02   1.000000e+01   0.000000e+00
      197    0    0    0    0    0    0  -2.200000e+02   1.000000e+01   0.000000e+00
      198    0    0    0    0    0    0  -2.250000e+02   1.000000e+01   0.000000e+00
      199    0    0    0    0    0    0  -2.300000e+02   1.000000e+01   0.000000e+00
      200    0    0    0    0    0    0  -2.350000e+02   1.000000e+01   0.000000e+00
      201    0    0    0    0    0    0  -2.400000e+02   1.000000e+01   0.000000e+00
      202    0    0    0    0    0    0  -2.450000e+02   1.000000e+01   0.000000e+00
      203    0    0    0    0    0    0  -2.500000e+02   5.000000e+00   0.000000e+00
      204    0    0    0    0    0    0  -2.500000e+02   0.000000e+00   0.000000e+00
      205    0    0    0    0    0    0  -2.500000e+02  -5.000000e+00   0.000000e+00
      206    0    0    0    0    0    0  -2.450000e+02  -1.000000e+01   0.000000e+00
      207    0    0    0    0    0    0  -2.400000e+02  -1.000000e+01   0.000000e+00
      208    0    0    0    0    0    0  -2.350000e+02  -1.000000e+01   0.000000e+00
      209    0    0    0    0    0    0  -2.300000e+02  -1.000000e+01   0.000000e+00
      210    0    0    0    0    0    0  -2.250000e+02  -1.000000e+01   0.000000e+00
      211    0    0    0    0    0    0  -2.200000e+02  -1.000000e+01   0.000000e+00
      212    0    0    0    0    0    0  -2.150000e+02  -1.000000e+01   0.000000e+00
      213    0    0    0    0    0    0  -2.100000e+02  -1.000000e+01   0.000000e+00
      214    0    0    0    0    0    0  -2.050000e+02  -1.000000e+01   0.000000e+00
      215    0    0    0    0    0    0   2.050000e+02  -1.000000e+01   0.000000e+00
      216    0    0    0    0    0    0   2.100000e+02  -1.000000e+01   0.000000e+00
      217    0    0    0    0    0    0   2.150000e+02  -1.000000e+01   0.000000e+00
      218    0    0    0    0    0    0   2.200000e+02  -1.000000e+01   0.000000e+00
      219    0    0    0    0    0    0   2.250000e+02  -1.000000e+01   0.000000e+00
      220    0    0    0    0    0    0   2.300000e+02  -1.000000e+01   0.000000e+00
      221    0    0    0    0    0    0   2.350000e+02  -1.000000e+01   0.000000e+00
      222    0    0    0    0    0    0   2.400000e+02  -1.000000e+01   0.000000e+00
      223    0    0    0    0    0    0   2.450000e+02  -1.000000e+01   0.000000e+00
      224    0    0    0    0    0    0   2.500000e+02  -5.000000e+00   0.000000e+00
      225    0    0    0    0    0    0   2.500000e+02   0.000000e+00   0.000000e+00
      226    0    0    0    0    0    0   2.500000e+02   5.000000e+00   0.000000e+00
      227    0    0    0    0    0    0   2.450000e+02   1.000000e+01   0.000000e+00
      228    0    0    0    0    0    0   2.400000e+02   1.000000e+01   0.000000e+00
      229    0    0    0    0    0    0   2.350000e+02   1.000000e+01   0.000000e+00
      230    0    0    0    0    0    0   2.300000e+02   1.000000e+01   0.000000e+00
      231    0    0    0    0    0    0   2.250000e+02   1.000000e+01   0.000000e+00
      232    0    0    0    0    0    0   2.200000e+02   1.000000e+01   0.000000e+00
      233    0    0    0    0    0    0   2.150000e+02   1.000000e+01   0.000000e+00
      234    0    0    0    0    0    0   2.100000e+02   1.000000e+01   0.000000e+00
      235    0    0    0    0    0    0   2.050000e+02   1.000000e+01   0.000000e+00
      236    0    0    0    0    0    0   1.950000e+02  -5.000000e+00   0.000000e+00
      237    0    0    0    0    0    0   1.950000e+02   0.000000e+00   0.000000e+00
      238    0    0    0    0    0    0   1.950000e+02   5.000000e+00   0.000000e+00
      239    0    0    0    0    0    0   1.900000e+02  -5.000000e+00   0.000000e+00
      240    0    0    0    0    0    0   1.900000e+02   0.000000e+00   0.000000e+00
      241    0    0    0    0    0    0   1.900000e+02   5.000000e+00   0.000000e+00
      242    0    0    0    0    0    0   1.850000e+02  -5.000000e+00   0.000000e+00
      243    0    0    0    0    0    0   1.850000e+02   0.000000e+00   0.000000e+00
      244    0    0    0    0    0    0   1.850000e+02   5.000000e+00   0.000000e+00
      245    0    0    0    0    0    0   1.800000e+02  -5.000000e+00   0.000000e+00
      246    0    0    0    0    0    0   1.800000e+02   0.000000e+00   0.000000e+00
      247    0    0    0    0    0    0   1.800000e+02   5.000000e+00   0.000000e+00
      248    0    0    0    0    0    0   1.750000e+02  -5.000000e+00   0.000000e+00
      249    0    0    0    0    0    0   1.750000e+02   0.000000e+00   0.000000e+00
      250    0    0    0    0    0    0   1.750000e+02   5.000000e+00   0.000000e+00
      251    0    0    0    0    0    0   1.700000e+02  -5.000000e+00   0.000000e+00
      252    0    0    0    0    0    0   1.700000e+02   0.000000e+00   0.000000e+00
      253    0    0    0    0    0    0   1.700000e+02   5.000000e+00   0.000000e+00
      254    0    0    0    0    0    0   1.650000e+02  -5.000000e+00   0.000000e+00
      255    0    0    0    0    0    0   1.650000e+02   0.000000e+00   0.000000e+00
      256    0    0    0    0    0    0   1.650000e+02   5.000000e+00   0.000000e+00
      257    0    0    0    0    0    0   1.600000e+02  -5.000000e+00   0.000000e+00
      258    0    0    0    0    0    0   1.600000e+02   0.000000e+00   0.000000e+00
      259    0    0    0    0    0    0   1.600000e+02   5.000000e+00   0.000000e+00
      260    0    0    0    0    0    0   1.550000e+02  -5.000000e+00   0.000000e+00
      261    0    0    0    0    0    0   1.550000e+02   0.000000e+00   0.000000e+00
      262    0    0    0    0    0    0   1.550000e+02   5.000000e+00   0.000000e+00
      263    0    0    0    0    0    0   1.450000e+02  -5.000000e+00   0.000000e+00
      264    0    0    0    0    0    0   1.450000e+02   0.000000e+00   0.000000e+00
      265    0    0    0    0    0    0   1.450000e+02   5.000000e+00   0.000000e+00
      266    0    0    0    0    0    0   1.400000e+02  -5.000000e+00   0.000000e+00
      267    0    0    0    0    0    0   1.400000e+02   0.000000e+00   0.000000e+00
      268    0    0    0    0    0    0   1.400000e+02   5.000000e+00   0.000000e+00
      269    0    0    0    0    0    0   1.350000e+02  -5.000000e+00   0.000000e+00
      270    0    0    0    0    0    0   1.350000e+02   0.000000e+00   0.000000e+00
      271    0    0    0    0    0    0   1.350000e+02   5.000000e+00   0.000000e+00
      272    0    0    0    0    0    0   1.300000e+02  -5.000000e+00   0.000000e+00
      273    0    0    0    0    0    0   1.300000e+02   0.000000e+00   0.000000e+00
      274    0    0    0    0    0    0   1.300000e+02   5.000000e+00   0.000000e+00
      275    0    0    0    0    0    0   1.250000e+02  -5.000000e+00   0.000000e+00
      276    0    0    0    0    0    0   1.250000e+02   0.000000e+00   0.000000e+00
      277    0    0    0    0    0    0   1.250000e+02   5.000000e+00   0.000000e+00
      278    0    0    0    0    0    0   1.200000e+02  -5.000000e+00   0.000000e+00
      279    0    0    0    0    0    0   1.200000e+02   0.000000e+00   0.000000e+00
      280    0    0    0    0    0    0   1.200000e+02   5.000000e+00   0.000000e+00
      281    0    0    0    0    0    0   1.150000e+02  -5.000000e+00   0.000000e+00
      282    0    0    0    0    0    0   1.150000e+02   0.000000e+00   0.000000e+00
      283    0    0    0    0    0    0   1.150000e+02   5.000000e+00   0.000000e+00
      284    0    0    0    0    0    0   1.100000e+02  -5.000000e+00   0.000000e+00
      285    0    0    0    0    0    0   1.100000e+02   0.000000e+00   0.000000e+00
      286    0    0    0    0    0    0   1.100000e+02   5.000000e+00   0.000000e+00
      287    0    0    0    0    0    0   1.050000e+02  -5.000000e+00   0.000000e+00
      288    0    0    0    0    0    0   1.050000e+02   0.000000e+00   0.000000e+00
      289    0    0    0    0    0    0   1.050000e+02   5.000000e+00   0.000000e+00
      290    0    0    0    0    0    0   9.500000e+01  -5.000000e+00   0.000000e+00
      291    0    0    0    0    0    0   9.500000e+01   0.000000e+00   0.000000e+00
      292    0    0    0    0    0    0   9.500000e+01   5.000000e+00   0.000000e+00
      293    0    0    0    0    0    0   9.000000e+01  -5.000000e+00   0.000000e+00
      294    0    0    0    0    0    0   9.000000e+01   0.000000e+00   0.000000e+00
      295    0    0    0    0    0    0   9.000000e+01   5.000000e+00   0.000000e+00
      296    0    0    0    0    0    0   8.500000e+01  -5.000000e+00   0.000000e+00
      297    0    0    0    0    0    0   8.500000e+01   0.000000e+00   0.000000e+00
      298    0    0    0    0    0    0   8.500000e+01   5.000000e+00   0.000000e+00
      299    0    0    0    0    0    0   8.000000e+01  -5.000000e+00   0.000000e+00
      300    0    0    0    0    0    0   8.000000e+01   0.000000e+00   0.000000e+00
      301    0    0    0    0    0    0   8.000000e+01   5.000000e+00   0.000000e+00
      302    0    0    0    0    0    0   7.500000e+01  -5.000000e+00   0.000000e+00
      303    0    0    0    0    0    0   7.500000e+01   0.000000e+00   0.000000e+00
      304    0    0    0    0    0    0   7.500000e+01   5.000000e+00   0.000000e+00
      305    0    0    0    0    0    0   7.000000e+01  -5.000000e+00   0.000000e+00
      306    0    0    0    0    0    0   7.000000e+01   0.000000e+00   0.000000e+00
      307    0    0    0    0    0    0   7.000000e+01   5.000000e+00   0.000000e+00
      308    0    0    0    0    0    0   6.500000e+01  -5.000000e+00   0.000000e+00
      309    0    0    0    0    0    0   6.500000e+01   0.000000e+00   0.000000e+00
      310    0    0    0    0    0    0   6.500000e+01   5.000000e+00   0.000000e+00
      311    0    0    0    0    0    0   6.000000e+01  -5.000000e+00   0.000000e+00
      312    0    0    0    0    0    0   6.000000e+01   0.000000e+00   0.000000e+00
      313    0    0    0    0    0    0   6.000000e+01   5.000000e+00   0.000000e+00
      314    0    0    0    0    0    0   5.500000e+01  -5.000000e+00   0.000000e+00
      315    0    0    0    0    0    0   5.500000e+01   0.000000e+00   0.000000e+00
      316    0    0    0    0    0    0   5.500000e+01   5.000000e+00   0.000000e+00
      317    0    0    0    0    0    0   4.500000e+01  -5.000000e+00   0.000000e+00
      318    0    0    0    0    0    0   4.500000e+01   0.000000e+00   0.000000e+00
      319    0    0    0    0    0    0   4.500000e+01   5.000000e+00   0.000000e+00
      320    0    0    0    0    0    0   4.000000e+01  -5.000000e+00   0.000000e+00
      321    0    0    0    0    0    0   4.000000e+01   0.000000e+00   0.000000e+00
      322    0    0    0    0    0    0   4.000000e+01   5.000000e+00   0.000000e+00
      323    0    0    0    0    0    0   3.500000e+01  -5.000000e+00   0.000000e+00
      324    0    0    0    0    0    0   3.500000e+01   0.000000e+00   0.000000e+00
      325    0    0    0    0    0    0   3.500000e+01   5.000000e+00   0.000000e+00
      326    0    0    0    0    0    0   3.000000e+01  -5.000000e+00   0.000000e+00
      327    0    0    0    0    0    0   3.000000e+01   0.000000e+00   0.000000e+00
      328    0    0    0    0    0    0   3.000000e+01   5.000000e+00   0.000000e+00
      329    0    0    0    0    0    0   2.500000e+01  -5.000000e+00   0.000000e+00
      330    0    0    0    0    0    0   2.500000e+01   0.000000e+00   0.000000e+00
      331    0    0    0    0    0    0   2.500000e+01   5.000000e+00   0.000000e+00
      332    0    0    0    0    0    0   2.000000e+01  -5.000000e+00   0.000000e+00
      333    0    0    0    0    0    0   2.000000e+01   0.000000e+00   0.000000e+00
      334    0    0    0    0    0    0   2.000000e+01   5.000000e+00   0.000000e+00
      335    0    0    0    0    0    0   1.500000e+01  -5.000000e+00   0.000000e+00
      336    0    0    0    0    0    0   1.500000e+01   0.000000e+00   0.000000e+00
      337    0    0    0    0    0    0   1.500000e+01   5.000000e+00   0.000000e+00
      338    0    0    0    0    0    0   1.000000e+01  -5.000000e+00   0.000000e+00
      339    0    0    0    0    0    0   1.000000e+01   0.000000e+00   0.000000e+00
      340    0    0    0    0    0    0   1.000000e+01   5.000000e+00   0.000000e+00
      341    0    0    0    0    0    0   5.000000e+00  -5.000000e+00   0.000000e+00
      342    0    0    0    0    0    0   5.000000e+00   0.000000e+00   0.000000e+00
      343    0    0    0    0    0    0   5.000000e+00   5.000000e+00   0.000000e+00
      344    0    0    0    0    0    0  -5.000000e+00  -5.000000e+00   0.000000e+00
      345    0    0    0    0    0    0  -5.000000e+00   0.000000e+00   0.000000e+00
      346    0    0    0    0    0    0  -5.000000e+00   5.000000e+00   0.000000e+00
      347    0    0    0    0    0    0  -1.000000e+01  -5.000000e+00   0.000000e+00
      348    0    0    0    0    0    0  -1.000000e+01   0.000000e+00   0.000000e+00
      349    0    0    0    0    0    0  -1.000000e+01   5.000000e+00   0.000000e+00
      350    0    0    0    0    0    0  -1.500000e+01  -5.000000e+00   0.000000e+00
      351    0    0    0    0    0    0  -1.500000e+01   0.000000e+00   0.000000e+00
      352    0    0    0    0    0    0  -1.500000e+01   5.000000e+00   0.000000e+00
      353    0    0    0    0    0    0  -2.000000e+01  -5.000000e+00   0.000000e+00
      354    0    0    0    0    0    0  -2.000000e+01   0.000000e+00   0.000000e+00
      355    0    0    0    0    0    0  -2.000000e+01   5.000000e+00   0.000000e+00
      356    0    0    0    0    0    0  -2.500000e+01  -5.000000e+00   0.000000e+00
      357    0    0    0    0    0    0  -2.500000e+01   0.000000e+00   0.000000e+00
      358    0    0    0    0    0    0  -2.500000e+01   5.000000e+00   0.000000e+00
      359    0    0    0    0    0    0  -3.000000e+01  -5.000000e+00   0.000000e+00
      360    0    0    0    0    0    0  -3.000000e+01   0.000000e+00   0.000000e+00
      361    0    0    0    0    0    0  -3.000000e+01   5.000000e+00   0.000000e+00
      362    0    0    0    0    0    0  -3.500000e+01  -5.000000e+00   0.000000e+00
      363    0    0    0    0    0    0  -3.500000e+01   0.000000e+00   0.000000e+00
      364    0    0    0    0    0    0  -3.500000e+01   5.000000e+00   0.000000e+00
      365    0    0    0    0    0    0  -4.000000e+01  -5.000000e+00   0.000000e+00
      366    0    0    0    0    0    0  -4.000000e+01   0.000000e+00   0.000000e+00
      367    0    0    0    0    0    0  -4.000000e+01   5.000000e+00   0.000000e+00
      368    0    0    0    0    0    0  -4.500000e+01  -5.000000e+00   0.000000e+00
      369    0    0    0    0    0    0  -4.500000e+01   0.000000e+00   0.000000e+00
      370    0    0    0    0    0    0  -4.500000e+01   5.000000e+00   0.000000e+00
      371    0    0    0    0    0    0  -5.500000e+01  -5.000000e+00   0.000000e+00
      372    0    0    0    0    0    0  -5.500000e+01   0.000000e+00   0.000000e+00
      373    0    0    0    0    0    0  -5.500000e+01   5.000000e+00   0.000000e+00
      374    0    0    0    0    0    0  -6.000000e+01  -5.000000e+00   0.000000e+00
      375    0    0    0    0    0    0  -6.000000e+01   0.000000e+00   0.000000e+00
      376    0    0    0    0    0    0  -6.000000e+01   5.000000e+00   0.000000e+00
      377    0    0    0    0    0    0  -6.500000e+01  -5.000000e+00   0.000000e+00
      378    0    0    0    0    0    0  -6.500000e+01   0.000000e+00   0.000000e+00
      379    0    0    0    0    0    0  -6.500000e+01   5.000000e+00   0.000000e+00
      380    0    0    0    0    0    0  -7.000000e+01  -5.000000e+00   0.000000e+00
      381    0    0    0    0    0    0  -7.000000e+01   0.000000e+00   0.000000e+00
      382    0    0    0    0    0    0  -7.000000e+01   5.000000e+00   0.000000e+00
      383    0    0    0    0    0    0  -7.500000e+01  -5.000000e+00   0.000000e+00
      384    0    0    0    0    0    0  -7.500000e+01   0.000000e+00   0.000000e+00
      385    0    0    0    0    0    0  -7.500000e+01   5.000000e+00   0.000000e+00
      386    0    0    0    0    0    0  -8.000000e+01  -5.000000e+00   0.000000e+00
      387    0    0    0    0    0    0  -8.000000e+01   0.000000e+00   0.000000e+00
      388    0    0    0    0    0    0  -8.000000e+01   5.000000e+00   0.000000e+00
      389    0    0    0    0    0    0  -8.500000e+01  -5.000000e+00   0.000000e+00
      390    0    0    0    0    0    0  -8.500000e+01   0.000000e+00   0.000000e+00
      391    0    0    0    0    0    0  -8.500000e+01   5.000000e+00   0.000000e+00
      392    0    0    0    0    0    0  -9.000000e+01  -5.000000e+00   0.000000e+00
      393    0    0    0    0    0    0  -9.000000e+01   0.000000e+00   0.000000e+00
      394    0    0    0    0    0    0  -9.000000e+01   5.000000e+00   0.000000e+00
      395    0    0    0    0    0    0  -9.500000e+01  -5.000000e+00   0.000000e+00
      396    0    0    0    0    0    0  -9.500000e+01   0.000000e+00   0.000000e+00
      397    0    0    0    0    0    0  -9.500000e+01   5.000000e+00   0.000000e+00
      398    0    0    0    0    0    0  -1.050000e+02  -5.000000e+00   0.000000e+00
      399    0    0    0    0    0    0  -1.050000e+02   0.000000e+00   0.000000e+00
      400    0    0    0    0    0    0  -1.050000e+02   5.000000e+00   0.000000e+00
      401    0    0    0    0    0    0  -1.100000e+02  -5.000000e+00   0.000000e+00
      402    0    0    0    0    0    0  -1.100000e+02   0.000000e+00   0.000000e+00
      403    0    0    0    0    0    0  -1.100000e+02   5.000000e+00   0.000000e+00
      404    0    0    0    0    0    0  -1.150000e+02  -5.000000e+00   0.000000e+00
      405    0    0    0    0    0    0  -1.150000e+02   0.000000e+00   0.000000e+00
      406    0    0    0    0    0    0  -1.150000e+02   5.000000e+00   0.000000e+00
      407    0    0    0    0    0    0  -1.200000e+02  -5.000000e+00   0.000000e+00
      408    0    0    0    0    0    0  -1.200000e+02   0.000000e+00   0.000000e+00
      409    0    0    0    0    0    0  -1.200000e+02   5.000000e+00   0.000000e+00
      410    0    0    0    0    0    0  -1.250000e+02  -5.000000e+00   0.000000e+00
      411    0    0    0    0    0    0  -1.250000e+02   0.000000e+00   0.000000e+00
      412    0    0    0    0    0    0  -1.250000e+02   5.000000e+00   0.000000e+00
      413    0    0    0    0    0    0  -1.300000e+02  -5.000000e+00   0.000000e+00
      414    0    0    0    0    0    0  -1.300000e+02   0.000000e+00   0.000000e+00
      415    0    0    0    0    0    0  -1.300000e+02   5.000000e+00   0.000000e+00
      416    0    0    0    0    0    0  -1.350000e+02  -5.000000e+00   0.000000e+00
      417    0    0    0    0    0    0  -1.350000e+02   0.000000e+00   0.000000e+00
      418    0    0    0    0    0    0  -1.350000e+02   5.000000e+00   0.000000e+00
      419    0    0    0    0    0    0  -1.400000e+02  -5.000000e+00   0.000000e+00
      420    0    0    0    0    0    0  -1.400000e+02   0.000000e+00   0.000000e+00
      421    0    0    0    0    0    0  -1.400000e+02   5.000000e+00   0.000000e+00
      422    0    0    0    0    0    0  -1.450000e+02  -5.000000e+00   0.000000e+00
      423    0    0    0    0    0    0  -1.450000e+02   0.000000e+00   0.000000e+00
      424    0    0    0    0    0    0  -1.450000e+02   5.000000e+00   0.000000e+00
      425    0    0    0    0    0    0  -1.550000e+02  -5.000000e+00   0.000000e+00
      426    0    0    0    0    0    0  -1.550000e+02   0.000000e+00   0.000000e+00
      427    0    0    0    0    0    0  -1.550000e+02   5.000000e+00   0.000000e+00
      428    0    0    0    0    0    0  -1.600000e+02  -5.000000e+00   0.000000e+00
      429    0    0    0    0    0    0  -1.600000e+02   0.000000e+00   0.000000e+00
      430    0    0    0    0    0    0  -1.600000e+02   5.000000e+00   0.000000e+00
      431    0    0    0    0    0    0  -1.650000e+02  -5.000000e+00   0.000000e+00
      432    0    0    0    0    0    0  -1.650000e+02   0.000000e+00   0.000000e+00
      433    0    0    0    0    0    0  -1.650000e+02   5.000000e+00   0.000000e+00
      434    0    0    0    0    0    0  -1.700000e+02  -5.000000e+00   0.000000e+00
      435    0    0    0    0    0    0  -1.700000e+02   0.000000e+00   0.000000e+00
      436    0    0    0    0    0    0  -1.700000e+02   5.000000e+00   0.000000e+00
      437    0    0    0    0    0    0  -1.750000e+02  -5.000000e+00   0.000000e+00
      438    0    0    0    0    0    0  -1.750000e+02   0.000000e+00   0.000000e+00
      439    0    0    0    0    0    0  -1.750000e+02   5.000000e+00   0.000000e+00
      440    0    0    0    0    0    0  -1.800000e+02  -5.000000e+00   0.000000e+00
      441    0    0    0    0    0    0  -1.800000e+02   0.000000e+00   0.000000e+00
      442    0    0    0    0    0    0  -1.800000e+02   5.000000e+00   0.000000e+00
      443    0    0    0    0    0    0  -1.850000e+02  -5.000000e+00   0.000000e+00
      444    0    0    0    0    0    0  -1.850000e+02   0.000000e+00   0.000000e+00
      445    0    0    0    0    0    0  -1.850000e+02   5.000000e+00   0.000000e+00
      446    0    0    0    0    0    0  -1.900000e+02  -5.000000e+00   0.000000e+00
      447    0    0    0    0    0    0  -1.900000e+02   0.000000e+00   0.000000e+00
      448    0    0    0    0    0    0  -1.900000e+02   5.000000e+00   0.000000e+00
      449    0    0    0    0    0    0  -1.950000e+02  -5.000000e+00   0.000000e+00
      450    0    0    0    0    0    0  -1.950000e+02   0.000000e+00   0.000000e+00
      451    0    0    0    0    0    0  -1.950000e+02   5.000000e+00   0.000000e+00
      452    0    0    0    0    0    0  -2.050000e+02  -5.000000e+00   0.000000e+00
      453    0    0    0    0    0    0  -2.050000e+02   0.000000e+00   0.000000e+00
      454    0    0    0    0    0    0  -2.050000e+02   5.000000e+00   0.000000e+00
      455    0    0    0    0    0    0  -2.100000e+02  -5.000000e+00   0.000000e+00
      456    0    0    0    0    0    0  -2.100000e+02   0.000000e+00   0.000000e+00
      457    0    0    0    0    0    0  -2.100000e+02   5.000000e+00   0.000000e+00
      458    0    0    0    0    0    0  -2.150000e+02  -5.000000e+00   0.000000e+00
      459    0    0    0    0    0    0  -2.150000e+02   0.000000e+00   0.000000e+00
      460    0    0    0    0    0    0  -2.150000e+02   5.000000e+00   0.000000e+00
      461    0    0    0    0    0    0  -2.200000e+02  -5.000000e+00   0.000000e+00
      462    0    0    0    0    0    0  -2.200000e+02   0.000000e+00   0.000000e+00
      463    0    0    0    0    0    0  -2.200000e+02   5.000000e+00   0.000000e+00
      464    0    0    0    0    0    0  -2.250000e+02  -5.000000e+00   0.000000e+00
      465    0    0    0    0    0    0  -2.250000e+02   0.000000e+00   0.000000e+00
      466    0    0    0    0    0    0  -2.250000e+02   5.000000e+00   0.000000e+00
      467    0    0    0    0    0    0  -2.300000e+02  -5.000000e+00   0.000000e+00
      468    0    0    0    0    0    0  -2.300000e+02   0.000000e+00   0.000000e+00
      469    0    0    0    0    0    0  -2.300000e+02   5.000000e+00   0.000000e+00
      470    0    0    0    0    0    0  -2.350000e+02  -5.000000e+00   0.000000e+00
      471    0    0    0    0    0    0  -2.350000e+02   0.000000e+00   0.000000e+00
      472    0    0    0    0    0    0  -2.350000e+02   5.000000e+00   0.000000e+00
      473    0    0    0    0    0    0  -2.400000e+02  -5.000000e+00   0.000000e+00
      474    0    0    0    0    0    0  -2.400000e+02   0.000000e+00   0.000000e+00
      475    0    0    0    0    0    0  -2.400000e+02   5.000000e+00   0.000000e+00
      476    0    0    0    0    0    0  -2.450000e+02  -5.000000e+00   0.000000e+00
      477    0    0    0    0    0    0  -2.450000e+02   0.000000e+00   0.000000e+00
      478    0    0    0    0    0    0  -2.450000e+02   5.000000e+00   0.000000e+00
      479    0    0    0    0    0    0   2.050000e+02   5.000000e+00   0.000000e+00
      480    0    0    0    0    0    0   2.050000e+02   0.000000e+00   0.000000e+00
      481    0    0    0    0    0    0   2.050000e+02  -5.000000e+00   0.000000e+00
      482    0    0    0    0    0    0   2.100000e+02   5.000000e+00   0.000000e+00
      483    0    0    0    0    0    0   2.100000e+02   0.000000e+00   0.000000e+00
      484    0    0    0    0    0    0   2.100000e+02  -5.000000e+00   0.000000e+00
      485    0    0    0    0    0    0   2.150000e+02   5.000000e+00   0.000000e+00
      486    0    0    0    0    0    0   2.150000e+02   0.000000e+00   0.000000e+00
      487    0    0    0    0    0    0   2.150000e+02  -5.000000e+00   0.000000e+00
      488    0    0    0    0    0    0   2.200000e+02   5.000000e+00   0.000000e+00
      489    0    0    0    0    0    0   2.200000e+02   0.000000e+00   0.000000e+00
      490    0    0    0    0    0    0   2.200000e+02  -5.000000e+00   0.000000e+00
      491    0    0    0    0    0    0   2.250000e+02   5.000000e+00   0.000000e+00
      492    0    0    0    0    0    0   2.250000e+02   0.000000e+00   0.000000e+00
      493    0    0    0    0    0    0   2.250000e+02  -5.000000e+00   0.000000e+00
      494    0    0    0    0    0    0   2.300000e+02   5.000000e+00   0.000000e+00
      495    0    0    0    0    0    0   2.300000e+02   0.000000e+00   0.000000e+00
      496    0    0    0    0    0    0   2.300000e+02  -5.000000e+00   0.000000e+00
      497    0    0    0    0    0    0   2.350000e+02   5.000000e+00   0.000000e+00
      498    0    0    0    0    0    0   2.350000e+02   0.000000e+00   0.000000e+00
      499    0    0    0    0    0    0   2.350000e+02  -5.000000e+00   0.000000e+00
      500    0    0    0    0    0    0   2.400000e+02   5.000000e+00   0.000000e+00
      501    0    0    0    0    0    0   2.400000e+02   0.000000e+00   0.000000e+00
      502    0    0    0    0    0    0   2.400000e+02  -5.000000e+00   0.000000e+00
      503    0    0    0    0    0    0   2.450000e+02   5.000000e+00   0.000000e+00
      504    0    0    0    0    0    0   2.450000e+02   0.000000e+00   0.000000e+00
      505    0    0    0    0    0    0   2.450000e+02  -5.000000e+00   0.000000e+00
      506    1    1    1    0    0    0   0.000000e+00  -1.000000e+01  -5.000000e+01
      507    1    1    1    0    0    0   0.000000e+00  -2.000000e+01  -5.000000e+01
      508    1    1    1    0    0    0  -2.000000e+01  -2.000000e+01  -5.000000e+01
      509    1    1    1    0    0    0  -2.000000e+01  -1.000000e+01  -5.000000e+01
      510    0    0    0    0    0    0   0.000000e+00  -2.000000e+01   1.500000e+02
      511    0    0    0    0    0    0  -1.000000e+01  -2.000000e+01   1.500000e+02
      512    0    0    0    0    0    0  -1.000000e+01  -1.000000e+01   1.500000e+02
      513    0    0    0    0    0    0   0.000000e+00  -1.000000e+01   1.500000e+02
      514    1    1    1    0    0    0   2.000000e+01  -1.000000e+01  -5.000000e+01
      515    1    1    1    0    0    0   2.000000e+01  -2.000000e+01  -5.000000e+01
      516    0    0    0    0    0    0   1.000000e+01  -1.000000e+01   1.500000e+02
      517    0    0    0    0    0    0   1.000000e+01  -2.000000e+01   1.500000e+02
      518    1    1    1    0    0    0   0.000000e+00  -1.500000e+01  -5.000000e+01
      519    1    1    1    0    0    0  -6.666666e+00  -2.000000e+01  -5.000000e+01
      520    1    1    1    0    0    0  -1.333333e+01  -2.000000e+01  -5.000000e+01
      521    1    1    1    0    0    0  -2.000000e+01  -1.500000e+01  -5.000000e+01
      522    1    1    1    0    0    0  -1.333333e+01  -1.000000e+01  -5.000000e+01
      523    1    1    1    0    0    0  -6.666666e+00  -1.000000e+01  -5.000000e+01
      524    0    0    0    0    0    0   0.000000e+00  -1.500000e+01   1.500000e+02
      525    0    0    0    0    0    0  -6.666666e+00  -2.000000e+01   1.500000e+02
      526    0    0    0    0    0    0  -3.333333e+00  -2.000000e+01   1.500000e+02
      527    0    0    0    0    0    0  -1.000000e+01  -1.500000e+01   1.500000e+02
      528    0    0    0    0    0    0  -3.333333e+00  -1.000000e+01   1.500000e+02
      529    0    0    0    0    0    0  -6.666666e+00  -1.000000e+01   1.500000e+02
      530    0    0    0    0    0    0  -1.975000e+01  -1.000000e+01  -4.500000e+01
      531    0    0    0    0    0    0  -1.950000e+01  -1.000000e+01  -4.000000e+01
      532    0    0    0    0    0    0  -1.925000e+01  -1.000000e+01  -3.500000e+01
      533    0    0    0    0    0    0  -1.900000e+01  -1.000000e+01  -3.000000e+01
      534    0    0    0    0    0    0  -1.875000e+01  -1.000000e+01  -2.500000e+01
      535    0    0    0    0    0    0  -1.850000e+01  -1.000000e+01  -2.000000e+01
      536    0    0    0    0    0    0  -1.825000e+01  -1.000000e+01  -1.500000e+01
      537    0    0    0    0    0    0  -1.800000e+01  -1.000000e+01  -1.000000e+01
      538    0    0    0    0    0    0  -1.775000e+01  -1.000000e+01  -5.000000e+00
      539    0    0    0    0    0    0  -1.750000e+01  -1.000000e+01   0.000000e+00
      540    0    0    0    0    0    0  -1.725000e+01  -1.000000e+01   5.000000e+00
      541    0    0    0    0    0    0  -1.700000e+01  -1.000000e+01   1.000000e+01
      542    0    0    0    0    0    0  -1.675000e+01  -1.000000e+01   1.500000e+01
      543    0    0    0    0    0    0  -1.650000e+01  -1.000000e+01   2.000000e+01
      544    0    0    0    0    0    0  -1.625000e+01  -1.000000e+01   2.500000e+01
      545    0    0    0    0    0    0  -1.600000e+01  -1.000000e+01   3.000000e+01
      546    0    0    0    0    0    0  -1.575000e+01  -1.000000e+01   3.500000e+01
      547    0    0    0    0    0    0  -1.550000e+01  -1.000000e+01   4.000000e+01
      548    0    0    0    0    0    0  -1.525000e+01  -1.000000e+01   4.500000e+01
      549    0    0    0    0    0    0  -1.500000e+01  -1.000000e+01   5.000000e+01
      550    0    0    0    0    0    0  -1.475000e+01  -1.000000e+01   5.500000e+01
      551    0    0    0    0    0    0  -1.450000e+01  -1.000000e+01   6.000000e+01
      552    0    0    0    0    0    0  -1.425000e+01  -1.000000e+01   6.500000e+01
      553    0    0    0    0    0    0  -1.400000e+01  -1.000000e+01   7.000000e+01
      554    0    0    0    0    0    0  -1.375000e+01  -1.000000e+01   7.500000e+01
      555    0    0    0    0    0    0  -1.350000e+01  -1.000000e+01   8.000000e+01
      556    0    0    0    0    0    0  -1.325000e+01  -1.000000e+01   8.500000e+01
      557    0    0    0    0    0    0  -1.300000e+01  -1.000000e+01   9.000000e+01
      558    0    0    0    0    0    0  -1.275000e+01  -1.000000e+01   9.500000e+01
      559    0    0    0    0    0    0  -1.250000e+01  -1.000000e+01   1.000000e+02
      560    0    0    0    0    0    0  -1.225000e+01  -1.000000e+01   1.050000e+02
      561    0    0    0    0    0    0  -1.200000e+01  -1.000000e+01   1.100000e+02
      562    0    0    0    0    0    0  -1.175000e+01  -1.000000e+01   1.150000e+02
      563    0    0    0    0    0    0  -1.150000e+01  -1.000000e+01   1.200000e+02
      564    0    0    0    0    0    0  -1.125000e+01  -1.000000e+01   1.250000e+02
      565    0    0    0    0    0    0  -1.100000e+01  -1.000000e+01   1.300000e+02
      566    0    0    0    0    0    0  -1.075000e+01  -1.000000e+01   1.350000e+02
      567    0    0    0    0    0    0  -1.050000e+01  -1.000000e+01   1.400000e+02
      568    0    0    0    0    0    0  -1.025000e+01  -1.000000e+01   1.450000e+02
      569    0    0    0    0    0    0   0.000000e+00  -1.000000e+01   1.450000e+02
      570    0    0    0    0    0    0   0.000000e+00  -1.000000e+01   1.400000e+02
      571    0    0    0    0    0    0   0.000000e+00  -1.000000e+01   1.350000e+02
      572    0    0    0    0    0    0   0.000000e+00  -1.000000e+01   1.300000e+02
      573    0    0    0    0    0    0   0.000000e+00  -1.000000e+01   1.250000e+02
      574    0    0    0    0    0    0   0.000000e+00  -1.000000e+01   1.200000e+02
      575    0    0    0    0    0    0   0.000000e+00  -1.000000e+01   1.150000e+02
      576    0    0    0    0    0    0   0.000000e+00  -1.000000e+01   1.100000e+02
      577    0    0    0    0    0    0   0.000000e+00  -1.000000e+01   1.050000e+02
      578    0    0    0    0    0    0   0.000000e+00  -1.000000e+01   1.000000e+02
      579    0    0    0    0    0    0   0.000000e+00  -1.000000e+01   9.500000e+01
      580    0    0    0    0    0    0   0.000000e+00  -1.000000e+01   9.000000e+01
      581    0    0    0    0    0    0   0.000000e+00  -1.000000e+01   8.500000e+01
      582    0    0    0    0    0    0   0.000000e+00  -1.000000e+01   8.000000e+01
      583    0    0    0    0    0    0   0.000000e+00  -1.000000e+01   7.500000e+01
      584    0    0    0    0    0    0   0.000000e+00  -1.000000e+01   7.000000e+01
      585    0    0    0    0    0    0   0.000000e+00  -1.000000e+01   6.500000e+01
      586    0    0    0    0    0    0   0.000000e+00  -1.000000e+01   6.000000e+01
      587    0    0    0    0    0    0   0.000000e+00  -1.000000e+01   5.500000e+01
      588    0    0    0    0    0    0   0.000000e+00  -1.000000e+01   5.000000e+01
      589    0    0    0    0    0    0   0.000000e+00  -1.000000e+01   4.500000e+01
      590    0    0    0    0    0    0   0.000000e+00  -1.000000e+01   4.000000e+01
      591    0    0    0    0    0    0   0.000000e+00  -1.000000e+01   3.500000e+01
      592    0    0    0    0    0    0   0.000000e+00  -1.000000e+01   3.000000e+01
      593    0    0    0    0    0    0   0.000000e+00  -1.000000e+01   2.500000e+01
      594    0    0    0    0    0    0   0.000000e+00  -1.000000e+01   2.000000e+01
      595    0    0    0    0    0    0   0.000000e+00  -1.000000e+01   1.500000e+01
      596    0    0    0    0    0    0   0.000000e+00  -1.000000e+01   1.000000e+01
      597    0    0    0    0    0    0   0.000000e+00  -1.000000e+01   5.000000e+00
      598    0    0    0    0    0    0   0.000000e+00  -1.000000e+01  -5.000000e+00
      599    0    0    0    0    0    0   0.000000e+00  -1.000000e+01  -1.000000e+01
      600    0    0    0    0    0    0   0.000000e+00  -1.000000e+01  -1.500000e+01
      601    0    0    0    0    0    0   0.000000e+00  -1.000000e+01  -2.000000e+01
      602    0    0    0    0    0    0   0.000000e+00  -1.000000e+01  -2.500000e+01
      603    0    0    0    0    0    0   0.000000e+00  -1.000000e+01  -3.000000e+01
      604    0    0    0    0    0    0   0.000000e+00  -1.000000e+01  -3.500000e+01
      605    0    0    0    0    0    0   0.000000e+00  -1.000000e+01  -4.000000e+01
      606    0    0    0    0    0    0   0.000000e+00  -1.000000e+01  -4.500000e+01
      607    0    0    0    0    0    0  -1.025000e+01  -2.000000e+01   1.450000e+02
      608    0    0    0    0    0    0  -1.050000e+01  -2.000000e+01   1.400000e+02
      609    0    0    0    0    0    0  -1.075000e+01  -2.000000e+01   1.350000e+02
      610    0    0    0    0    0    0  -1.100000e+01  -2.000000e+01   1.300000e+02
      611    0    0    0    0    0    0  -1.125000e+01  -2.000000e+01   1.250000e+02
      612    0    0    0    0    0    0  -1.150000e+01  -2.000000e+01   1.200000e+02
      613    0    0    0    0    0    0  -1.175000e+01  -2.000000e+01   1.150000e+02
      614    0    0    0    0    0    0  -1.200000e+01  -2.000000e+01   1.100000e+02
      615    0    0    0    0    0    0  -1.225000e+01  -2.000000e+01   1.050000e+02
      616    0    0    0    0    0    0  -1.250000e+01  -2.000000e+01   1.000000e+02
      617    0    0    0    0    0    0  -1.275000e+01  -2.000000e+01   9.500000e+01
      618    0    0    0    0    0    0  -1.300000e+01  -2.000000e+01   9.000000e+01
      619    0    0    0    0    0    0  -1.325000e+01  -2.000000e+01   8.500000e+01
      620    0    0    0    0    0    0  -1.350000e+01  -2.000000e+01   8.000000e+01
      621    0    0    0    0    0    0  -1.375000e+01  -2.000000e+01   7.500000e+01
      622    0    0    0    0    0    0  -1.400000e+01  -2.000000e+01   7.000000e+01
      623    0    0    0    0    0    0  -1.425000e+01  -2.000000e+01   6.500000e+01
      624    0    0    0    0    0    0  -1.450000e+01  -2.000000e+01   6.000000e+01
      625    0    0    0    0    0    0  -1.475000e+01  -2.000000e+01   5.500000e+01
      626    0    0    0    0    0    0  -1.500000e+01  -2.000000e+01   5.000000e+01
      627    0    0    0    0    0    0  -1.525000e+01  -2.000000e+01   4.500000e+01
      628    0    0    0    0    0    0  -1.550000e+01  -2.000000e+01   4.000000e+01
      629    0    0    0    0    0    0  -1.575000e+01  -2.000000e+01   3.500000e+01
      630    0    0    0    0    0    0  -1.600000e+01  -2.000000e+01   3.000000e+01
      631    0    0    0    0    0    0  -1.625000e+01  -2.000000e+01   2.500000e+01
      632    0    0    0    0    0    0  -1.650000e+01  -2.000000e+01   2.000000e+01
      633    0    0    0    0    0    0  -1.675000e+01  -2.000000e+01   1.500000e+01
      634    0    0    0    0    0    0  -1.700000e+01  -2.000000e+01   1.000000e+01
      635    0    0    0    0    0    0  -1.725000e+01  -2.000000e+01   5.000000e+00
      636    0    0    0    0    0    0  -1.750000e+01  -2.000000e+01   0.000000e+00
      637    0    0    0    0    0    0  -1.775000e+01  -2.000000e+01  -5.000000e+00
      638    0    0    0    0    0    0  -1.800000e+01  -2.000000e+01  -1.000000e+01
      639    0    0    0    0    0    0  -1.825000e+01  -2.000000e+01  -1.500000e+01
      640    0    0    0    0    0    0  -1.850000e+01  -2.000000e+01  -2.000000e+01
      641    0    0    0    0    0    0  -1.875000e+01  -2.000000e+01  -2.500000e+01
      642    0    0    0    0    0    0  -1.900000e+01  -2.000000e+01  -3.000000e+01
      643    0    0    0    0    0    0  -1.925000e+01  -2.000000e+01  -3.500000e+01
      644    0    0    0    0    0    0  -1.950000e+01  -2.000000e+01  -4.000000e+01
      645    0    0    0    0    0    0  -1.975000e+01  -2.000000e+01  -4.500000e+01
      646    0    0    0    0    0    0   0.000000e+00  -2.000000e+01  -4.500000e+01
      647    0    0    0    0    0    0   0.000000e+00  -2.000000e+01  -4.000000e+01
      648    0    0    0    0    0    0   0.000000e+00  -2.000000e+01  -3.500000e+01
      649    0    0    0    0    0    0   0.000000e+00  -2.000000e+01  -3.000000e+01
      650    0    0    0    0    0    0   0.000000e+00  -2.000000e+01  -2.500000e+01
      651    0    0    0    0    0    0   0.000000e+00  -2.000000e+01  -2.000000e+01
      652    0    0    0    0    0    0   0.000000e+00  -2.000000e+01  -1.500000e+01
      653    0    0    0    0    0    0   0.000000e+00  -2.000000e+01  -1.000000e+01
      654    0    0    0    0    0    0   0.000000e+00  -2.000000e+01  -5.000000e+00
      655    0    0    0    0    0    0   0.000000e+00  -2.000000e+01   0.000000e+00
      656    0    0    0    0    0    0   0.000000e+00  -2.000000e+01   5.000000e+00
      657    0    0    0    0    0    0   0.000000e+00  -2.000000e+01   1.000000e+01
      658    0    0    0    0    0    0   0.000000e+00  -2.000000e+01   1.500000e+01
      659    0    0    0    0    0    0   0.000000e+00  -2.000000e+01   2.000000e+01
      660    0    0    0    0    0    0   0.000000e+00  -2.000000e+01   2.500000e+01
      661    0    0    0    0    0    0   0.000000e+00  -2.000000e+01   3.000000e+01
      662    0    0    0    0    0    0   0.000000e+00  -2.000000e+01   3.500000e+01
      663    0    0    0    0    0    0   0.000000e+00  -2.000000e+01   4.000000e+01
      664    0    0    0    0    0    0   0.000000e+00  -2.000000e+01   4.500000e+01
      665    0    0    0    0    0    0   0.000000e+00  -2.000000e+01   5.000000e+01
      666    0    0    0    0    0    0   0.000000e+00  -2.000000e+01   5.500000e+01
      667    0    0    0    0    0    0   0.000000e+00  -2.000000e+01   6.000000e+01
      668    0    0    0    0    0    0   0.000000e+00  -2.000000e+01   6.500000e+01
      669    0    0    0    0    0    0   0.000000e+00  -2.000000e+01   7.000000e+01
      670    0    0    0    0    0    0   0.000000e+00  -2.000000e+01   7.500000e+01
      671    0    0    0    0    0    0   0.000000e+00  -2.000000e+01   8.000000e+01
      672    0    0    0    0    0    0   0.000000e+00  -2.000000e+01   8.500000e+01
      673    0    0    0    0    0    0   0.000000e+00  -2.000000e+01   9.000000e+01
      674    0    0    0    0    0    0   0.000000e+00  -2.000000e+01   9.500000e+01
      675    0    0    0    0    0    0   0.000000e+00  -2.000000e+01   1.000000e+02
      676    0    0    0    0    0    0   0.000000e+00  -2.000000e+01   1.050000e+02
      677    0    0    0    0    0    0   0.000000e+00  -2.000000e+01   1.100000e+02
      678    0    0    0    0    0    0   0.000000e+00  -2.000000e+01   1.150000e+02
      679    0    0    0    0    0    0   0.000000e+00  -2.000000e+01   1.200000e+02
      680    0    0    0    0    0    0   0.000000e+00  -2.000000e+01   1.250000e+02
      681    0    0    0    0    0    0   0.000000e+00  -2.000000e+01   1.300000e+02
      682    0    0    0    0    0    0   0.000000e+00  -2.000000e+01   1.350000e+02
      683    0    0    0    0    0    0   0.000000e+00  -2.000000e+01   1.400000e+02
      684    0    0    0    0    0    0   0.000000e+00  -2.000000e+01   1.450000e+02
      685    1    1    1    0    0    0   6.666666e+00  -1.000000e+01  -5.000000e+01
      686    1    1    1    0    0    0   1.333333e+01  -1.000000e+01  -5.000000e+01
      687    1    1    1    0    0    0   2.000000e+01  -1.500000e+01  -5.000000e+01
      688    1    1    1    0    0    0   1.333333e+01  -2.000000e+01  -5.000000e+01
      689    1    1    1    0    0    0   6.666666e+00  -2.000000e+01  -5.000000e+01
      690    0    0    0    0    0    0   6.666666e+00  -1.000000e+01   1.500000e+02
      691    0    0    0    0    0    0   3.333333e+00  -1.000000e+01   1.500000e+02
      692    0    0    0    0    0    0   1.000000e+01  -1.500000e+01   1.500000e+02
      693    0    0    0    0    0    0   3.333333e+00  -2.000000e+01   1.500000e+02
      694    0    0    0    0    0    0   6.666666e+00  -2.000000e+01   1.500000e+02
      695    0    0    0    0    0    0   1.975000e+01  -2.000000e+01  -4.500000e+01
      696    0    0    0    0    0    0   1.950000e+01  -2.000000e+01  -4.000000e+01
      697    0    0    0    0    0    0   1.925000e+01  -2.000000e+01  -3.500000e+01
      698    0    0    0    0    0    0   1.900000e+01  -2.000000e+01  -3.000000e+01
      699    0    0    0    0    0    0   1.875000e+01  -2.000000e+01  -2.500000e+01
      700    0    0    0    0    0    0   1.850000e+01  -2.000000e+01  -2.000000e+01
      701    0    0    0    0    0    0   1.825000e+01  -2.000000e+01  -1.500000e+01
      702    0    0    0    0    0    0   1.800000e+01  -2.000000e+01  -1.000000e+01
      703    0    0    0    0    0    0   1.775000e+01  -2.000000e+01  -5.000000e+00
      704    0    0    0    0    0    0   1.750000e+01  -2.000000e+01   0.000000e+00
      705    0    0    0    0    0    0   1.725000e+01  -2.000000e+01   5.000000e+00
      706    0    0    0    0    0    0   1.700000e+01  -2.000000e+01   1.000000e+01
      707    0    0    0    0    0    0   1.675000e+01  -2.000000e+01   1.500000e+01
      708    0    0    0    0    0    0   1.650000e+01  -2.000000e+01   2.000000e+01
      709    0    0    0    0    0    0   1.625000e+01  -2.000000e+01   2.500000e+01
      710    0    0    0    0    0    0   1.600000e+01  -2.000000e+01   3.000000e+01
      711    0    0    0    0    0    0   1.575000e+01  -2.000000e+01   3.500000e+01
      712    0    0    0    0    0    0   1.550000e+01  -2.000000e+01   4.000000e+01
      713    0    0    0    0    0    0   1.525000e+01  -2.000000e+01   4.500000e+01
      714    0    0    0    0    0    0   1.500000e+01  -2.000000e+01   5.000000e+01
      715    0    0    0    0    0    0   1.475000e+01  -2.000000e+01   5.500000e+01
      716    0    0    0    0    0    0   1.450000e+01  -2.000000e+01   6.000000e+01
      717    0    0    0    0    0    0   1.425000e+01  -2.000000e+01   6.500000e+01
      718    0    0    0    0    0    0   1.400000e+01  -2.000000e+01   7.000000e+01
      719    0    0    0    0    0    0   1.375000e+01  -2.000000e+01   7.500000e+01
      720    0    0    0    0    0    0   1.350000e+01  -2.000000e+01   8.000000e+01
      721    0    0    0    0    0    0   1.325000e+01  -2.000000e+01   8.500000e+01
      722    0    0    0    0    0    0   1.300000e+01  -2.000000e+01   9.000000e+01
      723    0    0    0    0    0    0   1.275000e+01  -2.000000e+01   9.500000e+01
      724    0    0    0    0    0    0   1.250000e+01  -2.000000e+01   1.000000e+02
      725    0    0    0    0    0    0   1.225000e+01  -2.000000e+01   1.050000e+02
      726    0    0    0    0    0    0   1.200000e+01  -2.000000e+01   1.100000e+02
      727    0    0    0    0    0    0   1.175000e+01  -2.000000e+01   1.150000e+02
      728    0    0    0    0    0    0   1.150000e+01  -2.000000e+01   1.200000e+02
      729    0    0    0    0    0    0   1.125000e+01  -2.000000e+01   1.250000e+02
      730    0    0    0    0    0    0   1.100000e+01  -2.000000e+01   1.300000e+02
      731    0    0    0    0    0    0   1.075000e+01  -2.000000e+01   1.350000e+02
      732    0    0    0    0    0    0   1.050000e+01  -2.000000e+01   1.400000e+02
      733    0    0    0    0    0    0   1.025000e+01  -2.000000e+01   1.450000e+02
      734    0    0    0    0    0    0   1.025000e+01  -1.000000e+01   1.450000e+02
      735    0    0    0    0    0    0   1.050000e+01  -1.000000e+01   1.400000e+02
      736    0    0    0    0    0    0   1.075000e+01  -1.000000e+01   1.350000e+02
      737    0    0    0    0    0    0   1.100000e+01  -1.000000e+01   1.300000e+02
      738    0    0    0    0    0    0   1.125000e+01  -1.000000e+01   1.250000e+02
      739    0    0    0    0    0    0   1.150000e+01  -1.000000e+01   1.200000e+02
      740    0    0    0    0    0    0   1.175000e+01  -1.000000e+01   1.150000e+02
      741    0    0    0    0    0    0   1.200000e+01  -1.000000e+01   1.100000e+02
      742    0    0    0    0    0    0   1.225000e+01  -1.000000e+01   1.050000e+02
      743    0    0    0    0    0    0   1.250000e+01  -1.000000e+01   1.000000e+02
      744    0    0    0    0    0    0   1.275000e+01  -1.000000e+01   9.500000e+01
      745    0    0    0    0    0    0   1.300000e+01  -1.000000e+01   9.000000e+01
      746    0    0    0    0    0    0   1.325000e+01  -1.000000e+01   8.500000e+01
      747    0    0    0    0    0    0   1.350000e+01  -1.000000e+01   8.000000e+01
      748    0    0    0    0    0    0   1.375000e+01  -1.000000e+01   7.500000e+01
      749    0    0    0    0    0    0   1.400000e+01  -1.000000e+01   7.000000e+01
      750    0    0    0    0    0    0   1.425000e+01  -1.000000e+01   6.500000e+01
      751    0    0    0    0    0    0   1.450000e+01  -1.000000e+01   6.000000e+01
      752    0    0    0    0    0    0   1.475000e+01  -1.000000e+01   5.500000e+01
      753    0    0    0    0    0    0   1.500000e+01  -1.000000e+01   5.000000e+01
      754    0    0    0    0    0    0   1.525000e+01  -1.000000e+01   4.500000e+01
      755    0    0    0    0    0    0   1.550000e+01  -1.000000e+01   4.000000e+01
      756    0    0    0    0    0    0   1.575000e+01  -1.000000e+01   3.500000e+01
      757    0    0    0    0    0    0   1.600000e+01  -1.000000e+01   3.000000e+01
      758    0    0    0    0    0    0   1.625000e+01  -1.000000e+01   2.500000e+01
      759    0    0    0    0    0    0   1.650000e+01  -1.000000e+01   2.000000e+01
      760    0    0    0    0    0    0   1.675000e+01  -1.000000e+01   1.500000e+01
      761    0    0    0    0    0    0   1.700000e+01  -1.000000e+01   1.000000e+01
      762    0    0    0    0    0    0   1.725000e+01  -1.000000e+01   5.000000e+00
      763    0    0    0    0    0    0   1.750000e+01  -1.000000e+01   0.000000e+00
      764    0    0    0    0    0    0   1.775000e+01  -1.000000e+01  -5.000000e+00
      765    0    0    0    0    0    0   1.800000e+01  -1.000000e+01  -1.000000e+01
      766    0    0    0    0    0    0   1.825000e+01  -1.000000e+01  -1.500000e+01
      767    0    0    0    0    0    0   1.850000e+01  -1.000000e+01  -2.000000e+01
      768    0    0    0    0    0    0   1.875000e+01  -1.000000e+01  -2.500000e+01
      769    0    0    0    0    0    0   1.900000e+01  -1.000000e+01  -3.000000e+01
      770    0    0    0    0    0    0   1.925000e+01  -1.000000e+01  -3.500000e+01
      771    0    0    0    0    0    0   1.950000e+01  -1.000000e+01  -4.000000e+01
      772    0    0    0    0    0    0   1.975000e+01  -1.000000e+01  -4.500000e+01
      773    1    1    1    0    0    0  -6.666666e+00  -1.500000e+01  -5.000000e+01
      774    1    1    1    0    0    0  -1.333333e+01  -1.500000e+01  -5.000000e+01
      775    0    0    0    0    0    0  -3.333333e+00  -1.500000e+01   1.500000e+02
      776    0    0    0    0    0    0  -6.666666e+00  -1.500000e+01   1.500000e+02
      777    0    0    0    0    0    0  -6.583334e+00  -1.000000e+01  -4.500000e+01
      778    0    0    0    0    0    0  -1.316667e+01  -1.000000e+01  -4.500000e+01
      779    0    0    0    0    0    0  -6.500000e+00  -1.000000e+01  -4.000000e+01
      780    0    0    0    0    0    0  -1.300000e+01  -1.000000e+01  -4.000000e+01
      781    0    0    0    0    0    0  -6.416666e+00  -1.000000e+01  -3.500000e+01
      782    0    0    0    0    0    0  -1.283333e+01  -1.000000e+01  -3.500000e+01
      783    0    0    0    0    0    0  -6.333334e+00  -1.000000e+01  -3.000000e+01
      784    0    0    0    0    0    0  -1.266667e+01  -1.000000e+01  -3.000000e+01
      785    0    0    0    0    0    0  -6.250000e+00  -1.000000e+01  -2.500000e+01
      786    0    0    0    0    0    0  -1.250000e+01  -1.000000e+01  -2.500000e+01
      787    0    0    0    0    0    0  -6.166666e+00  -1.000000e+01  -2.000000e+01
      788    0    0    0    0    0    0  -1.233333e+01  -1.000000e+01  -2.000000e+01
      789    0    0    0    0    0    0  -6.083334e+00  -1.000000e+01  -1.500000e+01
      790    0    0    0    0    0    0  -1.216667e+01  -1.000000e+01  -1.500000e+01
      791    0    0    0    0    0    0  -6.000000e+00  -1.000000e+01  -1.000000e+01
      792    0    0    0    0    0    0  -1.200000e+01  -1.000000e+01  -1.000000e+01
      793    0    0    0    0    0    0  -5.916666e+00  -1.000000e+01  -5.000000e+00
      794    0    0    0    0    0    0  -1.183333e+01  -1.000000e+01  -5.000000e+00
      795    0    0    0    0    0    0  -5.833334e+00  -1.000000e+01   0.000000e+00
      796    0    0    0    0    0    0  -1.166667e+01  -1.000000e+01   0.000000e+00
      797    0    0    0    0    0    0  -5.750000e+00  -1.000000e+01   5.000000e+00
      798    0    0    0    0    0    0  -1.150000e+01  -1.000000e+01   5.000000e+00
      799    0    0    0    0    0    0  -5.666666e+00  -1.000000e+01   1.000000e+01
      800    0    0    0    0    0    0  -1.133333e+01  -1.000000e+01   1.000000e+01
      801    0    0    0    0    0    0  -5.583334e+00  -1.000000e+01   1.500000e+01
      802    0    0    0    0    0    0  -1.116667e+01  -1.000000e+01   1.500000e+01
      803    0    0    0    0    0    0  -5.500000e+00  -1.000000e+01   2.000000e+01
      804    0    0    0    0    0    0  -1.100000e+01  -1.000000e+01   2.000000e+01
      805    0    0    0    0    0    0  -5.416666e+00  -1.000000e+01   2.500000e+01
      806    0    0    0    0    0    0  -1.083333e+01  -1.000000e+01   2.500000e+01
      807    0    0    0    0    0    0  -5.333334e+00  -1.000000e+01   3.000000e+01
      808    0    0    0    0    0    0  -1.066667e+01  -1.000000e+01   3.000000e+01
      809    0    0    0    0    0    0  -5.250000e+00  -1.000000e+01   3.500000e+01
      810    0    0    0    0    0    0  -1.050000e+01  -1.000000e+01   3.500000e+01
      811    0    0    0    0    0    0  -5.166666e+00  -1.000000e+01   4.000000e+01
      812    0    0    0    0    0    0  -1.033333e+01  -1.000000e+01   4.000000e+01
      813    0    0    0    0    0    0  -5.083334e+00  -1.000000e+01   4.500000e+01
      814    0    0    0    0    0    0  -1.016667e+01  -1.000000e+01   4.500000e+01
      815    0    0    0    0    0    0  -5.000000e+00  -1.000000e+01   5.000000e+01
      816    0    0    0    0    0    0  -1.000000e+01  -1.000000e+01   5.000000e+01
      817    0    0    0    0    0    0  -4.916666e+00  -1.000000e+01   5.500000e+01
      818    0    0    0    0    0    0  -9.833333e+00  -1.000000e+01   5.500000e+01
      819    0    0    0    0    0    0  -4.833334e+00  -1.000000e+01   6.000000e+01
      820    0    0    0    0    0    0  -9.666667e+00  -1.000000e+01   6.000000e+01
      821    0    0    0    0    0    0  -4.750000e+00  -1.000000e+01   6.500000e+01
      822    0    0    0    0    0    0  -9.500000e+00  -1.000000e+01   6.500000e+01
      823    0    0    0    0    0    0  -4.666666e+00  -1.000000e+01   7.000000e+01
      824    0    0    0    0    0    0  -9.333333e+00  -1.000000e+01   7.000000e+01
      825    0    0    0    0    0    0  -4.583334e+00  -1.000000e+01   7.500000e+01
      826    0    0    0    0    0    0  -9.166667e+00  -1.000000e+01   7.500000e+01
      827    0    0    0    0    0    0  -4.500000e+00  -1.000000e+01   8.000000e+01
      828    0    0    0    0    0    0  -9.000000e+00  -1.000000e+01   8.000000e+01
      829    0    0    0    0    0    0  -4.416666e+00  -1.000000e+01   8.500000e+01
      830    0    0    0    0    0    0  -8.833333e+00  -1.000000e+01   8.500000e+01
      831    0    0    0    0    0    0  -4.333334e+00  -1.000000e+01   9.000000e+01
      832    0    0    0    0    0    0  -8.666667e+00  -1.000000e+01   9.000000e+01
      833    0    0    0    0    0    0  -4.250000e+00  -1.000000e+01   9.500000e+01
      834    0    0    0    0    0    0  -8.500000e+00  -1.000000e+01   9.500000e+01
      835    0    0    0    0    0    0  -4.166666e+00  -1.000000e+01   1.000000e+02
      836    0    0    0    0    0    0  -8.333333e+00  -1.000000e+01   1.000000e+02
      837    0    0    0    0    0    0  -4.083334e+00  -1.000000e+01   1.050000e+02
      838    0    0    0    0    0    0  -8.166667e+00  -1.000000e+01   1.050000e+02
      839    0    0    0    0    0    0  -4.000000e+00  -1.000000e+01   1.100000e+02
      840    0    0    0    0    0    0  -8.000000e+00  -1.000000e+01   1.100000e+02
      841    0    0    0    0    0    0  -3.916667e+00  -1.000000e+01   1.150000e+02
      842    0    0    0    0    0    0  -7.833334e+00  -1.000000e+01   1.150000e+02
      843    0    0    0    0    0    0  -3.833333e+00  -1.000000e+01   1.200000e+02
      844    0    0    0    0    0    0  -7.666666e+00  -1.000000e+01   1.200000e+02
      845    0    0    0    0    0    0  -3.750000e+00  -1.000000e+01   1.250000e+02
      846    0    0    0    0    0    0  -7.500000e+00  -1.000000e+01   1.250000e+02
      847    0    0    0    0    0    0  -3.666667e+00  -1.000000e+01   1.300000e+02
      848    0    0    0    0    0    0  -7.333334e+00  -1.000000e+01   1.300000e+02
      849    0    0    0    0    0    0  -3.583333e+00  -1.000000e+01   1.350000e+02
      850    0    0    0    0    0    0  -7.166666e+00  -1.000000e+01   1.350000e+02
      851    0    0    0    0    0    0  -3.500000e+00  -1.000000e+01   1.400000e+02
      852    0    0    0    0    0    0  -7.000000e+00  -1.000000e+01   1.400000e+02
      853    0    0    0    0    0    0  -3.416667e+00  -1.000000e+01   1.450000e+02
      854    0    0    0    0    0    0  -6.833334e+00  -1.000000e+01   1.450000e+02
      855    0    0    0    0    0    0  -6.583334e+00  -2.000000e+01  -4.500000e+01
      856    0    0    0    0    0    0  -1.316667e+01  -2.000000e+01  -4.500000e+01
      857    0    0    0    0    0    0  -6.500000e+00  -2.000000e+01  -4.000000e+01
      858    0    0    0    0    0    0  -1.300000e+01  -2.000000e+01  -4.000000e+01
      859    0    0    0    0    0    0  -6.416666e+00  -2.000000e+01  -3.500000e+01
      860    0    0    0    0    0    0  -1.283333e+01  -2.000000e+01  -3.500000e+01
      861    0    0    0    0    0    0  -6.333334e+00  -2.000000e+01  -3.000000e+01
      862    0    0    0    0    0    0  -1.266667e+01  -2.000000e+01  -3.000000e+01
      863    0    0    0    0    0    0  -6.250000e+00  -2.000000e+01  -2.500000e+01
      864    0    0    0    0    0    0  -1.250000e+01  -2.000000e+01  -2.500000e+01
      865    0    0    0    0    0    0  -6.166666e+00  -2.000000e+01  -2.000000e+01
      866    0    0    0    0    0    0  -1.233333e+01  -2.000000e+01  -2.000000e+01
      867    0    0    0    0    0    0  -6.083334e+00  -2.000000e+01  -1.500000e+01
      868    0    0    0    0    0    0  -1.216667e+01  -2.000000e+01  -1.500000e+01
      869    0    0    0    0    0    0  -6.000000e+00  -2.000000e+01  -1.000000e+01
      870    0    0    0    0    0    0  -1.200000e+01  -2.000000e+01  -1.000000e+01
      871    0    0    0    0    0    0  -5.916666e+00  -2.000000e+01  -5.000000e+00
      872    0    0    0    0    0    0  -1.183333e+01  -2.000000e+01  -5.000000e+00
      873    0    0    0    0    0    0  -5.833334e+00  -2.000000e+01   0.000000e+00
      874    0    0    0    0    0    0  -1.166667e+01  -2.000000e+01   0.000000e+00
      875    0    0    0    0    0    0  -5.750000e+00  -2.000000e+01   5.000000e+00
      876    0    0    0    0    0    0  -1.150000e+01  -2.000000e+01   5.000000e+00
      877    0    0    0    0    0    0  -5.666666e+00  -2.000000e+01   1.000000e+01
      878    0    0    0    0    0    0  -1.133333e+01  -2.000000e+01   1.000000e+01
      879    0    0    0    0    0    0  -5.583334e+00  -2.000000e+01   1.500000e+01
      880    0    0    0    0    0    0  -1.116667e+01  -2.000000e+01   1.500000e+01
      881    0    0    0    0    0    0  -5.500000e+00  -2.000000e+01   2.000000e+01
      882    0    0    0    0    0    0  -1.100000e+01  -2.000000e+01   2.000000e+01
      883    0    0    0    0    0    0  -5.416666e+00  -2.000000e+01   2.500000e+01
      884    0    0    0    0    0    0  -1.083333e+01  -2.000000e+01   2.500000e+01
      885    0    0    0    0    0    0  -5.333334e+00  -2.000000e+01   3.000000e+01
      886    0    0    0    0    0    0  -1.066667e+01  -2.000000e+01   3.000000e+01
      887    0    0    0    0    0    0  -5.250000e+00  -2.000000e+01   3.500000e+01
      888    0    0    0    0    0    0  -1.050000e+01  -2.000000e+01   3.500000e+01
      889    0    0    0    0    0    0  -5.166666e+00  -2.000000e+01   4.000000e+01
      890    0    0    0    0    0    0  -1.033333e+01  -2.000000e+01   4.000000e+01
      891    0    0    0    0    0    0  -5.083334e+00  -2.000000e+01   4.500000e+01
      892    0    0    0    0    0    0  -1.016667e+01  -2.000000e+01   4.500000e+01
      893    0    0    0    0    0    0  -5.000000e+00  -2.000000e+01   5.000000e+01
      894    0    0    0    0    0    0  -1.000000e+01  -2.000000e+01   5.000000e+01
      895    0    0    0    0    0    0  -4.916666e+00  -2.000000e+01   5.500000e+01
      896    0    0    0    0    0    0  -9.833333e+00  -2.000000e+01   5.500000e+01
      897    0    0    0    0    0    0  -4.833334e+00  -2.000000e+01   6.000000e+01
      898    0    0    0    0    0    0  -9.666667e+00  -2.000000e+01   6.000000e+01
      899    0    0    0    0    0    0  -4.750000e+00  -2.000000e+01   6.500000e+01
      900    0    0    0    0    0    0  -9.500000e+00  -2.000000e+01   6.500000e+01
      901    0    0    0    0    0    0  -4.666666e+00  -2.000000e+01   7.000000e+01
      902    0    0    0    0    0    0  -9.333333e+00  -2.000000e+01   7.000000e+01
      903    0    0    0    0    0    0  -4.583334e+00  -2.000000e+01   7.500000e+01
      904    0    0    0    0    0    0  -9.166667e+00  -2.000000e+01   7.500000e+01
      905    0    0    0    0    0    0  -4.500000e+00  -2.000000e+01   8.000000e+01
      906    0    0    0    0    0    0  -9.000000e+00  -2.000000e+01   8.000000e+01
      907    0    0    0    0    0    0  -4.416666e+00  -2.000000e+01   8.500000e+01
      908    0    0    0    0    0    0  -8.833333e+00  -2.000000e+01   8.500000e+01
      909    0    0    0    0    0    0  -4.333334e+00  -2.000000e+01   9.000000e+01
      910    0    0    0    0    0    0  -8.666667e+00  -2.000000e+01   9.000000e+01
      911    0    0    0    0    0    0  -4.250000e+00  -2.000000e+01   9.500000e+01
      912    0    0    0    0    0    0  -8.500000e+00  -2.000000e+01   9.500000e+01
      913    0    0    0    0    0    0  -4.166666e+00  -2.000000e+01   1.000000e+02
      914    0    0    0    0    0    0  -8.333333e+00  -2.000000e+01   1.000000e+02
      915    0    0    0    0    0    0  -4.083334e+00  -2.000000e+01   1.050000e+02
      916    0    0    0    0    0    0  -8.166667e+00  -2.000000e+01   1.050000e+02
      917    0    0    0    0    0    0  -4.000000e+00  -2.000000e+01   1.100000e+02
      918    0    0    0    0    0    0  -8.000000e+00  -2.000000e+01   1.100000e+02
      919    0    0    0    0    0    0  -3.916667e+00  -2.000000e+01   1.150000e+02
      920    0    0    0    0    0    0  -7.833334e+00  -2.000000e+01   1.150000e+02
      921    0    0    0    0    0    0  -3.833333e+00  -2.000000e+01   1.200000e+02
      922    0    0    0    0    0    0  -7.666666e+00  -2.000000e+01   1.200000e+02
      923    0    0    0    0    0    0  -3.750000e+00  -2.000000e+01   1.250000e+02
      924    0    0    0    0    0    0  -7.500000e+00  -2.000000e+01   1.250000e+02
      925    0    0    0    0    0    0  -3.666667e+00  -2.000000e+01   1.300000e+02
      926    0    0    0    0    0    0  -7.333334e+00  -2.000000e+01   1.300000e+02
      927    0    0    0    0    0    0  -3.583333e+00  -2.000000e+01   1.350000e+02
      928    0    0    0    0    0    0  -7.166666e+00  -2.000000e+01   1.350000e+02
      929    0    0    0    0    0    0  -3.500000e+00  -2.000000e+01   1.400000e+02
      930    0    0    0    0    0    0  -7.000000e+00  -2.000000e+01   1.400000e+02
      931    0    0    0    0    0    0  -3.416667e+00  -2.000000e+01   1.450000e+02
      932    0    0    0    0    0    0  -6.833334e+00  -2.000000e+01   1.450000e+02
      933    0    0    0    0    0    0   0.000000e+00  -1.500000e+01  -4.500000e+01
      934    0    0    0    0    0    0   0.000000e+00  -1.500000e+01  -4.000000e+01
      935    0    0    0    0    0    0   0.000000e+00  -1.500000e+01  -3.500000e+01
      936    0    0    0    0    0    0   0.000000e+00  -1.500000e+01  -3.000000e+01
      937    0    0    0    0    0    0   0.000000e+00  -1.500000e+01  -2.500000e+01
      938    0    0    0    0    0    0   0.000000e+00  -1.500000e+01  -2.000000e+01
      939    0    0    0    0    0    0   0.000000e+00  -1.500000e+01  -1.500000e+01
      940    0    0    0    0    0    0   0.000000e+00  -1.500000e+01  -1.000000e+01
      941    0    0    0    0    0    0   0.000000e+00  -1.500000e+01  -5.000000e+00
      942    0    0    0    0    0    0   0.000000e+00  -1.500000e+01   0.000000e+00
      943    0    0    0    0    0    0   0.000000e+00  -1.500000e+01   5.000000e+00
      944    0    0    0    0    0    0   0.000000e+00  -1.500000e+01   1.000000e+01
      945    0    0    0    0    0    0   0.000000e+00  -1.500000e+01   1.500000e+01
      946    0    0    0    0    0    0   0.000000e+00  -1.500000e+01   2.000000e+01
      947    0    0    0    0    0    0   0.000000e+00  -1.500000e+01   2.500000e+01
      948    0    0    0    0    0    0   0.000000e+00  -1.500000e+01   3.000000e+01
      949    0    0    0    0    0    0   0.000000e+00  -1.500000e+01   3.500000e+01
      950    0    0    0    0    0    0   0.000000e+00  -1.500000e+01   4.000000e+01
      951    0    0    0    0    0    0   0.000000e+00  -1.500000e+01   4.500000e+01
      952    0    0    0    0    0    0   0.000000e+00  -1.500000e+01   5.000000e+01
      953    0    0    0    0    0    0   0.000000e+00  -1.500000e+01   5.500000e+01
      954    0    0    0    0    0    0   0.000000e+00  -1.500000e+01   6.000000e+01
      955    0    0    0    0    0    0   0.000000e+00  -1.500000e+01   6.500000e+01
      956    0    0    0    0    0    0   0.000000e+00  -1.500000e+01   7.000000e+01
      957    0    0    0    0    0    0   0.000000e+00  -1.500000e+01   7.500000e+01
      958    0    0    0    0    0    0   0.000000e+00  -1.500000e+01   8.000000e+01
      959    0    0    0    0    0    0   0.000000e+00  -1.500000e+01   8.500000e+01
      960    0    0    0    0    0    0   0.000000e+00  -1.500000e+01   9.000000e+01
      961    0    0    0    0    0    0   0.000000e+00  -1.500000e+01   9.500000e+01
      962    0    0    0    0    0    0   0.000000e+00  -1.500000e+01   1.000000e+02
      963    0    0    0    0    0    0   0.000000e+00  -1.500000e+01   1.050000e+02
      964    0    0    0    0    0    0   0.000000e+00  -1.500000e+01   1.100000e+02
      965    0    0    0    0    0    0   0.000000e+00  -1.500000e+01   1.150000e+02
      966    0    0    0    0    0    0   0.000000e+00  -1.500000e+01   1.200000e+02
      967    0    0    0    0    0    0   0.000000e+00  -1.500000e+01   1.250000e+02
      968    0    0    0    0    0    0   0.000000e+00  -1.500000e+01   1.300000e+02
      969    0    0    0    0    0    0   0.000000e+00  -1.500000e+01   1.350000e+02
      970    0    0    0    0    0    0   0.000000e+00  -1.500000e+01   1.400000e+02
      971    0    0    0    0    0    0   0.000000e+00  -1.500000e+01   1.450000e+02
      972    0    0    0    0    0    0  -1.975000e+01  -1.500000e+01  -4.500000e+01
      973    0    0    0    0    0    0  -1.950000e+01  -1.500000e+01  -4.000000e+01
      974    0    0    0    0    0    0  -1.925000e+01  -1.500000e+01  -3.500000e+01
      975    0    0    0    0    0    0  -1.900000e+01  -1.500000e+01  -3.000000e+01
      976    0    0    0    0    0    0  -1.875000e+01  -1.500000e+01  -2.500000e+01
      977    0    0    0    0    0    0  -1.850000e+01  -1.500000e+01  -2.000000e+01
      978    0    0    0    0    0    0  -1.825000e+01  -1.500000e+01  -1.500000e+01
      979    0    0    0    0    0    0  -1.800000e+01  -1.500000e+01  -1.000000e+01
      980    0    0    0    0    0    0  -1.775000e+01  -1.500000e+01  -5.000000e+00
      981    0    0    0    0    0    0  -1.750000e+01  -1.500000e+01   0.000000e+00
      982    0    0    0    0    0    0  -1.725000e+01  -1.500000e+01   5.000000e+00
      983    0    0    0    0    0    0  -1.700000e+01  -1.500000e+01   1.000000e+01
      984    0    0    0    0    0    0  -1.675000e+01  -1.500000e+01   1.500000e+01
      985    0    0    0    0    0    0  -1.650000e+01  -1.500000e+01   2.000000e+01
      986    0    0    0    0    0    0  -1.625000e+01  -1.500000e+01   2.500000e+01
      987    0    0    0    0    0    0  -1.600000e+01  -1.500000e+01   3.000000e+01
      988    0    0    0    0    0    0  -1.575000e+01  -1.500000e+01   3.500000e+01
      989    0    0    0    0    0    0  -1.550000e+01  -1.500000e+01   4.000000e+01
      990    0    0    0    0    0    0  -1.525000e+01  -1.500000e+01   4.500000e+01
      991    0    0    0    0    0    0  -1.500000e+01  -1.500000e+01   5.000000e+01
      992    0    0    0    0    0    0  -1.475000e+01  -1.500000e+01   5.500000e+01
      993    0    0    0    0    0    0  -1.450000e+01  -1.500000e+01   6.000000e+01
      994    0    0    0    0    0    0  -1.425000e+01  -1.500000e+01   6.500000e+01
      995    0    0    0    0    0    0  -1.400000e+01  -1.500000e+01   7.000000e+01
      996    0    0    0    0    0    0  -1.375000e+01  -1.500000e+01   7.500000e+01
      997    0    0    0    0    0    0  -1.350000e+01  -1.500000e+01   8.000000e+01
      998    0    0    0    0    0    0  -1.325000e+01  -1.500000e+01   8.500000e+01
      999    0    0    0    0    0    0  -1.300000e+01  -1.500000e+01   9.000000e+01
     1000    0    0    0    0    0    0  -1.275000e+01  -1.500000e+01   9.500000e+01
     1001    0    0    0    0    0    0  -1.250000e+01  -1.500000e+01   1.000000e+02
     1002    0    0    0    0    0    0  -1.225000e+01  -1.500000e+01   1.050000e+02
     1003    0    0    0    0    0    0  -1.200000e+01  -1.500000e+01   1.100000e+02
     1004    0    0    0    0    0    0  -1.175000e+01  -1.500000e+01   1.150000e+02
     1005    0    0    0    0    0    0  -1.150000e+01  -1.500000e+01   1.200000e+02
     1006    0    0    0    0    0    0  -1.125000e+01  -1.500000e+01   1.250000e+02
     1007    0    0    0    0    0    0  -1.100000e+01  -1.500000e+01   1.300000e+02
     1008    0    0    0    0    0    0  -1.075000e+01  -1.500000e+01   1.350000e+02
     1009    0    0    0    0    0    0  -1.050000e+01  -1.500000e+01   1.400000e+02
     1010    0    0    0    0    0    0  -1.025000e+01  -1.500000e+01   1.450000e+02
     1011    1    1    1    0    0    0   6.666666e+00  -1.500000e+01  -5.000000e+01
     1012    1    1    1    0    0    0   1.333333e+01  -1.500000e+01  -5.000000e+01
     1013    0    0    0    0    0    0   3.333333e+00  -1.500000e+01   1.500000e+02
     1014    0    0    0    0    0    0   6.666666e+00  -1.500000e+01   1.500000e+02
     1015    0    0    0    0    0    0   6.583334e+00  -2.000000e+01  -4.500000e+01
     1016    0    0    0    0    0    0   1.316667e+01  -2.000000e+01  -4.500000e+01
     1017    0    0    0    0    0    0   6.500000e+00  -2.000000e+01  -4.000000e+01
     1018    0    0    0    0    0    0   1.300000e+01  -2.000000e+01  -4.000000e+01
     1019    0    0    0    0    0    0   6.416666e+00  -2.000000e+01  -3.500000e+01
     1020    0    0    0    0    0    0   1.283333e+01  -2.000000e+01  -3.500000e+01
     1021    0    0    0    0    0    0   6.333334e+00  -2.000000e+01  -3.000000e+01
     1022    0    0    0    0    0    0   1.266667e+01  -2.000000e+01  -3.000000e+01
     1023    0    0    0    0    0    0   6.250000e+00  -2.000000e+01  -2.500000e+01
     1024    0    0    0    0    0    0   1.250000e+01  -2.000000e+01  -2.500000e+01
     1025    0    0    0    0    0    0   6.166666e+00  -2.000000e+01  -2.000000e+01
     1026    0    0    0    0    0    0   1.233333e+01  -2.000000e+01  -2.000000e+01
     1027    0    0    0    0    0    0   6.083334e+00  -2.000000e+01  -1.500000e+01
     1028    0    0    0    0    0    0   1.216667e+01  -2.000000e+01  -1.500000e+01
     1029    0    0    0    0    0    0   6.000000e+00  -2.000000e+01  -1.000000e+01
     1030    0    0    0    0    0    0   1.200000e+01  -2.000000e+01  -1.000000e+01
     1031    0    0    0    0    0    0   5.916666e+00  -2.000000e+01  -5.000000e+00
     1032    0    0    0    0    0    0   1.183333e+01  -2.000000e+01  -5.000000e+00
     1033    0    0    0    0    0    0   5.833334e+00  -2.000000e+01   0.000000e+00
     1034    0    0    0    0    0    0   1.166667e+01  -2.000000e+01   0.000000e+00
     1035    0    0    0    0    0    0   5.750000e+00  -2.000000e+01   5.000000e+00
     1036    0    0    0    0    0    0   1.150000e+01  -2.000000e+01   5.000000e+00
     1037    0    0    0    0    0    0   5.666666e+00  -2.000000e+01   1.000000e+01
     1038    0    0    0    0    0    0   1.133333e+01  -2.000000e+01   1.000000e+01
     1039    0    0    0    0    0    0   5.583334e+00  -2.000000e+01   1.500000e+01
     1040    0    0    0    0    0    0   1.116667e+01  -2.000000e+01   1.500000e+01
     1041    0    0    0    0    0    0   5.500000e+00  -2.000000e+01   2.000000e+01
     1042    0    0    0    0    0    0   1.100000e+01  -2.000000e+01   2.000000e+01
     1043    0    0    0    0    0    0   5.416666e+00  -2.000000e+01   2.500000e+01
     1044    0    0    0    0    0    0   1.083333e+01  -2.000000e+01   2.500000e+01
     1045    0    0    0    0    0    0   5.333334e+00  -2.000000e+01   3.000000e+01
     1046    0    0    0    0    0    0   1.066667e+01  -2.000000e+01   3.000000e+01
     1047    0    0    0    0    0    0   5.250000e+00  -2.000000e+01   3.500000e+01
     1048    0    0    0    0    0    0   1.050000e+01  -2.000000e+01   3.500000e+01
     1049    0    0    0    0    0    0   5.166666e+00  -2.000000e+01   4.000000e+01
     1050    0    0    0    0    0    0   1.033333e+01  -2.000000e+01   4.000000e+01
     1051    0    0    0    0    0    0   5.083334e+00  -2.000000e+01   4.500000e+01
     1052    0    0    0    0    0    0   1.016667e+01  -2.000000e+01   4.500000e+01
     1053    0    0    0    0    0    0   5.000000e+00  -2.000000e+01   5.000000e+01
     1054    0    0    0    0    0    0   1.000000e+01  -2.000000e+01   5.000000e+01
     1055    0    0    0    0    0    0   4.916666e+00  -2.000000e+01   5.500000e+01
     1056    0    0    0    0    0    0   9.833333e+00  -2.000000e+01   5.500000e+01
     1057    0    0    0    0    0    0   4.833334e+00  -2.000000e+01   6.000000e+01
     1058    0    0    0    0    0    0   9.666667e+00  -2.000000e+01   6.000000e+01
     1059    0    0    0    0    0    0   4.750000e+00  -2.000000e+01   6.500000e+01
     1060    0    0    0    0    0    0   9.500000e+00  -2.000000e+01   6.500000e+01
     1061    0    0    0    0    0    0   4.666666e+00  -2.000000e+01   7.000000e+01
     1062    0    0    0    0    0    0   9.333333e+00  -2.000000e+01   7.000000e+01
     1063    0    0    0    0    0    0   4.583334e+00  -2.000000e+01   7.500000e+01
     1064    0    0    0    0    0    0   9.166667e+00  -2.000000e+01   7.500000e+01
     1065    0    0    0    0    0    0   4.500000e+00  -2.000000e+01   8.000000e+01
     1066    0    0    0    0    0    0   9.000000e+00  -2.000000e+01   8.000000e+01
     1067    0    0    0    0    0    0   4.416666e+00  -2.000000e+01   8.500000e+01
     1068    0    0    0    0    0    0   8.833333e+00  -2.000000e+01   8.500000e+01
     1069    0    0    0    0    0    0   4.333334e+00  -2.000000e+01   9.000000e+01
     1070    0    0    0    0    0    0   8.666667e+00  -2.000000e+01   9.000000e+01
     1071    0    0    0    0    0    0   4.250000e+00  -2.000000e+01   9.500000e+01
     1072    0    0    0    0    0    0   8.500000e+00  -2.000000e+01   9.500000e+01
     1073    0    0    0    0    0    0   4.166666e+00  -2.000000e+01   1.000000e+02
     1074    0    0    0    0    0    0   8.333333e+00  -2.000000e+01   1.000000e+02
     1075    0    0    0    0    0    0   4.083334e+00  -2.000000e+01   1.050000e+02
     1076    0    0    0    0    0    0   8.166667e+00  -2.000000e+01   1.050000e+02
     1077    0    0    0    0    0    0   4.000000e+00  -2.000000e+01   1.100000e+02
     1078    0    0    0    0    0    0   8.000000e+00  -2.000000e+01   1.100000e+02
     1079    0    0    0    0    0    0   3.916667e+00  -2.000000e+01   1.150000e+02
     1080    0    0    0    0    0    0   7.833334e+00  -2.000000e+01   1.150000e+02
     1081    0    0    0    0    0    0   3.833333e+00  -2.000000e+01   1.200000e+02
     1082    0    0    0    0    0    0   7.666666e+00  -2.000000e+01   1.200000e+02
     1083    0    0    0    0    0    0   3.750000e+00  -2.000000e+01   1.250000e+02
     1084    0    0    0    0    0    0   7.500000e+00  -2.000000e+01   1.250000e+02
     1085    0    0    0    0    0    0   3.666667e+00  -2.000000e+01   1.300000e+02
     1086    0    0    0    0    0    0   7.333334e+00  -2.000000e+01   1.300000e+02
     1087    0    0    0    0    0    0   3.583333e+00  -2.000000e+01   1.350000e+02
     1088    0    0    0    0    0    0   7.166666e+00  -2.000000e+01   1.350000e+02
     1089    0    0    0    0    0    0   3.500000e+00  -2.000000e+01   1.400000e+02
     1090    0    0    0    0    0    0   7.000000e+00  -2.000000e+01   1.400000e+02
     1091    0    0    0    0    0    0   3.416667e+00  -2.000000e+01   1.450000e+02
     1092    0    0    0    0    0    0   6.833334e+00  -2.000000e+01   1.450000e+02
     1093    0    0    0    0    0    0   6.583334e+00  -1.000000e+01  -4.500000e+01
     1094    0    0    0    0    0    0   1.316667e+01  -1.000000e+01  -4.500000e+01
     1095    0    0    0    0    0    0   6.500000e+00  -1.000000e+01  -4.000000e+01
     1096    0    0    0    0    0    0   1.300000e+01  -1.000000e+01  -4.000000e+01
     1097    0    0    0    0    0    0   6.416666e+00  -1.000000e+01  -3.500000e+01
     1098    0    0    0    0    0    0   1.283333e+01  -1.000000e+01  -3.500000e+01
     1099    0    0    0    0    0    0   6.333334e+00  -1.000000e+01  -3.000000e+01
     1100    0    0    0    0    0    0   1.266667e+01  -1.000000e+01  -3.000000e+01
     1101    0    0    0    0    0    0   6.250000e+00  -1.000000e+01  -2.500000e+01
     1102    0    0    0    0    0    0   1.250000e+01  -1.000000e+01  -2.500000e+01
     1103    0    0    0    0    0    0   6.166666e+00  -1.000000e+01  -2.000000e+01
     1104    0    0    0    0    0    0   1.233333e+01  -1.000000e+01  -2.000000e+01
     1105    0    0    0    0    0    0   6.083334e+00  -1.000000e+01  -1.500000e+01
     1106    0    0    0    0    0    0   1.216667e+01  -1.000000e+01  -1.500000e+01
     1107    0    0    0    0    0    0   6.000000e+00  -1.000000e+01  -1.000000e+01
     1108    0    0    0    0    0    0   1.200000e+01  -1.000000e+01  -1.000000e+01
     1109    0    0    0    0    0    0   5.916666e+00  -1.000000e+01  -5.000000e+00
     1110    0    0    0    0    0    0   1.183333e+01  -1.000000e+01  -5.000000e+00
     1111    0    0    0    0    0    0   5.833334e+00  -1.000000e+01   0.000000e+00
     1112    0    0    0    0    0    0   1.166667e+01  -1.000000e+01   0.000000e+00
     1113    0    0    0    0    0    0   5.750000e+00  -1.000000e+01   5.000000e+00
     1114    0    0    0    0    0    0   1.150000e+01  -1.000000e+01   5.000000e+00
     1115    0    0    0    0    0    0   5.666666e+00  -1.000000e+01   1.000000e+01
     1116    0    0    0    0    0    0   1.133333e+01  -1.000000e+01   1.000000e+01
     1117    0    0    0    0    0    0   5.583334e+00  -1.000000e+01   1.500000e+01
     1118    0    0    0    0    0    0   1.116667e+01  -1.000000e+01   1.500000e+01
     1119    0    0    0    0    0    0   5.500000e+00  -1.000000e+01   2.000000e+01
     1120    0    0    0    0    0    0   1.100000e+01  -1.000000e+01   2.000000e+01
     1121    0    0    0    0    0    0   5.416666e+00  -1.000000e+01   2.500000e+01
     1122    0    0    0    0    0    0   1.083333e+01  -1.000000e+01   2.500000e+01
     1123    0    0    0    0    0    0   5.333334e+00  -1.000000e+01   3.000000e+01
     1124    0    0    0    0    0    0   1.066667e+01  -1.000000e+01   3.000000e+01
     1125    0    0    0    0    0    0   5.250000e+00  -1.000000e+01   3.500000e+01
     1126    0    0    0    0    0    0   1.050000e+01  -1.000000e+01   3.500000e+01
     1127    0    0    0    0    0    0   5.166666e+00  -1.000000e+01   4.000000e+01
     1128    0    0    0    0    0    0   1.033333e+01  -1.000000e+01   4.000000e+01
     1129    0    0    0    0    0    0   5.083334e+00  -1.000000e+01   4.500000e+01
     1130    0    0    0    0    0    0   1.016667e+01  -1.000000e+01   4.500000e+01
     1131    0    0    0    0    0    0   5.000000e+00  -1.000000e+01   5.000000e+01
     1132    0    0    0    0    0    0   1.000000e+01  -1.000000e+01   5.000000e+01
     1133    0    0    0    0    0    0   4.916666e+00  -1.000000e+01   5.500000e+01
     1134    0    0    0    0    0    0   9.833333e+00  -1.000000e+01   5.500000e+01
     1135    0    0    0    0    0    0   4.833334e+00  -1.000000e+01   6.000000e+01
     1136    0    0    0    0    0    0   9.666667e+00  -1.000000e+01   6.000000e+01
     1137    0    0    0    0    0    0   4.750000e+00  -1.000000e+01   6.500000e+01
     1138    0    0    0    0    0    0   9.500000e+00  -1.000000e+01   6.500000e+01
     1139    0    0    0    0    0    0   4.666666e+00  -1.000000e+01   7.000000e+01
     1140    0    0    0    0    0    0   9.333333e+00  -1.000000e+01   7.000000e+01
     1141    0    0    0    0    0    0   4.583334e+00  -1.000000e+01   7.500000e+01
     1142    0    0    0    0    0    0   9.166667e+00  -1.000000e+01   7.500000e+01
     1143    0    0    0    0    0    0   4.500000e+00  -1.000000e+01   8.000000e+01
     1144    0    0    0    0    0    0   9.000000e+00  -1.000000e+01   8.000000e+01
     1145    0    0    0    0    0    0   4.416666e+00  -1.000000e+01   8.500000e+01
     1146    0    0    0    0    0    0   8.833333e+00  -1.000000e+01   8.500000e+01
     1147    0    0    0    0    0    0   4.333334e+00  -1.000000e+01   9.000000e+01
     1148    0    0    0    0    0    0   8.666667e+00  -1.000000e+01   9.000000e+01
     1149    0    0    0    0    0    0   4.250000e+00  -1.000000e+01   9.500000e+01
     1150    0    0    0    0    0    0   8.500000e+00  -1.000000e+01   9.500000e+01
     1151    0    0    0    0    0    0   4.166666e+00  -1.000000e+01   1.000000e+02
     1152    0    0    0    0    0    0   8.333333e+00  -1.000000e+01   1.000000e+02
     1153    0    0    0    0    0    0   4.083334e+00  -1.000000e+01   1.050000e+02
     1154    0    0    0    0    0    0   8.166667e+00  -1.000000e+01   1.050000e+02
     1155    0    0    0    0    0    0   4.000000e+00  -1.000000e+01   1.100000e+02
     1156    0    0    0    0    0    0   8.000000e+00  -1.000000e+01   1.100000e+02
     1157    0    0    0    0    0    0   3.916667e+00  -1.000000e+01   1.150000e+02
     1158    0    0    0    0    0    0   7.833334e+00  -1.000000e+01   1.150000e+02
     1159    0    0    0    0    0    0   3.833333e+00  -1.000000e+01   1.200000e+02
     1160    0    0    0    0    0    0   7.666666e+00  -1.000000e+01   1.200000e+02
     1161    0    0    0    0    0    0   3.750000e+00  -1.000000e+01   1.250000e+02
     1162    0    0    0    0    0    0   7.500000e+00  -1.000000e+01   1.250000e+02
     1163    0    0    0    0    0    0   3.666667e+00  -1.000000e+01   1.300000e+02
     1164    0    0    0    0    0    0   7.333334e+00  -1.000000e+01   1.300000e+02
     1165    0    0    0    0    0    0   3.583333e+00  -1.000000e+01   1.350000e+02
     1166    0    0    0    0    0    0   7.166666e+00  -1.000000e+01   1.350000e+02
     1167    0    0    0    0    0    0   3.500000e+00  -1.000000e+01   1.400000e+02
     1168    0    0    0    0    0    0   7.000000e+00  -1.000000e+01   1.400000e+02
     1169    0    0    0    0    0    0   3.416667e+00  -1.000000e+01   1.450000e+02
     1170    0    0    0    0    0    0   6.833334e+00  -1.000000e+01   1.450000e+02
     1171    0    0    0    0    0    0   1.975000e+01  -1.500000e+01  -4.500000e+01
     1172    0    0    0    0    0    0   1.950000e+01  -1.500000e+01  -4.000000e+01
     1173    0    0    0    0    0    0   1.925000e+01  -1.500000e+01  -3.500000e+01
     1174    0    0    0    0    0    0   1.900000e+01  -1.500000e+01  -3.000000e+01
     1175    0    0    0    0    0    0   1.875000e+01  -1.500000e+01  -2.500000e+01
     1176    0    0    0    0    0    0   1.850000e+01  -1.500000e+01  -2.000000e+01
     1177    0    0    0    0    0    0   1.825000e+01  -1.500000e+01  -1.500000e+01
     1178    0    0    0    0    0    0   1.800000e+01  -1.500000e+01  -1.000000e+01
     1179    0    0    0    0    0    0   1.775000e+01  -1.500000e+01  -5.000000e+00
     1180    0    0    0    0    0    0   1.750000e+01  -1.500000e+01   0.000000e+00
     1181    0    0    0    0    0    0   1.725000e+01  -1.500000e+01   5.000000e+00
     1182    0    0    0    0    0    0   1.700000e+01  -1.500000e+01   1.000000e+01
     1183    0    0    0    0    0    0   1.675000e+01  -1.500000e+01   1.500000e+01
     1184    0    0    0    0    0    0   1.650000e+01  -1.500000e+01   2.000000e+01
     1185    0    0    0    0    0    0   1.625000e+01  -1.500000e+01   2.500000e+01
     1186    0    0    0    0    0    0   1.600000e+01  -1.500000e+01   3.000000e+01
     1187    0    0    0    0    0    0   1.575000e+01  -1.500000e+01   3.500000e+01
     1188    0    0    0    0    0    0   1.550000e+01  -1.500000e+01   4.000000e+01
     1189    0    0    0    0    0    0   1.525000e+01  -1.500000e+01   4.500000e+01
     1190    0    0    0    0    0    0   1.500000e+01  -1.500000e+01   5.000000e+01
     1191    0    0    0    0    0    0   1.475000e+01  -1.500000e+01   5.500000e+01
     1192    0    0    0    0    0    0   1.450000e+01  -1.500000e+01   6.000000e+01
     1193    0    0    0    0    0    0   1.425000e+01  -1.500000e+01   6.500000e+01
     1194    0    0    0    0    0    0   1.400000e+01  -1.500000e+01   7.000000e+01
     1195    0    0    0    0    0    0   1.375000e+01  -1.500000e+01   7.500000e+01
     1196    0    0    0    0    0    0   1.350000e+01  -1.500000e+01   8.000000e+01
     1197    0    0    0    0    0    0   1.325000e+01  -1.500000e+01   8.500000e+01
     1198    0    0    0    0    0    0   1.300000e+01  -1.500000e+01   9.000000e+01
     1199    0    0    0    0    0    0   1.275000e+01  -1.500000e+01   9.500000e+01
     1200    0    0    0    0    0    0   1.250000e+01  -1.500000e+01   1.000000e+02
     1201    0    0    0    0    0    0   1.225000e+01  -1.500000e+01   1.050000e+02
     1202    0    0    0    0    0    0   1.200000e+01  -1.500000e+01   1.100000e+02
     1203    0    0    0    0    0    0   1.175000e+01  -1.500000e+01   1.150000e+02
     1204    0    0    0    0    0    0   1.150000e+01  -1.500000e+01   1.200000e+02
     1205    0    0    0    0    0    0   1.125000e+01  -1.500000e+01   1.250000e+02
     1206    0    0    0    0    0    0   1.100000e+01  -1.500000e+01   1.300000e+02
     1207    0    0    0    0    0    0   1.075000e+01  -1.500000e+01   1.350000e+02
     1208    0    0    0    0    0    0   1.050000e+01  -1.500000e+01   1.400000e+02
     1209    0    0    0    0    0    0   1.025000e+01  -1.500000e+01   1.450000e+02
     1210    0    0    0    0    0    0  -6.583334e+00  -1.500000e+01  -4.500000e+01
     1211    0    0    0    0    0    0  -1.316667e+01  -1.500000e+01  -4.500000e+01
     1212    0    0    0    0    0    0  -6.500000e+00  -1.500000e+01  -4.000000e+01
     1213    0    0    0    0    0    0  -1.300000e+01  -1.500000e+01  -4.000000e+01
     1214    0    0    0    0    0    0  -6.416666e+00  -1.500000e+01  -3.500000e+01
     1215    0    0    0    0    0    0  -1.283333e+01  -1.500000e+01  -3.500000e+01
     1216    0    0    0    0    0    0  -6.333334e+00  -1.500000e+01  -3.000000e+01
     1217    0    0    0    0    0    0  -1.266667e+01  -1.500000e+01  -3.000000e+01
     1218    0    0    0    0    0    0  -6.250000e+00  -1.500000e+01  -2.500000e+01
     1219    0    0    0    0    0    0  -1.250000e+01  -1.500000e+01  -2.500000e+01
     1220    0    0    0    0    0    0  -6.166666e+00  -1.500000e+01  -2.000000e+01
     1221    0    0    0    0    0    0  -1.233333e+01  -1.500000e+01  -2.000000e+01
     1222    0    0    0    0    0    0  -6.083334e+00  -1.500000e+01  -1.500000e+01
     1223    0    0    0    0    0    0  -1.216667e+01  -1.500000e+01  -1.500000e+01
     1224    0    0    0    0    0    0  -6.000000e+00  -1.500000e+01  -1.000000e+01
     1225    0    0    0    0    0    0  -1.200000e+01  -1.500000e+01  -1.000000e+01
     1226    0    0    0    0    0    0  -5.916666e+00  -1.500000e+01  -5.000000e+00
     1227    0    0    0    0    0    0  -1.183333e+01  -1.500000e+01  -5.000000e+00
     1228    0    0    0    0    0    0  -5.833334e+00  -1.500000e+01   0.000000e+00
     1229    0    0    0    0    0    0  -1.166667e+01  -1.500000e+01   0.000000e+00
     1230    0    0    0    0    0    0  -5.750000e+00  -1.500000e+01   5.000000e+00
     1231    0    0    0    0    0    0  -1.150000e+01  -1.500000e+01   5.000000e+00
     1232    0    0    0    0    0    0  -5.666666e+00  -1.500000e+01   1.000000e+01
     1233    0    0    0    0    0    0  -1.133333e+01  -1.500000e+01   1.000000e+01
     1234    0    0    0    0    0    0  -5.583334e+00  -1.500000e+01   1.500000e+01
     1235    0    0    0    0    0    0  -1.116667e+01  -1.500000e+01   1.500000e+01
     1236    0    0    0    0    0    0  -5.500000e+00  -1.500000e+01   2.000000e+01
     1237    0    0    0    0    0    0  -1.100000e+01  -1.500000e+01   2.000000e+01
     1238    0    0    0    0    0    0  -5.416666e+00  -1.500000e+01   2.500000e+01
     1239    0    0    0    0    0    0  -1.083333e+01  -1.500000e+01   2.500000e+01
     1240    0    0    0    0    0    0  -5.333334e+00  -1.500000e+01   3.000000e+01
     1241    0    0    0    0    0    0  -1.066667e+01  -1.500000e+01   3.000000e+01
     1242    0    0    0    0    0    0  -5.250000e+00  -1.500000e+01   3.500000e+01
     1243    0    0    0    0    0    0  -1.050000e+01  -1.500000e+01   3.500000e+01
     1244    0    0    0    0    0    0  -5.166666e+00  -1.500000e+01   4.000000e+01
     1245    0    0    0    0    0    0  -1.033333e+01  -1.500000e+01   4.000000e+01
     1246    0    0    0    0    0    0  -5.083334e+00  -1.500000e+01   4.500000e+01
     1247    0    0    0    0    0    0  -1.016667e+01  -1.500000e+01   4.500000e+01
     1248    0    0    0    0    0    0  -5.000000e+00  -1.500000e+01   5.000000e+01
     1249    0    0    0    0    0    0  -1.000000e+01  -1.500000e+01   5.000000e+01
     1250    0    0    0    0    0    0  -4.916666e+00  -1.500000e+01   5.500000e+01
     1251    0    0    0    0    0    0  -9.833333e+00  -1.500000e+01   5.500000e+01
     1252    0    0    0    0    0    0  -4.833334e+00  -1.500000e+01   6.000000e+01
     1253    0    0    0    0    0    0  -9.666667e+00  -1.500000e+01   6.000000e+01
     1254    0    0    0    0    0    0  -4.750000e+00  -1.500000e+01   6.500000e+01
     1255    0    0    0    0    0    0  -9.500000e+00  -1.500000e+01   6.500000e+01
     1256    0    0    0    0    0    0  -4.666666e+00  -1.500000e+01   7.000000e+01
     1257    0    0    0    0    0    0  -9.333333e+00  -1.500000e+01   7.000000e+01
     1258    0    0    0    0    0    0  -4.583334e+00  -1.500000e+01   7.500000e+01
     1259    0    0    0    0    0    0  -9.166667e+00  -1.500000e+01   7.500000e+01
     1260    0    0    0    0    0    0  -4.500000e+00  -1.500000e+01   8.000000e+01
     1261    0    0    0    0    0    0  -9.000000e+00  -1.500000e+01   8.000000e+01
     1262    0    0    0    0    0    0  -4.416666e+00  -1.500000e+01   8.500000e+01
     1263    0    0    0    0    0    0  -8.833333e+00  -1.500000e+01   8.500000e+01
     1264    0    0    0    0    0    0  -4.333334e+00  -1.500000e+01   9.000000e+01
     1265    0    0    0    0    0    0  -8.666667e+00  -1.500000e+01   9.000000e+01
     1266    0    0    0    0    0    0  -4.250000e+00  -1.500000e+01   9.500000e+01
     1267    0    0    0    0    0    0  -8.500000e+00  -1.500000e+01   9.500000e+01
     1268    0    0    0    0    0    0  -4.166666e+00  -1.500000e+01   1.000000e+02
     1269    0    0    0    0    0    0  -8.333333e+00  -1.500000e+01   1.000000e+02
     1270    0    0    0    0    0    0  -4.083334e+00  -1.500000e+01   1.050000e+02
     1271    0    0    0    0    0    0  -8.166667e+00  -1.500000e+01   1.050000e+02
     1272    0    0    0    0    0    0  -4.000000e+00  -1.500000e+01   1.100000e+02
     1273    0    0    0    0    0    0  -8.000000e+00  -1.500000e+01   1.100000e+02
     1274    0    0    0    0    0    0  -3.916667e+00  -1.500000e+01   1.150000e+02
     1275    0    0    0    0    0    0  -7.833334e+00  -1.500000e+01   1.150000e+02
     1276    0    0    0    0    0    0  -3.833333e+00  -1.500000e+01   1.200000e+02
     1277    0    0    0    0    0    0  -7.666666e+00  -1.500000e+01   1.200000e+02
     1278    0    0    0    0    0    0  -3.750000e+00  -1.500000e+01   1.250000e+02
     1279    0    0    0    0    0    0  -7.500000e+00  -1.500000e+01   1.250000e+02
     1280    0    0    0    0    0    0  -3.666667e+00  -1.500000e+01   1.300000e+02
     1281    0    0    0    0    0    0  -7.333334e+00  -1.500000e+01   1.300000e+02
     1282    0    0    0    0    0    0  -3.583333e+00  -1.500000e+01   1.350000e+02
     1283    0    0    0    0    0    0  -7.166666e+00  -1.500000e+01   1.350000e+02
     1284    0    0    0    0    0    0  -3.500000e+00  -1.500000e+01   1.400000e+02
     1285    0    0    0    0    0    0  -7.000000e+00  -1.500000e+01   1.400000e+02
     1286    0    0    0    0    0    0  -3.416667e+00  -1.500000e+01   1.450000e+02
     1287    0    0    0    0    0    0  -6.833334e+00  -1.500000e+01   1.450000e+02
     1288    0    0    0    0    0    0   6.583334e+00  -1.500000e+01  -4.500000e+01
     1289    0    0    0    0    0    0   1.316667e+01  -1.500000e+01  -4.500000e+01
     1290    0    0    0    0    0    0   6.500000e+00  -1.500000e+01  -4.000000e+01
     1291    0    0    0    0    0    0   1.300000e+01  -1.500000e+01  -4.000000e+01
     1292    0    0    0    0    0    0   6.416666e+00  -1.500000e+01  -3.500000e+01
     1293    0    0    0    0    0    0   1.283333e+01  -1.500000e+01  -3.500000e+01
     1294    0    0    0    0    0    0   6.333334e+00  -1.500000e+01  -3.000000e+01
     1295    0    0    0    0    0    0   1.266667e+01  -1.500000e+01  -3.000000e+01
     1296    0    0    0    0    0    0   6.250000e+00  -1.500000e+01  -2.500000e+01
     1297    0    0    0    0    0    0   1.250000e+01  -1.500000e+01  -2.500000e+01
     1298    0    0    0    0    0    0   6.166666e+00  -1.500000e+01  -2.000000e+01
     1299    0    0    0    0    0    0   1.233333e+01  -1.500000e+01  -2.000000e+01
     1300    0    0    0    0    0    0   6.083334e+00  -1.500000e+01  -1.500000e+01
     1301    0    0    0    0    0    0   1.216667e+01  -1.500000e+01  -1.500000e+01
     1302    0    0    0    0    0    0   6.000000e+00  -1.500000e+01  -1.000000e+01
     1303    0    0    0    0    0    0   1.200000e+01  -1.500000e+01  -1.000000e+01
     1304    0    0    0    0    0    0   5.916666e+00  -1.500000e+01  -5.000000e+00
     1305    0    0    0    0    0    0   1.183333e+01  -1.500000e+01  -5.000000e+00
     1306    0    0    0    0    0    0   5.833334e+00  -1.500000e+01   0.000000e+00
     1307    0    0    0    0    0    0   1.166667e+01  -1.500000e+01   0.000000e+00
     1308    0    0    0    0    0    0   5.750000e+00  -1.500000e+01   5.000000e+00
     1309    0    0    0    0    0    0   1.150000e+01  -1.500000e+01   5.000000e+00
     1310    0    0    0    0    0    0   5.666666e+00  -1.500000e+01   1.000000e+01
     1311    0    0    0    0    0    0   1.133333e+01  -1.500000e+01   1.000000e+01
     1312    0    0    0    0    0    0   5.583334e+00  -1.500000e+01   1.500000e+01
     1313    0    0    0    0    0    0   1.116667e+01  -1.500000e+01   1.500000e+01
     1314    0    0    0    0    0    0   5.500000e+00  -1.500000e+01   2.000000e+01
     1315    0    0    0    0    0    0   1.100000e+01  -1.500000e+01   2.000000e+01
     1316    0    0    0    0    0    0   5.416666e+00  -1.500000e+01   2.500000e+01
     1317    0    0    0    0    0    0   1.083333e+01  -1.500000e+01   2.500000e+01
     1318    0    0    0    0    0    0   5.333334e+00  -1.500000e+01   3.000000e+01
     1319    0    0    0    0    0    0   1.066667e+01  -1.500000e+01   3.000000e+01
     1320    0    0    0    0    0    0   5.250000e+00  -1.500000e+01   3.500000e+01
     1321    0    0    0    0    0    0   1.050000e+01  -1.500000e+01   3.500000e+01
     1322    0    0    0    0    0    0   5.166666e+00  -1.500000e+01   4.000000e+01
     1323    0    0    0    0    0    0   1.033333e+01  -1.500000e+01   4.000000e+01
     1324    0    0    0    0    0    0   5.083334e+00  -1.500000e+01   4.500000e+01
     1325    0    0    0    0    0    0   1.016667e+01  -1.500000e+01   4.500000e+01
     1326    0    0    0    0    0    0   5.000000e+00  -1.500000e+01   5.000000e+01
     1327    0    0    0    0    0    0   1.000000e+01  -1.500000e+01   5.000000e+01
     1328    0    0    0    0    0    0   4.916666e+00  -1.500000e+01   5.500000e+01
     1329    0    0    0    0    0    0   9.833333e+00  -1.500000e+01   5.500000e+01
     1330    0    0    0    0    0    0   4.833334e+00  -1.500000e+01   6.000000e+01
     1331    0    0    0    0    0    0   9.666667e+00  -1.500000e+01   6.000000e+01
     1332    0    0    0    0    0    0   4.750000e+00  -1.500000e+01   6.500000e+01
     1333    0    0    0    0    0    0   9.500000e+00  -1.500000e+01   6.500000e+01
     1334    0    0    0    0    0    0   4.666666e+00  -1.500000e+01   7.000000e+01
     1335    0    0    0    0    0    0   9.333333e+00  -1.500000e+01   7.000000e+01
     1336    0    0    0    0    0    0   4.583334e+00  -1.500000e+01   7.500000e+01
     1337    0    0    0    0    0    0   9.166667e+00  -1.500000e+01   7.500000e+01
     1338    0    0    0    0    0    0   4.500000e+00  -1.500000e+01   8.000000e+01
     1339    0    0    0    0    0    0   9.000000e+00  -1.500000e+01   8.000000e+01
     1340    0    0    0    0    0    0   4.416666e+00  -1.500000e+01   8.500000e+01
     1341    0    0    0    0    0    0   8.833333e+00  -1.500000e+01   8.500000e+01
     1342    0    0    0    0    0    0   4.333334e+00  -1.500000e+01   9.000000e+01
     1343    0    0    0    0    0    0   8.666667e+00  -1.500000e+01   9.000000e+01
     1344    0    0    0    0    0    0   4.250000e+00  -1.500000e+01   9.500000e+01
     1345    0    0    0    0    0    0   8.500000e+00  -1.500000e+01   9.500000e+01
     1346    0    0    0    0    0    0   4.166666e+00  -1.500000e+01   1.000000e+02
     1347    0    0    0    0    0    0   8.333333e+00  -1.500000e+01   1.000000e+02
     1348    0    0    0    0    0    0   4.083334e+00  -1.500000e+01   1.050000e+02
     1349    0    0    0    0    0    0   8.166667e+00  -1.500000e+01   1.050000e+02
     1350    0    0    0    0    0    0   4.000000e+00  -1.500000e+01   1.100000e+02
     1351    0    0    0    0    0    0   8.000000e+00  -1.500000e+01   1.100000e+02
     1352    0    0    0    0    0    0   3.916667e+00  -1.500000e+01   1.150000e+02
     1353    0    0    0    0    0    0   7.833334e+00  -1.500000e+01   1.150000e+02
     1354    0    0    0    0    0    0   3.833333e+00  -1.500000e+01   1.200000e+02
     1355    0    0    0    0    0    0   7.666666e+00  -1.500000e+01   1.200000e+02
     1356    0    0    0    0    0    0   3.750000e+00  -1.500000e+01   1.250000e+02
     1357    0    0    0    0    0    0   7.500000e+00  -1.500000e+01   1.250000e+02
     1358    0    0    0    0    0    0   3.666667e+00  -1.500000e+01   1.300000e+02
     1359    0    0    0    0    0    0   7.333334e+00  -1.500000e+01   1.300000e+02
     1360    0    0    0    0    0    0   3.583333e+00  -1.500000e+01   1.350000e+02
     1361    0    0    0    0    0    0   7.166666e+00  -1.500000e+01   1.350000e+02
     1362    0    0    0    0    0    0   3.500000e+00  -1.500000e+01   1.400000e+02
     1363    0    0    0    0    0    0   7.000000e+00  -1.500000e+01   1.400000e+02
     1364    0    0    0    0    0    0   3.416667e+00  -1.500000e+01   1.450000e+02
     1365    0    0    0    0    0    0   6.833334e+00  -1.500000e+01   1.450000e+02
     1366    1    1    1    0    0    0   0.000000e+00   2.000000e+01  -5.000000e+01
     1367    1    1    1    0    0    0   0.000000e+00   1.000000e+01  -5.000000e+01
     1368    1    1    1    0    0    0  -2.000000e+01   1.000000e+01  -5.000000e+01
     1369    1    1    1    0    0    0  -2.000000e+01   2.000000e+01  -5.000000e+01
     1370    0    0    0    0    0    0   0.000000e+00   1.000000e+01   1.500000e+02
     1371    0    0    0    0    0    0  -1.000000e+01   1.000000e+01   1.500000e+02
     1372    0    0    0    0    0    0  -1.000000e+01   2.000000e+01   1.500000e+02
     1373    0    0    0    0    0    0   0.000000e+00   2.000000e+01   1.500000e+02
     1374    1    1    1    0    0    0   2.000000e+01   2.000000e+01  -5.000000e+01
     1375    1    1    1    0    0    0   2.000000e+01   1.000000e+01  -5.000000e+01
     1376    0    0    0    0    0    0   1.000000e+01   2.000000e+01   1.500000e+02
     1377    0    0    0    0    0    0   1.000000e+01   1.000000e+01   1.500000e+02
     1378    1    1    1    0    0    0   0.000000e+00   1.500000e+01  -5.000000e+01
     1379    1    1    1    0    0    0  -6.666666e+00   1.000000e+01  -5.000000e+01
     1380    1    1    1    0    0    0  -1.333333e+01   1.000000e+01  -5.000000e+01
     1381    1    1    1    0    0    0  -2.000000e+01   1.500000e+01  -5.000000e+01
     1382    1    1    1    0    0    0  -1.333333e+01   2.000000e+01  -5.000000e+01
     1383    1    1    1    0    0    0  -6.666666e+00   2.000000e+01  -5.000000e+01
     1384    0    0    0    0    0    0   0.000000e+00   1.500000e+01   1.500000e+02
     1385    0    0    0    0    0    0  -6.666666e+00   1.000000e+01   1.500000e+02
     1386    0    0    0    0    0    0  -3.333333e+00   1.000000e+01   1.500000e+02
     1387    0    0    0    0    0    0  -1.000000e+01   1.500000e+01   1.500000e+02
     1388    0    0    0    0    0    0  -3.333333e+00   2.000000e+01   1.500000e+02
     1389    0    0    0    0    0    0  -6.666666e+00   2.000000e+01   1.500000e+02
     1390    0    0    0    0    0    0  -1.975000e+01   2.000000e+01  -4.500000e+01
     1391    0    0    0    0    0    0  -1.950000e+01   2.000000e+01  -4.000000e+01
     1392    0    0    0    0    0    0  -1.925000e+01   2.000000e+01  -3.500000e+01
     1393    0    0    0    0    0    0  -1.900000e+01   2.000000e+01  -3.000000e+01
     1394    0    0    0    0    0    0  -1.875000e+01   2.000000e+01  -2.500000e+01
     1395    0    0    0    0    0    0  -1.850000e+01   2.000000e+01  -2.000000e+01
     1396    0    0    0    0    0    0  -1.825000e+01   2.000000e+01  -1.500000e+01
     1397    0    0    0    0    0    0  -1.800000e+01   2.000000e+01  -1.000000e+01
     1398    0    0    0    0    0    0  -1.775000e+01   2.000000e+01  -5.000000e+00
     1399    0    0    0    0    0    0  -1.750000e+01   2.000000e+01   0.000000e+00
     1400    0    0    0    0    0    0  -1.725000e+01   2.000000e+01   5.000000e+00
     1401    0    0    0    0    0    0  -1.700000e+01   2.000000e+01   1.000000e+01
     1402    0    0    0    0    0    0  -1.675000e+01   2.000000e+01   1.500000e+01
     1403    0    0    0    0    0    0  -1.650000e+01   2.000000e+01   2.000000e+01
     1404    0    0    0    0    0    0  -1.625000e+01   2.000000e+01   2.500000e+01
     1405    0    0    0    0    0    0  -1.600000e+01   2.000000e+01   3.000000e+01
     1406    0    0    0    0    0    0  -1.575000e+01   2.000000e+01   3.500000e+01
     1407    0    0    0    0    0    0  -1.550000e+01   2.000000e+01   4.000000e+01
     1408    0    0    0    0    0    0  -1.525000e+01   2.000000e+01   4.500000e+01
     1409    0    0    0    0    0    0  -1.500000e+01   2.000000e+01   5.000000e+01
     1410    0    0    0    0    0    0  -1.475000e+01   2.000000e+01   5.500000e+01
     1411    0    0    0    0    0    0  -1.450000e+01   2.000000e+01   6.000000e+01
     1412    0    0    0    0    0    0  -1.425000e+01   2.000000e+01   6.500000e+01
     1413    0    0    0    0    0    0  -1.400000e+01   2.000000e+01   7.000000e+01
     1414    0    0    0    0    0    0  -1.375000e+01   2.000000e+01   7.500000e+01
     1415    0    0    0    0    0    0  -1.350000e+01   2.000000e+01   8.000000e+01
     1416    0    0    0    0    0    0  -1.325000e+01   2.000000e+01   8.500000e+01
     1417    0    0    0    0    0    0  -1.300000e+01   2.000000e+01   9.000000e+01
     1418    0    0    0    0    0    0  -1.275000e+01   2.000000e+01   9.500000e+01
     1419    0    0    0    0    0    0  -1.250000e+01   2.000000e+01   1.000000e+02
     1420    0    0    0    0    0    0  -1.225000e+01   2.000000e+01   1.050000e+02
     1421    0    0    0    0    0    0  -1.200000e+01   2.000000e+01   1.100000e+02
     1422    0    0    0    0    0    0  -1.175000e+01   2.000000e+01   1.150000e+02
     1423    0    0    0    0    0    0  -1.150000e+01   2.000000e+01   1.200000e+02
     1424    0    0    0    0    0    0  -1.125000e+01   2.000000e+01   1.250000e+02
     1425    0    0    0    0    0    0  -1.100000e+01   2.000000e+01   1.300000e+02
     1426    0    0    0    0    0    0  -1.075000e+01   2.000000e+01   1.350000e+02
     1427    0    0    0    0    0    0  -1.050000e+01   2.000000e+01   1.400000e+02
     1428    0    0    0    0    0    0  -1.025000e+01   2.000000e+01   1.450000e+02
     1429    0    0    0    0    0    0   0.000000e+00   2.000000e+01   1.450000e+02
     1430    0    0    0    0    0    0   0.000000e+00   2.000000e+01   1.400000e+02
     1431    0    0    0    0    0    0   0.000000e+00   2.000000e+01   1.350000e+02
     1432    0    0    0    0    0    0   0.000000e+00   2.000000e+01   1.300000e+02
     1433    0    0    0    0    0    0   0.000000e+00   2.000000e+01   1.250000e+02
     1434    0    0    0    0    0    0   0.000000e+00   2.000000e+01   1.200000e+02
     1435    0    0    0    0    0    0   0.000000e+00   2.000000e+01   1.150000e+02
     1436    0    0    0    0    0    0   0.000000e+00   2.000000e+01   1.100000e+02
     1437    0    0    0    0    0    0   0.000000e+00   2.000000e+01   1.050000e+02
     1438    0    0    0    0    0    0   0.000000e+00   2.000000e+01   1.000000e+02
     1439    0    0    0    0    0    0   0.000000e+00   2.000000e+01   9.500000e+01
     1440    0    0    0    0    0    0   0.000000e+00   2.000000e+01   9.000000e+01
     1441    0    0    0    0    0    0   0.000000e+00   2.000000e+01   8.500000e+01
     1442    0    0    0    0    0    0   0.000000e+00   2.000000e+01   8.000000e+01
     1443    0    0    0    0    0    0   0.000000e+00   2.000000e+01   7.500000e+01
     1444    0    0    0    0    0    0   0.000000e+00   2.000000e+01   7.000000e+01
     1445    0    0    0    0    0    0   0.000000e+00   2.000000e+01   6.500000e+01
     1446    0    0    0    0    0    0   0.000000e+00   2.000000e+01   6.000000e+01
     1447    0    0    0    0    0    0   0.000000e+00   2.000000e+01   5.500000e+01
     1448    0    0    0    0    0    0   0.000000e+00   2.000000e+01   5.000000e+01
     1449    0    0    0    0    0    0   0.000000e+00   2.000000e+01   4.500000e+01
     1450    0    0    0    0    0    0   0.000000e+00   2.000000e+01   4.000000e+01
     1451    0    0    0    0    0    0   0.000000e+00   2.000000e+01   3.500000e+01
     1452    0    0    0    0    0    0   0.000000e+00   2.000000e+01   3.000000e+01
     1453    0    0    0    0    0    0   0.000000e+00   2.000000e+01   2.500000e+01
     1454    0    0    0    0    0    0   0.000000e+00   2.000000e+01   2.000000e+01
     1455    0    0    0    0    0    0   0.000000e+00   2.000000e+01   1.500000e+01
     1456    0    0    0    0    0    0   0.000000e+00   2.000000e+01   1.000000e+01
     1457    0    0    0    0    0    0   0.000000e+00   2.000000e+01   5.000000e+00
     1458    0    0    0    0    0    0   0.000000e+00   2.000000e+01   0.000000e+00
     1459    0    0    0    0    0    0   0.000000e+00   2.000000e+01  -5.000000e+00
     1460    0    0    0    0    0    0   0.000000e+00   2.000000e+01  -1.000000e+01
     1461    0    0    0    0    0    0   0.000000e+00   2.000000e+01  -1.500000e+01
     1462    0    0    0    0    0    0   0.000000e+00   2.000000e+01  -2.000000e+01
     1463    0    0    0    0    0    0   0.000000e+00   2.000000e+01  -2.500000e+01
     1464    0    0    0    0    0    0   0.000000e+00   2.000000e+01  -3.000000e+01
     1465    0    0    0    0    0    0   0.000000e+00   2.000000e+01  -3.500000e+01
     1466    0    0    0    0    0    0   0.000000e+00   2.000000e+01  -4.000000e+01
     1467    0    0    0    0    0    0   0.000000e+00   2.000000e+01  -4.500000e+01
     1468    0    0    0    0    0    0  -1.025000e+01   1.000000e+01   1.450000e+02
     1469    0    0    0    0    0    0  -1.050000e+01   1.000000e+01   1.400000e+02
     1470    0    0    0    0    0    0  -1.075000e+01   1.000000e+01   1.350000e+02
     1471    0    0    0    0    0    0  -1.100000e+01   1.000000e+01   1.300000e+02
     1472    0    0    0    0    0    0  -1.125000e+01   1.000000e+01   1.250000e+02
     1473    0    0    0    0    0    0  -1.150000e+01   1.000000e+01   1.200000e+02
     1474    0    0    0    0    0    0  -1.175000e+01   1.000000e+01   1.150000e+02
     1475    0    0    0    0    0    0  -1.200000e+01   1.000000e+01   1.100000e+02
     1476    0    0    0    0    0    0  -1.225000e+01   1.000000e+01   1.050000e+02
     1477    0    0    0    0    0    0  -1.250000e+01   1.000000e+01   1.000000e+02
     1478    0    0    0    0    0    0  -1.275000e+01   1.000000e+01   9.500000e+01
     1479    0    0    0    0    0    0  -1.300000e+01   1.000000e+01   9.000000e+01
     1480    0    0    0    0    0    0  -1.325000e+01   1.000000e+01   8.500000e+01
     1481    0    0    0    0    0    0  -1.350000e+01   1.000000e+01   8.000000e+01
     1482    0    0    0    0    0    0  -1.375000e+01   1.000000e+01   7.500000e+01
     1483    0    0    0    0    0    0  -1.400000e+01   1.000000e+01   7.000000e+01
     1484    0    0    0    0    0    0  -1.425000e+01   1.000000e+01   6.500000e+01
     1485    0    0    0    0    0    0  -1.450000e+01   1.000000e+01   6.000000e+01
     1486    0    0    0    0    0    0  -1.475000e+01   1.000000e+01   5.500000e+01
     1487    0    0    0    0    0    0  -1.500000e+01   1.000000e+01   5.000000e+01
     1488    0    0    0    0    0    0  -1.525000e+01   1.000000e+01   4.500000e+01
     1489    0    0    0    0    0    0  -1.550000e+01   1.000000e+01   4.000000e+01
     1490    0    0    0    0    0    0  -1.575000e+01   1.000000e+01   3.500000e+01
     1491    0    0    0    0    0    0  -1.600000e+01   1.000000e+01   3.000000e+01
     1492    0    0    0    0    0    0  -1.625000e+01   1.000000e+01   2.500000e+01
     1493    0    0    0    0    0    0  -1.650000e+01   1.000000e+01   2.000000e+01
     1494    0    0    0    0    0    0  -1.675000e+01   1.000000e+01   1.500000e+01
     1495    0    0    0    0    0    0  -1.700000e+01   1.000000e+01   1.000000e+01
     1496    0    0    0    0    0    0  -1.725000e+01   1.000000e+01   5.000000e+00
     1497    0    0    0    0    0    0  -1.750000e+01   1.000000e+01   0.000000e+00
     1498    0    0    0    0    0    0  -1.775000e+01   1.000000e+01  -5.000000e+00
     1499    0    0    0    0    0    0  -1.800000e+01   1.000000e+01  -1.000000e+01
     1500    0    0    0    0    0    0  -1.825000e+01   1.000000e+01  -1.500000e+01
     1501    0    0    0    0    0    0  -1.850000e+01   1.000000e+01  -2.000000e+01
     1502    0    0    0    0    0    0  -1.875000e+01   1.000000e+01  -2.500000e+01
     1503    0    0    0    0    0    0  -1.900000e+01   1.000000e+01  -3.000000e+01
     1504    0    0    0    0    0    0  -1.925000e+01   1.000000e+01  -3.500000e+01
     1505    0    0    0    0    0    0  -1.950000e+01   1.000000e+01  -4.000000e+01
     1506    0    0    0    0    0    0  -1.975000e+01   1.000000e+01  -4.500000e+01
     1507    0    0    0    0    0    0   0.000000e+00   1.000000e+01  -4.500000e+01
     1508    0    0    0    0    0    0   0.000000e+00   1.000000e+01  -4.000000e+01
     1509    0    0    0    0    0    0   0.000000e+00   1.000000e+01  -3.500000e+01
     1510    0    0    0    0    0    0   0.000000e+00   1.000000e+01  -3.000000e+01
     1511    0    0    0    0    0    0   0.000000e+00   1.000000e+01  -2.500000e+01
     1512    0    0    0    0    0    0   0.000000e+00   1.000000e+01  -2.000000e+01
     1513    0    0    0    0    0    0   0.000000e+00   1.000000e+01  -1.500000e+01
     1514    0    0    0    0    0    0   0.000000e+00   1.000000e+01  -1.000000e+01
     1515    0    0    0    0    0    0   0.000000e+00   1.000000e+01  -5.000000e+00
     1516    0    0    0    0    0    0   0.000000e+00   1.000000e+01   5.000000e+00
     1517    0    0    0    0    0    0   0.000000e+00   1.000000e+01   1.000000e+01
     1518    0    0    0    0    0    0   0.000000e+00   1.000000e+01   1.500000e+01
     1519    0    0    0    0    0    0   0.000000e+00   1.000000e+01   2.000000e+01
     1520    0    0    0    0    0    0   0.000000e+00   1.000000e+01   2.500000e+01
     1521    0    0    0    0    0    0   0.000000e+00   1.000000e+01   3.000000e+01
     1522    0    0    0    0    0    0   0.000000e+00   1.000000e+01   3.500000e+01
     1523    0    0    0    0    0    0   0.000000e+00   1.000000e+01   4.000000e+01
     1524    0    0    0    0    0    0   0.000000e+00   1.000000e+01   4.500000e+01
     1525    0    0    0    0    0    0   0.000000e+00   1.000000e+01   5.000000e+01
     1526    0    0    0    0    0    0   0.000000e+00   1.000000e+01   5.500000e+01
     1527    0    0    0    0    0    0   0.000000e+00   1.000000e+01   6.000000e+01
     1528    0    0    0    0    0    0   0.000000e+00   1.000000e+01   6.500000e+01
     1529    0    0    0    0    0    0   0.000000e+00   1.000000e+01   7.000000e+01
     1530    0    0    0    0    0    0   0.000000e+00   1.000000e+01   7.500000e+01
     1531    0    0    0    0    0    0   0.000000e+00   1.000000e+01   8.000000e+01
     1532    0    0    0    0    0    0   0.000000e+00   1.000000e+01   8.500000e+01
     1533    0    0    0    0    0    0   0.000000e+00   1.000000e+01   9.000000e+01
     1534    0    0    0    0    0    0   0.000000e+00   1.000000e+01   9.500000e+01
     1535    0    0    0    0    0    0   0.000000e+00   1.000000e+01   1.000000e+02
     1536    0    0    0    0    0    0   0.000000e+00   1.000000e+01   1.050000e+02
     1537    0    0    0    0    0    0   0.000000e+00   1.000000e+01   1.100000e+02
     1538    0    0    0    0    0    0   0.000000e+00   1.000000e+01   1.150000e+02
     1539    0    0    0    0    0    0   0.000000e+00   1.000000e+01   1.200000e+02
     1540    0    0    0    0    0    0   0.000000e+00   1.000000e+01   1.250000e+02
     1541    0    0    0    0    0    0   0.000000e+00   1.000000e+01   1.300000e+02
     1542    0    0    0    0    0    0   0.000000e+00   1.000000e+01   1.350000e+02
     1543    0    0    0    0    0    0   0.000000e+00   1.000000e+01   1.400000e+02
     1544    0    0    0    0    0    0   0.000000e+00   1.000000e+01   1.450000e+02
     1545    1    1    1    0    0    0   6.666666e+00   2.000000e+01  -5.000000e+01
     1546    1    1    1    0    0    0   1.333333e+01   2.000000e+01  -5.000000e+01
     1547    1    1    1    0    0    0   2.000000e+01   1.500000e+01  -5.000000e+01
     1548    1    1    1    0    0    0   1.333333e+01   1.000000e+01  -5.000000e+01
     1549    1    1    1    0    0    0   6.666666e+00   1.000000e+01  -5.000000e+01
     1550    0    0    0    0    0    0   6.666666e+00   2.000000e+01   1.500000e+02
     1551    0    0    0    0    0    0   3.333333e+00   2.000000e+01   1.500000e+02
     1552    0    0    0    0    0    0   1.000000e+01   1.500000e+01   1.500000e+02
     1553    0    0    0    0    0    0   3.333333e+00   1.000000e+01   1.500000e+02
     1554    0    0    0    0    0    0   6.666666e+00   1.000000e+01   1.500000e+02
     1555    0    0    0    0    0    0   1.975000e+01   1.000000e+01  -4.500000e+01
     1556    0    0    0    0    0    0   1.950000e+01   1.000000e+01  -4.000000e+01
     1557    0    0    0    0    0    0   1.925000e+01   1.000000e+01  -3.500000e+01
     1558    0    0    0    0    0    0   1.900000e+01   1.000000e+01  -3.000000e+01
     1559    0    0    0    0    0    0   1.875000e+01   1.000000e+01  -2.500000e+01
     1560    0    0    0    0    0    0   1.850000e+01   1.000000e+01  -2.000000e+01
     1561    0    0    0    0    0    0   1.825000e+01   1.000000e+01  -1.500000e+01
     1562    0    0    0    0    0    0   1.800000e+01   1.000000e+01  -1.000000e+01
     1563    0    0    0    0    0    0   1.775000e+01   1.000000e+01  -5.000000e+00
     1564    0    0    0    0    0    0   1.750000e+01   1.000000e+01   0.000000e+00
     1565    0    0    0    0    0    0   1.725000e+01   1.000000e+01   5.000000e+00
     1566    0    0    0    0    0    0   1.700000e+01   1.000000e+01   1.000000e+01
     1567    0    0    0    0    0    0   1.675000e+01   1.000000e+01   1.500000e+01
     1568    0    0    0    0    0    0   1.650000e+01   1.000000e+01   2.000000e+01
     1569    0    0    0    0    0    0   1.625000e+01   1.000000e+01   2.500000e+01
     1570    0    0    0    0    0    0   1.600000e+01   1.000000e+01   3.000000e+01
     1571    0    0    0    0    0    0   1.575000e+01   1.000000e+01   3.500000e+01
     1572    0    0    0    0    0    0   1.550000e+01   1.000000e+01   4.000000e+01
     1573    0    0    0    0    0    0   1.525000e+01   1.000000e+01   4.500000e+01
     1574    0    0    0    0    0    0   1.500000e+01   1.000000e+01   5.000000e+01
     1575    0    0    0    0    0    0   1.475000e+01   1.000000e+01   5.500000e+01
     1576    0    0    0    0    0    0   1.450000e+01   1.000000e+01   6.000000e+01
     1577    0    0    0    0    0    0   1.425000e+01   1.000000e+01   6.500000e+01
     1578    0    0    0    0    0    0   1.400000e+01   1.000000e+01   7.000000e+01
     1579    0    0    0    0    0    0   1.375000e+01   1.000000e+01   7.500000e+01
     1580    0    0    0    0    0    0   1.350000e+01   1.000000e+01   8.000000e+01
     1581    0    0    0    0    0    0   1.325000e+01   1.000000e+01   8.500000e+01
     1582    0    0    0    0    0    0   1.300000e+01   1.000000e+01   9.000000e+01
     1583    0    0    0    0    0    0   1.275000e+01   1.000000e+01   9.500000e+01
     1584    0    0    0    0    0    0   1.250000e+01   1.000000e+01   1.000000e+02
     1585    0    0    0    0    0    0   1.225000e+01   1.000000e+01   1.050000e+02
     1586    0    0    0    0    0    0   1.200000e+01   1.000000e+01   1.100000e+02
     1587    0    0    0    0    0    0   1.175000e+01   1.000000e+01   1.150000e+02
     1588    0    0    0    0    0    0   1.150000e+01   1.000000e+01   1.200000e+02
     1589    0    0    0    0    0    0   1.125000e+01   1.000000e+01   1.250000e+02
     1590    0    0    0    0    0    0   1.100000e+01   1.000000e+01   1.300000e+02
     1591    0    0    0    0    0    0   1.075000e+01   1.000000e+01   1.350000e+02
     1592    0    0    0    0    0    0   1.050000e+01   1.000000e+01   1.400000e+02
     1593    0    0    0    0    0    0   1.025000e+01   1.000000e+01   1.450000e+02
     1594    0    0    0    0    0    0   1.025000e+01   2.000000e+01   1.450000e+02
     1595    0    0    0    0    0    0   1.050000e+01   2.000000e+01   1.400000e+02
     1596    0    0    0    0    0    0   1.075000e+01   2.000000e+01   1.350000e+02
     1597    0    0    0    0    0    0   1.100000e+01   2.000000e+01   1.300000e+02
     1598    0    0    0    0    0    0   1.125000e+01   2.000000e+01   1.250000e+02
     1599    0    0    0    0    0    0   1.150000e+01   2.000000e+01   1.200000e+02
     1600    0    0    0    0    0    0   1.175000e+01   2.000000e+01   1.150000e+02
     1601    0    0    0    0    0    0   1.200000e+01   2.000000e+01   1.100000e+02
     1602    0    0    0    0    0    0   1.225000e+01   2.000000e+01   1.050000e+02
     1603    0    0    0    0    0    0   1.250000e+01   2.000000e+01   1.000000e+02
     1604    0    0    0    0    0    0   1.275000e+01   2.000000e+01   9.500000e+01
     1605    0    0    0    0    0    0   1.300000e+01   2.000000e+01   9.000000e+01
     1606    0    0    0    0    0    0   1.325000e+01   2.000000e+01   8.500000e+01
     1607    0    0    0    0    0    0   1.350000e+01   2.000000e+01   8.000000e+01
     1608    0    0    0    0    0    0   1.375000e+01   2.000000e+01   7.500000e+01
     1609    0    0    0    0    0    0   1.400000e+01   2.000000e+01   7.000000e+01
     1610    0    0    0    0    0    0   1.425000e+01   2.000000e+01   6.500000e+01
     1611    0    0    0    0    0    0   1.450000e+01   2.000000e+01   6.000000e+01
     1612    0    0    0    0    0    0   1.475000e+01   2.000000e+01   5.500000e+01
     1613    0    0    0    0    0    0   1.500000e+01   2.000000e+01   5.000000e+01
     1614    0    0    0    0    0    0   1.525000e+01   2.000000e+01   4.500000e+01
     1615    0    0    0    0    0    0   1.550000e+01   2.000000e+01   4.000000e+01
     1616    0    0    0    0    0    0   1.575000e+01   2.000000e+01   3.500000e+01
     1617    0    0    0    0    0    0   1.600000e+01   2.000000e+01   3.000000e+01
     1618    0    0    0    0    0    0   1.625000e+01   2.000000e+01   2.500000e+01
     1619    0    0    0    0    0    0   1.650000e+01   2.000000e+01   2.000000e+01
     1620    0    0    0    0    0    0   1.675000e+01   2.000000e+01   1.500000e+01
     1621    0    0    0    0    0    0   1.700000e+01   2.000000e+01   1.000000e+01
     1622    0    0    0    0    0    0   1.725000e+01   2.000000e+01   5.000000e+00
     1623    0    0    0    0    0    0   1.750000e+01   2.000000e+01   0.000000e+00
     1624    0    0    0    0    0    0   1.775000e+01   2.000000e+01  -5.000000e+00
     1625    0    0    0    0    0    0   1.800000e+01   2.000000e+01  -1.000000e+01
     1626    0    0    0    0    0    0   1.825000e+01   2.000000e+01  -1.500000e+01
     1627    0    0    0    0    0    0   1.850000e+01   2.000000e+01  -2.000000e+01
     1628    0    0    0    0    0    0   1.875000e+01   2.000000e+01  -2.500000e+01
     1629    0    0    0    0    0    0   1.900000e+01   2.000000e+01  -3.000000e+01
     1630    0    0    0    0    0    0   1.925000e+01   2.000000e+01  -3.500000e+01
     1631    0    0    0    0    0    0   1.950000e+01   2.000000e+01  -4.000000e+01
     1632    0    0    0    0    0    0   1.975000e+01   2.000000e+01  -4.500000e+01
     1633    1    1    1    0    0    0  -6.666666e+00   1.500000e+01  -5.000000e+01
     1634    1    1    1    0    0    0  -1.333333e+01   1.500000e+01  -5.000000e+01
     1635    0    0    0    0    0    0  -3.333333e+00   1.500000e+01   1.500000e+02
     1636    0    0    0    0    0    0  -6.666666e+00   1.500000e+01   1.500000e+02
     1637    0    0    0    0    0    0  -6.583334e+00   2.000000e+01  -4.500000e+01
     1638    0    0    0    0    0    0  -1.316667e+01   2.000000e+01  -4.500000e+01
     1639    0    0    0    0    0    0  -6.500000e+00   2.000000e+01  -4.000000e+01
     1640    0    0    0    0    0    0  -1.300000e+01   2.000000e+01  -4.000000e+01
     1641    0    0    0    0    0    0  -6.416666e+00   2.000000e+01  -3.500000e+01
     1642    0    0    0    0    0    0  -1.283333e+01   2.000000e+01  -3.500000e+01
     1643    0    0    0    0    0    0  -6.333334e+00   2.000000e+01  -3.000000e+01
     1644    0    0    0    0    0    0  -1.266667e+01   2.000000e+01  -3.000000e+01
     1645    0    0    0    0    0    0  -6.250000e+00   2.000000e+01  -2.500000e+01
     1646    0    0    0    0    0    0  -1.250000e+01   2.000000e+01  -2.500000e+01
     1647    0    0    0    0    0    0  -6.166666e+00   2.000000e+01  -2.000000e+01
     1648    0    0    0    0    0    0  -1.233333e+01   2.000000e+01  -2.000000e+01
     1649    0    0    0    0    0    0  -6.083334e+00   2.000000e+01  -1.500000e+01
     1650    0    0    0    0    0    0  -1.216667e+01   2.000000e+01  -1.500000e+01
     1651    0    0    0    0    0    0  -6.000000e+00   2.000000e+01  -1.000000e+01
     1652    0    0    0    0    0    0  -1.200000e+01   2.000000e+01  -1.000000e+01
     1653    0    0    0    0    0    0  -5.916666e+00   2.000000e+01  -5.000000e+00
     1654    0    0    0    0    0    0  -1.183333e+01   2.000000e+01  -5.000000e+00
     1655    0    0    0    0    0    0  -5.833334e+00   2.000000e+01   0.000000e+00
     1656    0    0    0    0    0    0  -1.166667e+01   2.000000e+01   0.000000e+00
     1657    0    0    0    0    0    0  -5.750000e+00   2.000000e+01   5.000000e+00
     1658    0    0    0    0    0    0  -1.150000e+01   2.000000e+01   5.000000e+00
     1659    0    0    0    0    0    0  -5.666666e+00   2.000000e+01   1.000000e+01
     1660    0    0    0    0    0    0  -1.133333e+01   2.000000e+01   1.000000e+01
     1661    0    0    0    0    0    0  -5.583334e+00   2.000000e+01   1.500000e+01
     1662    0    0    0    0    0    0  -1.116667e+01   2.000000e+01   1.500000e+01
     1663    0    0    0    0    0    0  -5.500000e+00   2.000000e+01   2.000000e+01
     1664    0    0    0    0    0    0  -1.100000e+01   2.000000e+01   2.000000e+01
     1665    0    0    0    0    0    0  -5.416666e+00   2.000000e+01   2.500000e+01
     1666    0    0    0    0    0    0  -1.083333e+01   2.000000e+01   2.500000e+01
     1667    0    0    0    0    0    0  -5.333334e+00   2.000000e+01   3.000000e+01
     1668    0    0    0    0    0    0  -1.066667e+01   2.000000e+01   3.000000e+01
     1669    0    0    0    0    0    0  -5.250000e+00   2.000000e+01   3.500000e+01
     1670    0    0    0    0    0    0  -1.050000e+01   2.000000e+01   3.500000e+01
     1671    0    0    0    0    0    0  -5.166666e+00   2.000000e+01   4.000000e+01
     1672    0    0    0    0    0    0  -1.033333e+01   2.000000e+01   4.000000e+01
     1673    0    0    0    0    0    0  -5.083334e+00   2.000000e+01   4.500000e+01
     1674    0    0    0    0    0    0  -1.016667e+01   2.000000e+01   4.500000e+01
     1675    0    0    0    0    0    0  -5.000000e+00   2.000000e+01   5.000000e+01
     1676    0    0    0    0    0    0  -1.000000e+01   2.000000e+01   5.000000e+01
     1677    0    0    0    0    0    0  -4.916666e+00   2.000000e+01   5.500000e+01
     1678    0    0    0    0    0    0  -9.833333e+00   2.000000e+01   5.500000e+01
     1679    0    0    0    0    0    0  -4.833334e+00   2.000000e+01   6.000000e+01
     1680    0    0    0    0    0    0  -9.666667e+00   2.000000e+01   6.000000e+01
     1681    0    0    0    0    0    0  -4.750000e+00   2.000000e+01   6.500000e+01
     1682    0    0    0    0    0    0  -9.500000e+00   2.000000e+01   6.500000e+01
     1683    0    0    0    0    0    0  -4.666666e+00   2.000000e+01   7.000000e+01
     1684    0    0    0    0    0    0  -9.333333e+00   2.000000e+01   7.000000e+01
     1685    0    0    0    0    0    0  -4.583334e+00   2.000000e+01   7.500000e+01
     1686    0    0    0    0    0    0  -9.166667e+00   2.000000e+01   7.500000e+01
     1687    0    0    0    0    0    0  -4.500000e+00   2.000000e+01   8.000000e+01
     1688    0    0    0    0    0    0  -9.000000e+00   2.000000e+01   8.000000e+01
     1689    0    0    0    0    0    0  -4.416666e+00   2.000000e+01   8.500000e+01
     1690    0    0    0    0    0    0  -8.833333e+00   2.000000e+01   8.500000e+01
     1691    0    0    0    0    0    0  -4.333334e+00   2.000000e+01   9.000000e+01
     1692    0    0    0    0    0    0  -8.666667e+00   2.000000e+01   9.000000e+01
     1693    0    0    0    0    0    0  -4.250000e+00   2.000000e+01   9.500000e+01
     1694    0    0    0    0    0    0  -8.500000e+00   2.000000e+01   9.500000e+01
     1695    0    0    0    0    0    0  -4.166666e+00   2.000000e+01   1.000000e+02
     1696    0    0    0    0    0    0  -8.333333e+00   2.000000e+01   1.000000e+02
     1697    0    0    0    0    0    0  -4.083334e+00   2.000000e+01   1.050000e+02
     1698    0    0    0    0    0    0  -8.166667e+00   2.000000e+01   1.050000e+02
     1699    0    0    0    0    0    0  -4.000000e+00   2.000000e+01   1.100000e+02
     1700    0    0    0    0    0    0  -8.000000e+00   2.000000e+01   1.100000e+02
     1701    0    0    0    0    0    0  -3.916667e+00   2.000000e+01   1.150000e+02
     1702    0    0    0    0    0    0  -7.833334e+00   2.000000e+01   1.150000e+02
     1703    0    0    0    0    0    0  -3.833333e+00   2.000000e+01   1.200000e+02
     1704    0    0    0    0    0    0  -7.666666e+00   2.000000e+01   1.200000e+02
     1705    0    0    0    0    0    0  -3.750000e+00   2.000000e+01   1.250000e+02
     1706    0    0    0    0    0    0  -7.500000e+00   2.000000e+01   1.250000e+02
     1707    0    0    0    0    0    0  -3.666667e+00   2.000000e+01   1.300000e+02
     1708    0    0    0    0    0    0  -7.333334e+00   2.000000e+01   1.300000e+02
     1709    0    0    0    0    0    0  -3.583333e+00   2.000000e+01   1.350000e+02
     1710    0    0    0    0    0    0  -7.166666e+00   2.000000e+01   1.350000e+02
     1711    0    0    0    0    0    0  -3.500000e+00   2.000000e+01   1.400000e+02
     1712    0    0    0    0    0    0  -7.000000e+00   2.000000e+01   1.400000e+02
     1713    0    0    0    0    0    0  -3.416667e+00   2.000000e+01   1.450000e+02
     1714    0    0    0    0    0    0  -6.833334e+00   2.000000e+01   1.450000e+02
     1715    0    0    0    0    0    0  -6.583334e+00   1.000000e+01  -4.500000e+01
     1716    0    0    0    0    0    0  -1.316667e+01   1.000000e+01  -4.500000e+01
     1717    0    0    0    0    0    0  -6.500000e+00   1.000000e+01  -4.000000e+01
     1718    0    0    0    0    0    0  -1.300000e+01   1.000000e+01  -4.000000e+01
     1719    0    0    0    0    0    0  -6.416666e+00   1.000000e+01  -3.500000e+01
     1720    0    0    0    0    0    0  -1.283333e+01   1.000000e+01  -3.500000e+01
     1721    0    0    0    0    0    0  -6.333334e+00   1.000000e+01  -3.000000e+01
     1722    0    0    0    0    0    0  -1.266667e+01   1.000000e+01  -3.000000e+01
     1723    0    0    0    0    0    0  -6.250000e+00   1.000000e+01  -2.500000e+01
     1724    0    0    0    0    0    0  -1.250000e+01   1.000000e+01  -2.500000e+01
     1725    0    0    0    0    0    0  -6.166666e+00   1.000000e+01  -2.000000e+01
     1726    0    0    0    0    0    0  -1.233333e+01   1.000000e+01  -2.000000e+01
     1727    0    0    0    0    0    0  -6.083334e+00   1.000000e+01  -1.500000e+01
     1728    0    0    0    0    0    0  -1.216667e+01   1.000000e+01  -1.500000e+01
     1729    0    0    0    0    0    0  -6.000000e+00   1.000000e+01  -1.000000e+01
     1730    0    0    0    0    0    0  -1.200000e+01   1.000000e+01  -1.000000e+01
     1731    0    0    0    0    0    0  -5.916666e+00   1.000000e+01  -5.000000e+00
     1732    0    0    0    0    0    0  -1.183333e+01   1.000000e+01  -5.000000e+00
     1733    0    0    0    0    0    0  -5.833334e+00   1.000000e+01   0.000000e+00
     1734    0    0    0    0    0    0  -1.166667e+01   1.000000e+01   0.000000e+00
     1735    0    0    0    0    0    0  -5.750000e+00   1.000000e+01   5.000000e+00
     1736    0    0    0    0    0    0  -1.150000e+01   1.000000e+01   5.000000e+00
     1737    0    0    0    0    0    0  -5.666666e+00   1.000000e+01   1.000000e+01
     1738    0    0    0    0    0    0  -1.133333e+01   1.000000e+01   1.000000e+01
     1739    0    0    0    0    0    0  -5.583334e+00   1.000000e+01   1.500000e+01
     1740    0    0    0    0    0    0  -1.116667e+01   1.000000e+01   1.500000e+01
     1741    0    0    0    0    0    0  -5.500000e+00   1.000000e+01   2.000000e+01
     1742    0    0    0    0    0    0  -1.100000e+01   1.000000e+01   2.000000e+01
     1743    0    0    0    0    0    0  -5.416666e+00   1.000000e+01   2.500000e+01
     1744    0    0    0    0    0    0  -1.083333e+01   1.000000e+01   2.500000e+01
     1745    0    0    0    0    0    0  -5.333334e+00   1.000000e+01   3.000000e+01
     1746    0    0    0    0    0    0  -1.066667e+01   1.000000e+01   3.000000e+01
     1747    0    0    0    0    0    0  -5.250000e+00   1.000000e+01   3.500000e+01
     1748    0    0    0    0    0    0  -1.050000e+01   1.000000e+01   3.500000e+01
     1749    0    0    0    0    0    0  -5.166666e+00   1.000000e+01   4.000000e+01
     1750    0    0    0    0    0    0  -1.033333e+01   1.000000e+01   4.000000e+01
     1751    0    0    0    0    0    0  -5.083334e+00   1.000000e+01   4.500000e+01
     1752    0    0    0    0    0    0  -1.016667e+01   1.000000e+01   4.500000e+01
     1753    0    0    0    0    0    0  -5.000000e+00   1.000000e+01   5.000000e+01
     1754    0    0    0    0    0    0  -1.000000e+01   1.000000e+01   5.000000e+01
     1755    0    0    0    0    0    0  -4.916666e+00   1.000000e+01   5.500000e+01
     1756    0    0    0    0    0    0  -9.833333e+00   1.000000e+01   5.500000e+01
     1757    0    0    0    0    0    0  -4.833334e+00   1.000000e+01   6.000000e+01
     1758    0    0    0    0    0    0  -9.666667e+00   1.000000e+01   6.000000e+01
     1759    0    0    0    0    0    0  -4.750000e+00   1.000000e+01   6.500000e+01
     1760    0    0    0    0    0    0  -9.500000e+00   1.000000e+01   6.500000e+01
     1761    0    0    0    0    0    0  -4.666666e+00   1.000000e+01   7.000000e+01
     1762    0    0    0    0    0    0  -9.333333e+00   1.000000e+01   7.000000e+01
     1763    0    0    0    0    0    0  -4.583334e+00   1.000000e+01   7.500000e+01
     1764    0    0    0    0    0    0  -9.166667e+00   1.000000e+01   7.500000e+01
     1765    0    0    0    0    0    0  -4.500000e+00   1.000000e+01   8.000000e+01
     1766    0    0    0    0    0    0  -9.000000e+00   1.000000e+01   8.000000e+01
     1767    0    0    0    0    0    0  -4.416666e+00   1.000000e+01   8.500000e+01
     1768    0    0    0    0    0    0  -8.833333e+00   1.000000e+01   8.500000e+01
     1769    0    0    0    0    0    0  -4.333334e+00   1.000000e+01   9.000000e+01
     1770    0    0    0    0    0    0  -8.666667e+00   1.000000e+01   9.000000e+01
     1771    0    0    0    0    0    0  -4.250000e+00   1.000000e+01   9.500000e+01
     1772    0    0    0    0    0    0  -8.500000e+00   1.000000e+01   9.500000e+01
     1773    0    0    0    0    0    0  -4.166666e+00   1.000000e+01   1.000000e+02
     1774    0    0    0    0    0    0  -8.333333e+00   1.000000e+01   1.000000e+02
     1775    0    0    0    0    0    0  -4.083334e+00   1.000000e+01   1.050000e+02
     1776    0    0    0    0    0    0  -8.166667e+00   1.000000e+01   1.050000e+02
     1777    0    0    0    0    0    0  -4.000000e+00   1.000000e+01   1.100000e+02
     1778    0    0    0    0    0    0  -8.000000e+00   1.000000e+01   1.100000e+02
     1779    0    0    0    0    0    0  -3.916667e+00   1.000000e+01   1.150000e+02
     1780    0    0    0    0    0    0  -7.833334e+00   1.000000e+01   1.150000e+02
     1781    0    0    0    0    0    0  -3.833333e+00   1.000000e+01   1.200000e+02
     1782    0    0    0    0    0    0  -7.666666e+00   1.000000e+01   1.200000e+02
     1783    0    0    0    0    0    0  -3.750000e+00   1.000000e+01   1.250000e+02
     1784    0    0    0    0    0    0  -7.500000e+00   1.000000e+01   1.250000e+02
     1785    0    0    0    0    0    0  -3.666667e+00   1.000000e+01   1.300000e+02
     1786    0    0    0    0    0    0  -7.333334e+00   1.000000e+01   1.300000e+02
     1787    0    0    0    0    0    0  -3.583333e+00   1.000000e+01   1.350000e+02
     1788    0    0    0    0    0    0  -7.166666e+00   1.000000e+01   1.350000e+02
     1789    0    0    0    0    0    0  -3.500000e+00   1.000000e+01   1.400000e+02
     1790    0    0    0    0    0    0  -7.000000e+00   1.000000e+01   1.400000e+02
     1791    0    0    0    0    0    0  -3.416667e+00   1.000000e+01   1.450000e+02
     1792    0    0    0    0    0    0  -6.833334e+00   1.000000e+01   1.450000e+02
     1793    0    0    0    0    0    0   0.000000e+00   1.500000e+01  -4.500000e+01
     1794    0    0    0    0    0    0   0.000000e+00   1.500000e+01  -4.000000e+01
     1795    0    0    0    0    0    0   0.000000e+00   1.500000e+01  -3.500000e+01
     1796    0    0    0    0    0    0   0.000000e+00   1.500000e+01  -3.000000e+01
     1797    0    0    0    0    0    0   0.000000e+00   1.500000e+01  -2.500000e+01
     1798    0    0    0    0    0    0   0.000000e+00   1.500000e+01  -2.000000e+01
     1799    0    0    0    0    0    0   0.000000e+00   1.500000e+01  -1.500000e+01
     1800    0    0    0    0    0    0   0.000000e+00   1.500000e+01  -1.000000e+01
     1801    0    0    0    0    0    0   0.000000e+00   1.500000e+01  -5.000000e+00
     1802    0    0    0    0    0    0   0.000000e+00   1.500000e+01   0.000000e+00
     1803    0    0    0    0    0    0   0.000000e+00   1.500000e+01   5.000000e+00
     1804    0    0    0    0    0    0   0.000000e+00   1.500000e+01   1.000000e+01
     1805    0    0    0    0    0    0   0.000000e+00   1.500000e+01   1.500000e+01
     1806    0    0    0    0    0    0   0.000000e+00   1.500000e+01   2.000000e+01
     1807    0    0    0    0    0    0   0.000000e+00   1.500000e+01   2.500000e+01
     1808    0    0    0    0    0    0   0.000000e+00   1.500000e+01   3.000000e+01
     1809    0    0    0    0    0    0   0.000000e+00   1.500000e+01   3.500000e+01
     1810    0    0    0    0    0    0   0.000000e+00   1.500000e+01   4.000000e+01
     1811    0    0    0    0    0    0   0.000000e+00   1.500000e+01   4.500000e+01
     1812    0    0    0    0    0    0   0.000000e+00   1.500000e+01   5.000000e+01
     1813    0    0    0    0    0    0   0.000000e+00   1.500000e+01   5.500000e+01
     1814    0    0    0    0    0    0   0.000000e+00   1.500000e+01   6.000000e+01
     1815    0    0    0    0    0    0   0.000000e+00   1.500000e+01   6.500000e+01
     1816    0    0    0    0    0    0   0.000000e+00   1.500000e+01   7.000000e+01
     1817    0    0    0    0    0    0   0.000000e+00   1.500000e+01   7.500000e+01
     1818    0    0    0    0    0    0   0.000000e+00   1.500000e+01   8.000000e+01
     1819    0    0    0    0    0    0   0.000000e+00   1.500000e+01   8.500000e+01
     1820    0    0    0    0    0    0   0.000000e+00   1.500000e+01   9.000000e+01
     1821    0    0    0    0    0    0   0.000000e+00   1.500000e+01   9.500000e+01
     1822    0    0    0    0    0    0   0.000000e+00   1.500000e+01   1.000000e+02
     1823    0    0    0    0    0    0   0.000000e+00   1.500000e+01   1.050000e+02
     1824    0    0    0    0    0    0   0.000000e+00   1.500000e+01   1.100000e+02
     1825    0    0    0    0    0    0   0.000000e+00   1.500000e+01   1.150000e+02
     1826    0    0    0    0    0    0   0.000000e+00   1.500000e+01   1.200000e+02
     1827    0    0    0    0    0    0   0.000000e+00   1.500000e+01   1.250000e+02
     1828    0    0    0    0    0    0   0.000000e+00   1.500000e+01   1.300000e+02
     1829    0    0    0    0    0    0   0.000000e+00   1.500000e+01   1.350000e+02
     1830    0    0    0    0    0    0   0.000000e+00   1.500000e+01   1.400000e+02
     1831    0    0    0    0    0    0   0.000000e+00   1.500000e+01   1.450000e+02
     1832    0    0    0    0    0    0  -1.975000e+01   1.500000e+01  -4.500000e+01
     1833    0    0    0    0    0    0  -1.950000e+01   1.500000e+01  -4.000000e+01
     1834    0    0    0    0    0    0  -1.925000e+01   1.500000e+01  -3.500000e+01
     1835    0    0    0    0    0    0  -1.900000e+01   1.500000e+01  -3.000000e+01
     1836    0    0    0    0    0    0  -1.875000e+01   1.500000e+01  -2.500000e+01
     1837    0    0    0    0    0    0  -1.850000e+01   1.500000e+01  -2.000000e+01
     1838    0    0    0    0    0    0  -1.825000e+01   1.500000e+01  -1.500000e+01
     1839    0    0    0    0    0    0  -1.800000e+01   1.500000e+01  -1.000000e+01
     1840    0    0    0    0    0    0  -1.775000e+01   1.500000e+01  -5.000000e+00
     1841    0    0    0    0    0    0  -1.750000e+01   1.500000e+01   0.000000e+00
     1842    0    0    0    0    0    0  -1.725000e+01   1.500000e+01   5.000000e+00
     1843    0    0    0    0    0    0  -1.700000e+01   1.500000e+01   1.000000e+01
     1844    0    0    0    0    0    0  -1.675000e+01   1.500000e+01   1.500000e+01
     1845    0    0    0    0    0    0  -1.650000e+01   1.500000e+01   2.000000e+01
     1846    0    0    0    0    0    0  -1.625000e+01   1.500000e+01   2.500000e+01
     1847    0    0    0    0    0    0  -1.600000e+01   1.500000e+01   3.000000e+01
     1848    0    0    0    0    0    0  -1.575000e+01   1.500000e+01   3.500000e+01
     1849    0    0    0    0    0    0  -1.550000e+01   1.500000e+01   4.000000e+01
     1850    0    0    0    0    0    0  -1.525000e+01   1.500000e+01   4.500000e+01
     1851    0    0    0    0    0    0  -1.500000e+01   1.500000e+01   5.000000e+01
     1852    0    0    0    0    0    0  -1.475000e+01   1.500000e+01   5.500000e+01
     1853    0    0    0    0    0    0  -1.450000e+01   1.500000e+01   6.000000e+01
     1854    0    0    0    0    0    0  -1.425000e+01   1.500000e+01   6.500000e+01
     1855    0    0    0    0    0    0  -1.400000e+01   1.500000e+01   7.000000e+01
     1856    0    0    0    0    0    0  -1.375000e+01   1.500000e+01   7.500000e+01
     1857    0    0    0    0    0    0  -1.350000e+01   1.500000e+01   8.000000e+01
     1858    0    0    0    0    0    0  -1.325000e+01   1.500000e+01   8.500000e+01
     1859    0    0    0    0    0    0  -1.300000e+01   1.500000e+01   9.000000e+01
     1860    0    0    0    0    0    0  -1.275000e+01   1.500000e+01   9.500000e+01
     1861    0    0    0    0    0    0  -1.250000e+01   1.500000e+01   1.000000e+02
     1862    0    0    0    0    0    0  -1.225000e+01   1.500000e+01   1.050000e+02
     1863    0    0    0    0    0    0  -1.200000e+01   1.500000e+01   1.100000e+02
     1864    0    0    0    0    0    0  -1.175000e+01   1.500000e+01   1.150000e+02
     1865    0    0    0    0    0    0  -1.150000e+01   1.500000e+01   1.200000e+02
     1866    0    0    0    0    0    0  -1.125000e+01   1.500000e+01   1.250000e+02
     1867    0    0    0    0    0    0  -1.100000e+01   1.500000e+01   1.300000e+02
     1868    0    0    0    0    0    0  -1.075000e+01   1.500000e+01   1.350000e+02
     1869    0    0    0    0    0    0  -1.050000e+01   1.500000e+01   1.400000e+02
     1870    0    0    0    0    0    0  -1.025000e+01   1.500000e+01   1.450000e+02
     1871    1    1    1    0    0    0   6.666666e+00   1.500000e+01  -5.000000e+01
     1872    1    1    1    0    0    0   1.333333e+01   1.500000e+01  -5.000000e+01
     1873    0    0    0    0    0    0   3.333333e+00   1.500000e+01   1.500000e+02
     1874    0    0    0    0    0    0   6.666666e+00   1.500000e+01   1.500000e+02
     1875    0    0    0    0    0    0   6.583334e+00   1.000000e+01  -4.500000e+01
     1876    0    0    0    0    0    0   1.316667e+01   1.000000e+01  -4.500000e+01
     1877    0    0    0    0    0    0   6.500000e+00   1.000000e+01  -4.000000e+01
     1878    0    0    0    0    0    0   1.300000e+01   1.000000e+01  -4.000000e+01
     1879    0    0    0    0    0    0   6.416666e+00   1.000000e+01  -3.500000e+01
     1880    0    0    0    0    0    0   1.283333e+01   1.000000e+01  -3.500000e+01
     1881    0    0    0    0    0    0   6.333334e+00   1.000000e+01  -3.000000e+01
     1882    0    0    0    0    0    0   1.266667e+01   1.000000e+01  -3.000000e+01
     1883    0    0    0    0    0    0   6.250000e+00   1.000000e+01  -2.500000e+01
     1884    0    0    0    0    0    0   1.250000e+01   1.000000e+01  -2.500000e+01
     1885    0    0    0    0    0    0   6.166666e+00   1.000000e+01  -2.000000e+01
     1886    0    0    0    0    0    0   1.233333e+01   1.000000e+01  -2.000000e+01
     1887    0    0    0    0    0    0   6.083334e+00   1.000000e+01  -1.500000e+01
     1888    0    0    0    0    0    0   1.216667e+01   1.000000e+01  -1.500000e+01
     1889    0    0    0    0    0    0   6.000000e+00   1.000000e+01  -1.000000e+01
     1890    0    0    0    0    0    0   1.200000e+01   1.000000e+01  -1.000000e+01
     1891    0    0    0    0    0    0   5.916666e+00   1.000000e+01  -5.000000e+00
     1892    0    0    0    0    0    0   1.183333e+01   1.000000e+01  -5.000000e+00
     1893    0    0    0    0    0    0   5.833334e+00   1.000000e+01   0.000000e+00
     1894    0    0    0    0    0    0   1.166667e+01   1.000000e+01   0.000000e+00
     1895    0    0    0    0    0    0   5.750000e+00   1.000000e+01   5.000000e+00
     1896    0    0    0    0    0    0   1.150000e+01   1.000000e+01   5.000000e+00
     1897    0    0    0    0    0    0   5.666666e+00   1.000000e+01   1.000000e+01
     1898    0    0    0    0    0    0   1.133333e+01   1.000000e+01   1.000000e+01
     1899    0    0    0    0    0    0   5.583334e+00   1.000000e+01   1.500000e+01
     1900    0    0    0    0    0    0   1.116667e+01   1.000000e+01   1.500000e+01
     1901    0    0    0    0    0    0   5.500000e+00   1.000000e+01   2.000000e+01
     1902    0    0    0    0    0    0   1.100000e+01   1.000000e+01   2.000000e+01
     1903    0    0    0    0    0    0   5.416666e+00   1.000000e+01   2.500000e+01
     1904    0    0    0    0    0    0   1.083333e+01   1.000000e+01   2.500000e+01
     1905    0    0    0    0    0    0   5.333334e+00   1.000000e+01   3.000000e+01
     1906    0    0    0    0    0    0   1.066667e+01   1.000000e+01   3.000000e+01
     1907    0    0    0    0    0    0   5.250000e+00   1.000000e+01   3.500000e+01
     1908    0    0    0    0    0    0   1.050000e+01   1.000000e+01   3.500000e+01
     1909    0    0    0    0    0    0   5.166666e+00   1.000000e+01   4.000000e+01
     1910    0    0    0    0    0    0   1.033333e+01   1.000000e+01   4.000000e+01
     1911    0    0    0    0    0    0   5.083334e+00   1.000000e+01   4.500000e+01
     1912    0    0    0    0    0    0   1.016667e+01   1.000000e+01   4.500000e+01
     1913    0    0    0    0    0    0   5.000000e+00   1.000000e+01   5.000000e+01
     1914    0    0    0    0    0    0   1.000000e+01   1.000000e+01   5.000000e+01
     1915    0    0    0    0    0    0   4.916666e+00   1.000000e+01   5.500000e+01
     1916    0    0    0    0    0    0   9.833333e+00   1.000000e+01   5.500000e+01
     1917    0    0    0    0    0    0   4.833334e+00   1.000000e+01   6.000000e+01
     1918    0    0    0    0    0    0   9.666667e+00   1.000000e+01   6.000000e+01
     1919    0    0    0    0    0    0   4.750000e+00   1.000000e+01   6.500000e+01
     1920    0    0    0    0    0    0   9.500000e+00   1.000000e+01   6.500000e+01
     1921    0    0    0    0    0    0   4.666666e+00   1.000000e+01   7.000000e+01
     1922    0    0    0    0    0    0   9.333333e+00   1.000000e+01   7.000000e+01
     1923    0    0    0    0    0    0   4.583334e+00   1.000000e+01   7.500000e+01
     1924    0    0    0    0    0    0   9.166667e+00   1.000000e+01   7.500000e+01
     1925    0    0    0    0    0    0   4.500000e+00   1.000000e+01   8.000000e+01
     1926    0    0    0    0    0    0   9.000000e+00   1.000000e+01   8.000000e+01
     1927    0    0    0    0    0    0   4.416666e+00   1.000000e+01   8.500000e+01
     1928    0    0    0    0    0    0   8.833333e+00   1.000000e+01   8.500000e+01
     1929    0    0    0    0    0    0   4.333334e+00   1.000000e+01   9.000000e+01
     1930    0    0    0    0    0    0   8.666667e+00   1.000000e+01   9.000000e+01
     1931    0    0    0    0    0    0   4.250000e+00   1.000000e+01   9.500000e+01
     1932    0    0    0    0    0    0   8.500000e+00   1.000000e+01   9.500000e+01
     1933    0    0    0    0    0    0   4.166666e+00   1.000000e+01   1.000000e+02
     1934    0    0    0    0    0    0   8.333333e+00   1.000000e+01   1.000000e+02
     1935    0    0    0    0    0    0   4.083334e+00   1.000000e+01   1.050000e+02
     1936    0    0    0    0    0    0   8.166667e+00   1.000000e+01   1.050000e+02
     1937    0    0    0    0    0    0   4.000000e+00   1.000000e+01   1.100000e+02
     1938    0    0    0    0    0    0   8.000000e+00   1.000000e+01   1.100000e+02
     1939    0    0    0    0    0    0   3.916667e+00   1.000000e+01   1.150000e+02
     1940    0    0    0    0    0    0   7.833334e+00   1.000000e+01   1.150000e+02
     1941    0    0    0    0    0    0   3.833333e+00   1.000000e+01   1.200000e+02
     1942    0    0    0    0    0    0   7.666666e+00   1.000000e+01   1.200000e+02
     1943    0    0    0    0    0    0   3.750000e+00   1.000000e+01   1.250000e+02
     1944    0    0    0    0    0    0   7.500000e+00   1.000000e+01   1.250000e+02
     1945    0    0    0    0    0    0   3.666667e+00   1.000000e+01   1.300000e+02
     1946    0    0    0    0    0    0   7.333334e+00   1.000000e+01   1.300000e+02
     1947    0    0    0    0    0    0   3.583333e+00   1.000000e+01   1.350000e+02
     1948    0    0    0    0    0    0   7.166666e+00   1.000000e+01   1.350000e+02
     1949    0    0    0    0    0    0   3.500000e+00   1.000000e+01   1.400000e+02
     1950    0    0    0    0    0    0   7.000000e+00   1.000000e+01   1.400000e+02
     1951    0    0    0    0    0    0   3.416667e+00   1.000000e+01   1.450000e+02
     1952    0    0    0    0    0    0   6.833334e+00   1.000000e+01   1.450000e+02
     1953    0    0    0    0    0    0   6.583334e+00   2.000000e+01  -4.500000e+01
     1954    0    0    0    0    0    0   1.316667e+01   2.000000e+01  -4.500000e+01
     1955    0    0    0    0    0    0   6.500000e+00   2.000000e+01  -4.000000e+01
     1956    0    0    0    0    0    0   1.300000e+01   2.000000e+01  -4.000000e+01
     1957    0    0    0    0    0    0   6.416666e+00   2.000000e+01  -3.500000e+01
     1958    0    0    0    0    0    0   1.283333e+01   2.000000e+01  -3.500000e+01
     1959    0    0    0    0    0    0   6.333334e+00   2.000000e+01  -3.000000e+01
     1960    0    0    0    0    0    0   1.266667e+01   2.000000e+01  -3.000000e+01
     1961    0    0    0    0    0    0   6.250000e+00   2.000000e+01  -2.500000e+01
     1962    0    0    0    0    0    0   1.250000e+01   2.000000e+01  -2.500000e+01
     1963    0    0    0    0    0    0   6.166666e+00   2.000000e+01  -2.000000e+01
     1964    0    0    0    0    0    0   1.233333e+01   2.000000e+01  -2.000000e+01
     1965    0    0    0    0    0    0   6.083334e+00   2.000000e+01  -1.500000e+01
     1966    0    0    0    0    0    0   1.216667e+01   2.000000e+01  -1.500000e+01
     1967    0    0    0    0    0    0   6.000000e+00   2.000000e+01  -1.000000e+01
     1968    0    0    0    0    0    0   1.200000e+01   2.000000e+01  -1.000000e+01
     1969    0    0    0    0    0    0   5.916666e+00   2.000000e+01  -5.000000e+00
     1970    0    0    0    0    0    0   1.183333e+01   2.000000e+01  -5.000000e+00
     1971    0    0    0    0    0    0   5.833334e+00   2.000000e+01   0.000000e+00
     1972    0    0    0    0    0    0   1.166667e+01   2.000000e+01   0.000000e+00
     1973    0    0    0    0    0    0   5.750000e+00   2.000000e+01   5.000000e+00
     1974    0    0    0    0    0    0   1.150000e+01   2.000000e+01   5.000000e+00
     1975    0    0    0    0    0    0   5.666666e+00   2.000000e+01   1.000000e+01
     1976    0    0    0    0    0    0   1.133333e+01   2.000000e+01   1.000000e+01
     1977    0    0    0    0    0    0   5.583334e+00   2.000000e+01   1.500000e+01
     1978    0    0    0    0    0    0   1.116667e+01   2.000000e+01   1.500000e+01
     1979    0    0    0    0    0    0   5.500000e+00   2.000000e+01   2.000000e+01
     1980    0    0    0    0    0    0   1.100000e+01   2.000000e+01   2.000000e+01
     1981    0    0    0    0    0    0   5.416666e+00   2.000000e+01   2.500000e+01
     1982    0    0    0    0    0    0   1.083333e+01   2.000000e+01   2.500000e+01
     1983    0    0    0    0    0    0   5.333334e+00   2.000000e+01   3.000000e+01
     1984    0    0    0    0    0    0   1.066667e+01   2.000000e+01   3.000000e+01
     1985    0    0    0    0    0    0   5.250000e+00   2.000000e+01   3.500000e+01
     1986    0    0    0    0    0    0   1.050000e+01   2.000000e+01   3.500000e+01
     1987    0    0    0    0    0    0   5.166666e+00   2.000000e+01   4.000000e+01
     1988    0    0    0    0    0    0   1.033333e+01   2.000000e+01   4.000000e+01
     1989    0    0    0    0    0    0   5.083334e+00   2.000000e+01   4.500000e+01
     1990    0    0    0    0    0    0   1.016667e+01   2.000000e+01   4.500000e+01
     1991    0    0    0    0    0    0   5.000000e+00   2.000000e+01   5.000000e+01
     1992    0    0    0    0    0    0   1.000000e+01   2.000000e+01   5.000000e+01
     1993    0    0    0    0    0    0   4.916666e+00   2.000000e+01   5.500000e+01
     1994    0    0    0    0    0    0   9.833333e+00   2.000000e+01   5.500000e+01
     1995    0    0    0    0    0    0   4.833334e+00   2.000000e+01   6.000000e+01
     1996    0    0    0    0    0    0   9.666667e+00   2.000000e+01   6.000000e+01
     1997    0    0    0    0    0    0   4.750000e+00   2.000000e+01   6.500000e+01
     1998    0    0    0    0    0    0   9.500000e+00   2.000000e+01   6.500000e+01
     1999    0    0    0    0    0    0   4.666666e+00   2.000000e+01   7.000000e+01
     2000    0    0    0    0    0    0   9.333333e+00   2.000000e+01   7.000000e+01
     2001    0    0    0    0    0    0   4.583334e+00   2.000000e+01   7.500000e+01
     2002    0    0    0    0    0    0   9.166667e+00   2.000000e+01   7.500000e+01
     2003    0    0    0    0    0    0   4.500000e+00   2.000000e+01   8.000000e+01
     2004    0    0    0    0    0    0   9.000000e+00   2.000000e+01   8.000000e+01
     2005    0    0    0    0    0    0   4.416666e+00   2.000000e+01   8.500000e+01
     2006    0    0    0    0    0    0   8.833333e+00   2.000000e+01   8.500000e+01
     2007    0    0    0    0    0    0   4.333334e+00   2.000000e+01   9.000000e+01
     2008    0    0    0    0    0    0   8.666667e+00   2.000000e+01   9.000000e+01
     2009    0    0    0    0    0    0   4.250000e+00   2.000000e+01   9.500000e+01
     2010    0    0    0    0    0    0   8.500000e+00   2.000000e+01   9.500000e+01
     2011    0    0    0    0    0    0   4.166666e+00   2.000000e+01   1.000000e+02
     2012    0    0    0    0    0    0   8.333333e+00   2.000000e+01   1.000000e+02
     2013    0    0    0    0    0    0   4.083334e+00   2.000000e+01   1.050000e+02
     2014    0    0    0    0    0    0   8.166667e+00   2.000000e+01   1.050000e+02
     2015    0    0    0    0    0    0   4.000000e+00   2.000000e+01   1.100000e+02
     2016    0    0    0    0    0    0   8.000000e+00   2.000000e+01   1.100000e+02
     2017    0    0    0    0    0    0   3.916667e+00   2.000000e+01   1.150000e+02
     2018    0    0    0    0    0    0   7.833334e+00   2.000000e+01   1.150000e+02
     2019    0    0    0    0    0    0   3.833333e+00   2.000000e+01   1.200000e+02
     2020    0    0    0    0    0    0   7.666666e+00   2.000000e+01   1.200000e+02
     2021    0    0    0    0    0    0   3.750000e+00   2.000000e+01   1.250000e+02
     2022    0    0    0    0    0    0   7.500000e+00   2.000000e+01   1.250000e+02
     2023    0    0    0    0    0    0   3.666667e+00   2.000000e+01   1.300000e+02
     2024    0    0    0    0    0    0   7.333334e+00   2.000000e+01   1.300000e+02
     2025    0    0    0    0    0    0   3.583333e+00   2.000000e+01   1.350000e+02
     2026    0    0    0    0    0    0   7.166666e+00   2.000000e+01   1.350000e+02
     2027    0    0    0    0    0    0   3.500000e+00   2.000000e+01   1.400000e+02
     2028    0    0    0    0    0    0   7.000000e+00   2.000000e+01   1.400000e+02
     2029    0    0    0    0    0    0   3.416667e+00   2.000000e+01   1.450000e+02
     2030    0    0    0    0    0    0   6.833334e+00   2.000000e+01   1.450000e+02
     2031    0    0    0    0    0    0   1.975000e+01   1.500000e+01  -4.500000e+01
     2032    0    0    0    0    0    0   1.950000e+01   1.500000e+01  -4.000000e+01
     2033    0    0    0    0    0    0   1.925000e+01   1.500000e+01  -3.500000e+01
     2034    0    0    0    0    0    0   1.900000e+01   1.500000e+01  -3.000000e+01
     2035    0    0    0    0    0    0   1.875000e+01   1.500000e+01  -2.500000e+01
     2036    0    0    0    0    0    0   1.850000e+01   1.500000e+01  -2.000000e+01
     2037    0    0    0    0    0    0   1.825000e+01   1.500000e+01  -1.500000e+01
     2038    0    0    0    0    0    0   1.800000e+01   1.500000e+01  -1.000000e+01
     2039    0    0    0    0    0    0   1.775000e+01   1.500000e+01  -5.000000e+00
     2040    0    0    0    0    0    0   1.750000e+01   1.500000e+01   0.000000e+00
     2041    0    0    0    0    0    0   1.725000e+01   1.500000e+01   5.000000e+00
     2042    0    0    0    0    0    0   1.700000e+01   1.500000e+01   1.000000e+01
     2043    0    0    0    0    0    0   1.675000e+01   1.500000e+01   1.500000e+01
     2044    0    0    0    0    0    0   1.650000e+01   1.500000e+01   2.000000e+01
     2045    0    0    0    0    0    0   1.625000e+01   1.500000e+01   2.500000e+01
     2046    0    0    0    0    0    0   1.600000e+01   1.500000e+01   3.000000e+01
     2047    0    0    0    0    0    0   1.575000e+01   1.500000e+01   3.500000e+01
     2048    0    0    0    0    0    0   1.550000e+01   1.500000e+01   4.000000e+01
     2049    0    0    0    0    0    0   1.525000e+01   1.500000e+01   4.500000e+01
     2050    0    0    0    0    0    0   1.500000e+01   1.500000e+01   5.000000e+01
     2051    0    0    0    0    0    0   1.475000e+01   1.500000e+01   5.500000e+01
     2052    0    0    0    0    0    0   1.450000e+01   1.500000e+01   6.000000e+01
     2053    0    0    0    0    0    0   1.425000e+01   1.500000e+01   6.500000e+01
     2054    0    0    0    0    0    0   1.400000e+01   1.500000e+01   7.000000e+01
     2055    0    0    0    0    0    0   1.375000e+01   1.500000e+01   7.500000e+01
     2056    0    0    0    0    0    0   1.350000e+01   1.500000e+01   8.000000e+01
     2057    0    0    0    0    0    0   1.325000e+01   1.500000e+01   8.500000e+01
     2058    0    0    0    0    0    0   1.300000e+01   1.500000e+01   9.000000e+01
     2059    0    0    0    0    0    0   1.275000e+01   1.500000e+01   9.500000e+01
     2060    0    0    0    0    0    0   1.250000e+01   1.500000e+01   1.000000e+02
     2061    0    0    0    0    0    0   1.225000e+01   1.500000e+01   1.050000e+02
     2062    0    0    0    0    0    0   1.200000e+01   1.500000e+01   1.100000e+02
     2063    0    0    0    0    0    0   1.175000e+01   1.500000e+01   1.150000e+02
     2064    0    0    0    0    0    0   1.150000e+01   1.500000e+01   1.200000e+02
     2065    0    0    0    0    0    0   1.125000e+01   1.500000e+01   1.250000e+02
     2066    0    0    0    0    0    0   1.100000e+01   1.500000e+01   1.300000e+02
     2067    0    0    0    0    0    0   1.075000e+01   1.500000e+01   1.350000e+02
     2068    0    0    0    0    0    0   1.050000e+01   1.500000e+01   1.400000e+02
     2069    0    0    0    0    0    0   1.025000e+01   1.500000e+01   1.450000e+02
     2070    0    0    0    0    0    0  -6.583334e+00   1.500000e+01  -4.500000e+01
     2071    0    0    0    0    0    0  -1.316667e+01   1.500000e+01  -4.500000e+01
     2072    0    0    0    0    0    0  -6.500000e+00   1.500000e+01  -4.000000e+01
     2073    0    0    0    0    0    0  -1.300000e+01   1.500000e+01  -4.000000e+01
     2074    0    0    0    0    0    0  -6.416666e+00   1.500000e+01  -3.500000e+01
     2075    0    0    0    0    0    0  -1.283333e+01   1.500000e+01  -3.500000e+01
     2076    0    0    0    0    0    0  -6.333334e+00   1.500000e+01  -3.000000e+01
     2077    0    0    0    0    0    0  -1.266667e+01   1.500000e+01  -3.000000e+01
     2078    0    0    0    0    0    0  -6.250000e+00   1.500000e+01  -2.500000e+01
     2079    0    0    0    0    0    0  -1.250000e+01   1.500000e+01  -2.500000e+01
     2080    0    0    0    0    0    0  -6.166666e+00   1.500000e+01  -2.000000e+01
     2081    0    0    0    0    0    0  -1.233333e+01   1.500000e+01  -2.000000e+01
     2082    0    0    0    0    0    0  -6.083334e+00   1.500000e+01  -1.500000e+01
     2083    0    0    0    0    0    0  -1.216667e+01   1.500000e+01  -1.500000e+01
     2084    0    0    0    0    0    0  -6.000000e+00   1.500000e+01  -1.000000e+01
     2085    0    0    0    0    0    0  -1.200000e+01   1.500000e+01  -1.000000e+01
     2086    0    0    0    0    0    0  -5.916666e+00   1.500000e+01  -5.000000e+00
     2087    0    0    0    0    0    0  -1.183333e+01   1.500000e+01  -5.000000e+00
     2088    0    0    0    0    0    0  -5.833334e+00   1.500000e+01   0.000000e+00
     2089    0    0    0    0    0    0  -1.166667e+01   1.500000e+01   0.000000e+00
     2090    0    0    0    0    0    0  -5.750000e+00   1.500000e+01   5.000000e+00
     2091    0    0    0    0    0    0  -1.150000e+01   1.500000e+01   5.000000e+00
     2092    0    0    0    0    0    0  -5.666666e+00   1.500000e+01   1.000000e+01
     2093    0    0    0    0    0    0  -1.133333e+01   1.500000e+01   1.000000e+01
     2094    0    0    0    0    0    0  -5.583334e+00   1.500000e+01   1.500000e+01
     2095    0    0    0    0    0    0  -1.116667e+01   1.500000e+01   1.500000e+01
     2096    0    0    0    0    0    0  -5.500000e+00   1.500000e+01   2.000000e+01
     2097    0    0    0    0    0    0  -1.100000e+01   1.500000e+01   2.000000e+01
     2098    0    0    0    0    0    0  -5.416666e+00   1.500000e+01   2.500000e+01
     2099    0    0    0    0    0    0  -1.083333e+01   1.500000e+01   2.500000e+01
     2100    0    0    0    0    0    0  -5.333334e+00   1.500000e+01   3.000000e+01
     2101    0    0    0    0    0    0  -1.066667e+01   1.500000e+01   3.000000e+01
     2102    0    0    0    0    0    0  -5.250000e+00   1.500000e+01   3.500000e+01
     2103    0    0    0    0    0    0  -1.050000e+01   1.500000e+01   3.500000e+01
     2104    0    0    0    0    0    0  -5.166666e+00   1.500000e+01   4.000000e+01
     2105    0    0    0    0    0    0  -1.033333e+01   1.500000e+01   4.000000e+01
     2106    0    0    0    0    0    0  -5.083334e+00   1.500000e+01   4.500000e+01
     2107    0    0    0    0    0    0  -1.016667e+01   1.500000e+01   4.500000e+01
     2108    0    0    0    0    0    0  -5.000000e+00   1.500000e+01   5.000000e+01
     2109    0    0    0    0    0    0  -1.000000e+01   1.500000e+01   5.000000e+01
     2110    0    0    0    0    0    0  -4.916666e+00   1.500000e+01   5.500000e+01
     2111    0    0    0    0    0    0  -9.833333e+00   1.500000e+01   5.500000e+01
     2112    0    0    0    0    0    0  -4.833334e+00   1.500000e+01   6.000000e+01
     2113    0    0    0    0    0    0  -9.666667e+00   1.500000e+01   6.000000e+01
     2114    0    0    0    0    0    0  -4.750000e+00   1.500000e+01   6.500000e+01
     2115    0    0    0    0    0    0  -9.500000e+00   1.500000e+01   6.500000e+01
     2116    0    0    0    0    0    0  -4.666666e+00   1.500000e+01   7.000000e+01
     2117    0    0    0    0    0    0  -9.333333e+00   1.500000e+01   7.000000e+01
     2118    0    0    0    0    0    0  -4.583334e+00   1.500000e+01   7.500000e+01
     2119    0    0    0    0    0    0  -9.166667e+00   1.500000e+01   7.500000e+01
     2120    0    0    0    0    0    0  -4.500000e+00   1.500000e+01   8.000000e+01
     2121    0    0    0    0    0    0  -9.000000e+00   1.500000e+01   8.000000e+01
     2122    0    0    0    0    0    0  -4.416666e+00   1.500000e+01   8.500000e+01
     2123    0    0    0    0    0    0  -8.833333e+00   1.500000e+01   8.500000e+01
     2124    0    0    0    0    0    0  -4.333334e+00   1.500000e+01   9.000000e+01
     2125    0    0    0    0    0    0  -8.666667e+00   1.500000e+01   9.000000e+01
     2126    0    0    0    0    0    0  -4.250000e+00   1.500000e+01   9.500000e+01
     2127    0    0    0    0    0    0  -8.500000e+00   1.500000e+01   9.500000e+01
     2128    0    0    0    0    0    0  -4.166666e+00   1.500000e+01   1.000000e+02
     2129    0    0    0    0    0    0  -8.333333e+00   1.500000e+01   1.000000e+02
     2130    0    0    0    0    0    0  -4.083334e+00   1.500000e+01   1.050000e+02
     2131    0    0    0    0    0    0  -8.166667e+00   1.500000e+01   1.050000e+02
     2132    0    0    0    0    0    0  -4.000000e+00   1.500000e+01   1.100000e+02
     2133    0    0    0    0    0    0  -8.000000e+00   1.500000e+01   1.100000e+02
     2134    0    0    0    0    0    0  -3.916667e+00   1.500000e+01   1.150000e+02
     2135    0    0    0    0    0    0  -7.833334e+00   1.500000e+01   1.150000e+02
     2136    0    0    0    0    0    0  -3.833333e+00   1.500000e+01   1.200000e+02
     2137    0    0    0    0    0    0  -7.666666e+00   1.500000e+01   1.200000e+02
     2138    0    0    0    0    0    0  -3.750000e+00   1.500000e+01   1.250000e+02
     2139    0    0    0    0    0    0  -7.500000e+00   1.500000e+01   1.250000e+02
     2140    0    0    0    0    0    0  -3.666667e+00   1.500000e+01   1.300000e+02
     2141    0    0    0    0    0    0  -7.333334e+00   1.500000e+01   1.300000e+02
     2142    0    0    0    0    0    0  -3.583333e+00   1.500000e+01   1.350000e+02
     2143    0    0    0    0    0    0  -7.166666e+00   1.500000e+01   1.350000e+02
     2144    0    0    0    0    0    0  -3.500000e+00   1.500000e+01   1.400000e+02
     2145    0    0    0    0    0    0  -7.000000e+00   1.500000e+01   1.400000e+02
     2146    0    0    0    0    0    0  -3.416667e+00   1.500000e+01   1.450000e+02
     2147    0    0    0    0    0    0  -6.833334e+00   1.500000e+01   1.450000e+02
     2148    0    0    0    0    0    0   6.583334e+00   1.500000e+01  -4.500000e+01
     2149    0    0    0    0    0    0   1.316667e+01   1.500000e+01  -4.500000e+01
     2150    0    0    0    0    0    0   6.500000e+00   1.500000e+01  -4.000000e+01
     2151    0    0    0    0    0    0   1.300000e+01   1.500000e+01  -4.000000e+01
     2152    0    0    0    0    0    0   6.416666e+00   1.500000e+01  -3.500000e+01
     2153    0    0    0    0    0    0   1.283333e+01   1.500000e+01  -3.500000e+01
     2154    0    0    0    0    0    0   6.333334e+00   1.500000e+01  -3.000000e+01
     2155    0    0    0    0    0    0   1.266667e+01   1.500000e+01  -3.000000e+01
     2156    0    0    0    0    0    0   6.250000e+00   1.500000e+01  -2.500000e+01
     2157    0    0    0    0    0    0   1.250000e+01   1.500000e+01  -2.500000e+01
     2158    0    0    0    0    0    0   6.166666e+00   1.500000e+01  -2.000000e+01
     2159    0    0    0    0    0    0   1.233333e+01   1.500000e+01  -2.000000e+01
     2160    0    0    0    0    0    0   6.083334e+00   1.500000e+01  -1.500000e+01
     2161    0    0    0    0    0    0   1.216667e+01   1.500000e+01  -1.500000e+01
     2162    0    0    0    0    0    0   6.000000e+00   1.500000e+01  -1.000000e+01
     2163    0    0    0    0    0    0   1.200000e+01   1.500000e+01  -1.000000e+01
     2164    0    0    0    0    0    0   5.916666e+00   1.500000e+01  -5.000000e+00
     2165    0    0    0    0    0    0   1.183333e+01   1.500000e+01  -5.000000e+00
     2166    0    0    0    0    0    0   5.833334e+00   1.500000e+01   0.000000e+00
     2167    0    0    0    0    0    0   1.166667e+01   1.500000e+01   0.000000e+00
     2168    0    0    0    0    0    0   5.750000e+00   1.500000e+01   5.000000e+00
     2169    0    0    0    0    0    0   1.150000e+01   1.500000e+01   5.000000e+00
     2170    0    0    0    0    0    0   5.666666e+00   1.500000e+01   1.000000e+01
     2171    0    0    0    0    0    0   1.133333e+01   1.500000e+01   1.000000e+01
     2172    0    0    0    0    0    0   5.583334e+00   1.500000e+01   1.500000e+01
     2173    0    0    0    0    0    0   1.116667e+01   1.500000e+01   1.500000e+01
     2174    0    0    0    0    0    0   5.500000e+00   1.500000e+01   2.000000e+01
     2175    0    0    0    0    0    0   1.100000e+01   1.500000e+01   2.000000e+01
     2176    0    0    0    0    0    0   5.416666e+00   1.500000e+01   2.500000e+01
     2177    0    0    0    0    0    0   1.083333e+01   1.500000e+01   2.500000e+01
     2178    0    0    0    0    0    0   5.333334e+00   1.500000e+01   3.000000e+01
     2179    0    0    0    0    0    0   1.066667e+01   1.500000e+01   3.000000e+01
     2180    0    0    0    0    0    0   5.250000e+00   1.500000e+01   3.500000e+01
     2181    0    0    0    0    0    0   1.050000e+01   1.500000e+01   3.500000e+01
     2182    0    0    0    0    0    0   5.166666e+00   1.500000e+01   4.000000e+01
     2183    0    0    0    0    0    0   1.033333e+01   1.500000e+01   4.000000e+01
     2184    0    0    0    0    0    0   5.083334e+00   1.500000e+01   4.500000e+01
     2185    0    0    0    0    0    0   1.016667e+01   1.500000e+01   4.500000e+01
     2186    0    0    0    0    0    0   5.000000e+00   1.500000e+01   5.000000e+01
     2187    0    0    0    0    0    0   1.000000e+01   1.500000e+01   5.000000e+01
     2188    0    0    0    0    0    0   4.916666e+00   1.500000e+01   5.500000e+01
     2189    0    0    0    0    0    0   9.833333e+00   1.500000e+01   5.500000e+01
     2190    0    0    0    0    0    0   4.833334e+00   1.500000e+01   6.000000e+01
     2191    0    0    0    0    0    0   9.666667e+00   1.500000e+01   6.000000e+01
     2192    0    0    0    0    0    0   4.750000e+00   1.500000e+01   6.500000e+01
     2193    0    0    0    0    0    0   9.500000e+00   1.500000e+01   6.500000e+01
     2194    0    0    0    0    0    0   4.666666e+00   1.500000e+01   7.000000e+01
     2195    0    0    0    0    0    0   9.333333e+00   1.500000e+01   7.000000e+01
     2196    0    0    0    0    0    0   4.583334e+00   1.500000e+01   7.500000e+01
     2197    0    0    0    0    0    0   9.166667e+00   1.500000e+01   7.500000e+01
     2198    0    0    0    0    0    0   4.500000e+00   1.500000e+01   8.000000e+01
     2199    0    0    0    0    0    0   9.000000e+00   1.500000e+01   8.000000e+01
     2200    0    0    0    0    0    0   4.416666e+00   1.500000e+01   8.500000e+01
     2201    0    0    0    0    0    0   8.833333e+00   1.500000e+01   8.500000e+01
     2202    0    0    0    0    0    0   4.333334e+00   1.500000e+01   9.000000e+01
     2203    0    0    0    0    0    0   8.666667e+00   1.500000e+01   9.000000e+01
     2204    0    0    0    0    0    0   4.250000e+00   1.500000e+01   9.500000e+01
     2205    0    0    0    0    0    0   8.500000e+00   1.500000e+01   9.500000e+01
     2206    0    0    0    0    0    0   4.166666e+00   1.500000e+01   1.000000e+02
     2207    0    0    0    0    0    0   8.333333e+00   1.500000e+01   1.000000e+02
     2208    0    0    0    0    0    0   4.083334e+00   1.500000e+01   1.050000e+02
     2209    0    0    0    0    0    0   8.166667e+00   1.500000e+01   1.050000e+02
     2210    0    0    0    0    0    0   4.000000e+00   1.500000e+01   1.100000e+02
     2211    0    0    0    0    0    0   8.000000e+00   1.500000e+01   1.100000e+02
     2212    0    0    0    0    0    0   3.916667e+00   1.500000e+01   1.150000e+02
     2213    0    0    0    0    0    0   7.833334e+00   1.500000e+01   1.150000e+02
     2214    0    0    0    0    0    0   3.833333e+00   1.500000e+01   1.200000e+02
     2215    0    0    0    0    0    0   7.666666e+00   1.500000e+01   1.200000e+02
     2216    0    0    0    0    0    0   3.750000e+00   1.500000e+01   1.250000e+02
     2217    0    0    0    0    0    0   7.500000e+00   1.500000e+01   1.250000e+02
     2218    0    0    0    0    0    0   3.666667e+00   1.500000e+01   1.300000e+02
     2219    0    0    0    0    0    0   7.333334e+00   1.500000e+01   1.300000e+02
     2220    0    0    0    0    0    0   3.583333e+00   1.500000e+01   1.350000e+02
     2221    0    0    0    0    0    0   7.166666e+00   1.500000e+01   1.350000e+02
     2222    0    0    0    0    0    0   3.500000e+00   1.500000e+01   1.400000e+02
     2223    0    0    0    0    0    0   7.000000e+00   1.500000e+01   1.400000e+02
     2224    0    0    0    0    0    0   3.416667e+00   1.500000e+01   1.450000e+02
     2225    0    0    0    0    0    0   6.833334e+00   1.500000e+01   1.450000e+02
     2226    0    0    0    0    0    0  -3.000000e+02   1.000000e+01  -3.000000e+01
     2227    0    0    0    0    0    0  -3.000000e+02  -1.000000e+01  -3.000000e+01
     2228    0    0    0    0    0    0  -3.000000e+02  -1.000000e+01   0.000000e+00
     2229    0    0    0    0    0    0  -3.000000e+02   1.000000e+01   0.000000e+00
     2230    0    0    0    0    0    0  -2.500000e+02  -1.000000e+01  -3.000000e+01
     2231    0    0    0    0    0    0  -2.500000e+02   1.000000e+01  -3.000000e+01
     2232    1    1    1    0    0    0  -3.000000e+02   1.000000e+01  -5.000000e+01
     2233    1    1    1    0    0    0  -3.000000e+02  -1.000000e+01  -5.000000e+01
     2234    1    1    1    0    0    0  -2.500000e+02   1.000000e+01  -5.000000e+01
     2235    1    1    1    0    0    0  -2.500000e+02  -1.000000e+01  -5.000000e+01
     2236    0    0    0    0    0    0  -3.000000e+02   5.000000e+00  -3.000000e+01
     2237    0    0    0    0    0    0  -3.000000e+02   0.000000e+00  -3.000000e+01
     2238    0    0    0    0    0    0  -3.000000e+02  -5.000000e+00  -3.000000e+01
     2239    0    0    0    0    0    0  -3.000000e+02  -1.000000e+01  -2.500000e+01
     2240    0    0    0    0    0    0  -3.000000e+02  -1.000000e+01  -2.000000e+01
     2241    0    0    0    0    0    0  -3.000000e+02  -1.000000e+01  -1.500000e+01
     2242    0    0    0    0    0    0  -3.000000e+02  -1.000000e+01  -1.000000e+01
     2243    0    0    0    0    0    0  -3.000000e+02  -1.000000e+01  -5.000000e+00
     2244    0    0    0    0    0    0  -3.000000e+02  -5.000000e+00   0.000000e+00
     2245    0    0    0    0    0    0  -3.000000e+02   0.000000e+00   0.000000e+00
     2246    0    0    0    0    0    0  -3.000000e+02   5.000000e+00   0.000000e+00
     2247    0    0    0    0    0    0  -3.000000e+02   1.000000e+01  -5.000000e+00
     2248    0    0    0    0    0    0  -3.000000e+02   1.000000e+01  -1.000000e+01
     2249    0    0    0    0    0    0  -3.000000e+02   1.000000e+01  -1.500000e+01
     2250    0    0    0    0    0    0  -3.000000e+02   1.000000e+01  -2.000000e+01
     2251    0    0    0    0    0    0  -3.000000e+02   1.000000e+01  -2.500000e+01
     2252    0    0    0    0    0    0  -2.500000e+02  -5.000000e+00  -3.000000e+01
     2253    0    0    0    0    0    0  -2.500000e+02   0.000000e+00  -3.000000e+01
     2254    0    0    0    0    0    0  -2.500000e+02   5.000000e+00  -3.000000e+01
     2255    0    0    0    0    0    0  -2.500000e+02  -1.000000e+01  -5.000000e+00
     2256    0    0    0    0    0    0  -2.500000e+02  -1.000000e+01  -1.000000e+01
     2257    0    0    0    0    0    0  -2.500000e+02  -1.000000e+01  -1.500000e+01
     2258    0    0    0    0    0    0  -2.500000e+02  -1.000000e+01  -2.000000e+01
     2259    0    0    0    0    0    0  -2.500000e+02  -1.000000e+01  -2.500000e+01
     2260    0    0    0    0    0    0  -2.500000e+02   1.000000e+01  -2.500000e+01
     2261    0    0    0    0    0    0  -2.500000e+02   1.000000e+01  -2.000000e+01
     2262    0    0    0    0    0    0  -2.500000e+02   1.000000e+01  -1.500000e+01
     2263    0    0    0    0    0    0  -2.500000e+02   1.000000e+01  -1.000000e+01
     2264    0    0    0    0    0    0  -2.500000e+02   1.000000e+01  -5.000000e+00
     2265    0    0    0    0    0    0  -2.950000e+02   1.000000e+01   0.000000e+00
     2266    0    0    0    0    0    0  -2.900000e+02   1.000000e+01   0.000000e+00
     2267    0    0    0    0    0    0  -2.850000e+02   1.000000e+01   0.000000e+00
     2268    0    0    0    0    0    0  -2.800000e+02   1.000000e+01   0.000000e+00
     2269    0    0    0    0    0    0  -2.750000e+02   1.000000e+01   0.000000e+00
     2270    0    0    0    0    0    0  -2.700000e+02   1.000000e+01   0.000000e+00
     2271    0    0    0    0    0    0  -2.650000e+02   1.000000e+01   0.000000e+00
     2272    0    0    0    0    0    0  -2.600000e+02   1.000000e+01   0.000000e+00
     2273    0    0    0    0    0    0  -2.550000e+02   1.000000e+01   0.000000e+00
     2274    0    0    0    0    0    0  -2.550000e+02   1.000000e+01  -3.000000e+01
     2275    0    0    0    0    0    0  -2.600000e+02   1.000000e+01  -3.000000e+01
     2276    0    0    0    0    0    0  -2.650000e+02   1.000000e+01  -3.000000e+01
     2277    0    0    0    0    0    0  -2.700000e+02   1.000000e+01  -3.000000e+01
     2278    0    0    0    0    0    0  -2.750000e+02   1.000000e+01  -3.000000e+01
     2279    0    0    0    0    0    0  -2.800000e+02   1.000000e+01  -3.000000e+01
     2280    0    0    0    0    0    0  -2.850000e+02   1.000000e+01  -3.000000e+01
     2281    0    0    0    0    0    0  -2.900000e+02   1.000000e+01  -3.000000e+01
     2282    0    0    0    0    0    0  -2.950000e+02   1.000000e+01  -3.000000e+01
     2283    0    0    0    0    0    0  -2.550000e+02  -1.000000e+01   0.000000e+00
     2284    0    0    0    0    0    0  -2.600000e+02  -1.000000e+01   0.000000e+00
     2285    0    0    0    0    0    0  -2.650000e+02  -1.000000e+01   0.000000e+00
     2286    0    0    0    0    0    0  -2.700000e+02  -1.000000e+01   0.000000e+00
     2287    0    0    0    0    0    0  -2.750000e+02  -1.000000e+01   0.000000e+00
     2288    0    0    0    0    0    0  -2.800000e+02  -1.000000e+01   0.000000e+00
     2289    0    0    0    0    0    0  -2.850000e+02  -1.000000e+01   0.000000e+00
     2290    0    0    0    0    0    0  -2.900000e+02  -1.000000e+01   0.000000e+00
     2291    0    0    0    0    0    0  -2.950000e+02  -1.000000e+01   0.000000e+00
     2292    0    0    0    0    0    0  -2.950000e+02  -1.000000e+01  -3.000000e+01
     2293    0    0    0    0    0    0  -2.900000e+02  -1.000000e+01  -3.000000e+01
     2294    0    0    0    0    0    0  -2.850000e+02  -1.000000e+01  -3.000000e+01
     2295    0    0    0    0    0    0  -2.800000e+02  -1.000000e+01  -3.000000e+01
     2296    0    0    0    0    0    0  -2.750000e+02  -1.000000e+01  -3.000000e+01
     2297    0    0    0    0    0    0  -2.700000e+02  -1.000000e+01  -3.000000e+01
     2298    0    0    0    0    0    0  -2.650000e+02  -1.000000e+01  -3.000000e+01
     2299    0    0    0    0    0    0  -2.600000e+02  -1.000000e+01  -3.000000e+01
     2300    0    0    0    0    0    0  -2.550000e+02  -1.000000e+01  -3.000000e+01
     2301    0    0    0    0    0    0  -3.000000e+02   1.000000e+01  -3.500000e+01
     2302    0    0    0    0    0    0  -3.000000e+02   1.000000e+01  -4.000000e+01
     2303    0    0    0    0    0    0  -3.000000e+02   1.000000e+01  -4.500000e+01
     2304    1    1    1    0    0    0  -3.000000e+02   5.000000e+00  -5.000000e+01
     2305    1    1    1    0    0    0  -3.000000e+02   0.000000e+00  -5.000000e+01
     2306    1    1    1    0    0    0  -3.000000e+02  -5.000000e+00  -5.000000e+01
     2307    0    0    0    0    0    0  -3.000000e+02  -1.000000e+01  -4.500000e+01
     2308    0    0    0    0    0    0  -3.000000e+02  -1.000000e+01  -4.000000e+01
     2309    0    0    0    0    0    0  -3.000000e+02  -1.000000e+01  -3.500000e+01
     2310    0    0    0    0    0    0  -2.500000e+02   1.000000e+01  -4.500000e+01
     2311    0    0    0    0    0    0  -2.500000e+02   1.000000e+01  -4.000000e+01
     2312    0    0    0    0    0    0  -2.500000e+02   1.000000e+01  -3.500000e+01
     2313    1    1    1    0    0    0  -2.500000e+02  -5.000000e+00  -5.000000e+01
     2314    1    1    1    0    0    0  -2.500000e+02   0.000000e+00  -5.000000e+01
     2315    1    1    1    0    0    0  -2.500000e+02   5.000000e+00  -5.000000e+01
     2316    0    0    0    0    0    0  -2.500000e+02  -1.000000e+01  -3.500000e+01
     2317    0    0    0    0    0    0  -2.500000e+02  -1.000000e+01  -4.000000e+01
     2318    0    0    0    0    0    0  -2.500000e+02  -1.000000e+01  -4.500000e+01
     2319    1    1    1    0    0    0  -2.950000e+02  -1.000000e+01  -5.000000e+01
     2320    1    1    1    0    0    0  -2.900000e+02  -1.000000e+01  -5.000000e+01
     2321    1    1    1    0    0    0  -2.850000e+02  -1.000000e+01  -5.000000e+01
     2322    1    1    1    0    0    0  -2.800000e+02  -1.000000e+01  -5.000000e+01
     2323    1    1    1    0    0    0  -2.750000e+02  -1.000000e+01  -5.000000e+01
     2324    1    1    1    0    0    0  -2.700000e+02  -1.000000e+01  -5.000000e+01
     2325    1    1    1    0    0    0  -2.650000e+02  -1.000000e+01  -5.000000e+01
     2326    1    1    1    0    0    0  -2.600000e+02  -1.000000e+01  -5.000000e+01
     2327    1    1    1    0    0    0  -2.550000e+02  -1.000000e+01  -5.000000e+01
     2328    1    1    1    0    0    0  -2.550000e+02   1.000000e+01  -5.000000e+01
     2329    1    1    1    0    0    0  -2.600000e+02   1.000000e+01  -5.000000e+01
     2330    1    1    1    0    0    0  -2.650000e+02   1.000000e+01  -5.000000e+01
     2331    1    1    1    0    0    0  -2.700000e+02   1.000000e+01  -5.000000e+01
     2332    1    1    1    0    0    0  -2.750000e+02   1.000000e+01  -5.000000e+01
     2333    1    1    1    0    0    0  -2.800000e+02   1.000000e+01  -5.000000e+01
     2334    1    1    1    0    0    0  -2.850000e+02   1.000000e+01  -5.000000e+01
     2335    1    1    1    0    0    0  -2.900000e+02   1.000000e+01  -5.000000e+01
     2336    1    1    1    0    0    0  -2.950000e+02   1.000000e+01  -5.000000e+01
     2337    0    0    0    0    0    0  -3.000000e+02   5.000000e+00  -2.500000e+01
     2338    0    0    0    0    0    0  -3.000000e+02   0.000000e+00  -2.500000e+01
     2339    0    0    0    0    0    0  -3.000000e+02  -5.000000e+00  -2.500000e+01
     2340    0    0    0    0    0    0  -3.000000e+02   5.000000e+00  -2.000000e+01
     2341    0    0    0    0    0    0  -3.000000e+02   0.000000e+00  -2.000000e+01
     2342    0    0    0    0    0    0  -3.000000e+02  -5.000000e+00  -2.000000e+01
     2343    0    0    0    0    0    0  -3.000000e+02   5.000000e+00  -1.500000e+01
     2344    0    0    0    0    0    0  -3.000000e+02   0.000000e+00  -1.500000e+01
     2345    0    0    0    0    0    0  -3.000000e+02  -5.000000e+00  -1.500000e+01
     2346    0    0    0    0    0    0  -3.000000e+02   5.000000e+00  -1.000000e+01
     2347    0    0    0    0    0    0  -3.000000e+02   0.000000e+00  -1.000000e+01
     2348    0    0    0    0    0    0  -3.000000e+02  -5.000000e+00  -1.000000e+01
     2349    0    0    0    0    0    0  -3.000000e+02   5.000000e+00  -5.000000e+00
     2350    0    0    0    0    0    0  -3.000000e+02   0.000000e+00  -5.000000e+00
     2351    0    0    0    0    0    0  -3.000000e+02  -5.000000e+00  -5.000000e+00
     2352    0    0    0    0    0    0  -2.500000e+02   5.000000e+00  -2.500000e+01
     2353    0    0    0    0    0    0  -2.500000e+02   0.000000e+00  -2.500000e+01
     2354    0    0    0    0    0    0  -2.500000e+02  -5.000000e+00  -2.500000e+01
     2355    0    0    0    0    0    0  -2.500000e+02   5.000000e+00  -2.000000e+01
     2356    0    0    0    0    0    0  -2.500000e+02   0.000000e+00  -2.000000e+01
     2357    0    0    0    0    0    0  -2.500000e+02  -5.000000e+00  -2.000000e+01
     2358    0    0    0    0    0    0  -2.500000e+02   5.000000e+00  -1.500000e+01
     2359    0    0    0    0    0    0  -2.500000e+02   0.000000e+00  -1.500000e+01
     2360    0    0    0    0    0    0  -2.500000e+02  -5.000000e+00  -1.500000e+01
     2361    0    0    0    0    0    0  -2.500000e+02   5.000000e+00  -1.000000e+01
     2362    0    0    0    0    0    0  -2.500000e+02   0.000000e+00  -1.000000e+01
     2363    0    0    0    0    0    0  -2.500000e+02  -5.000000e+00  -1.000000e+01
     2364    0    0    0    0    0    0  -2.500000e+02   5.000000e+00  -5.000000e+00
     2365    0    0    0    0    0    0  -2.500000e+02   0.000000e+00  -5.000000e+00
     2366    0    0    0    0    0    0  -2.500000e+02  -5.000000e+00  -5.000000e+00
     2367    0    0    0    0    0    0  -2.950000e+02   1.000000e+01  -2.500000e+01
     2368    0    0    0    0    0    0  -2.950000e+02   1.000000e+01  -2.000000e+01
     2369    0    0    0    0    0    0  -2.950000e+02   1.000000e+01  -1.500000e+01
     2370    0    0    0    0    0    0  -2.950000e+02   1.000000e+01  -1.000000e+01
     2371    0    0    0    0    0    0  -2.950000e+02   1.000000e+01  -5.000000e+00
     2372    0    0    0    0    0    0  -2.900000e+02   1.000000e+01  -2.500000e+01
     2373    0    0    0    0    0    0  -2.900000e+02   1.000000e+01  -2.000000e+01
     2374    0    0    0    0    0    0  -2.900000e+02   1.000000e+01  -1.500000e+01
     2375    0    0    0    0    0    0  -2.900000e+02   1.000000e+01  -1.000000e+01
     2376    0    0    0    0    0    0  -2.900000e+02   1.000000e+01  -5.000000e+00
     2377    0    0    0    0    0    0  -2.850000e+02   1.000000e+01  -2.500000e+01
     2378    0    0    0    0    0    0  -2.850000e+02   1.000000e+01  -2.000000e+01
     2379    0    0    0    0    0    0  -2.850000e+02   1.000000e+01  -1.500000e+01
     2380    0    0    0    0    0    0  -2.850000e+02   1.000000e+01  -1.000000e+01
     2381    0    0    0    0    0    0  -2.850000e+02   1.000000e+01  -5.000000e+00
     2382    0    0    0    0    0    0  -2.800000e+02   1.000000e+01  -2.500000e+01
     2383    0    0    0    0    0    0  -2.800000e+02   1.000000e+01  -2.000000e+01
     2384    0    0    0    0    0    0  -2.800000e+02   1.000000e+01  -1.500000e+01
     2385    0    0    0    0    0    0  -2.800000e+02   1.000000e+01  -1.000000e+01
     2386    0    0    0    0    0    0  -2.800000e+02   1.000000e+01  -5.000000e+00
     2387    0    0    0    0    0    0  -2.750000e+02   1.000000e+01  -2.500000e+01
     2388    0    0    0    0    0    0  -2.750000e+02   1.000000e+01  -2.000000e+01
     2389    0    0    0    0    0    0  -2.750000e+02   1.000000e+01  -1.500000e+01
     2390    0    0    0    0    0    0  -2.750000e+02   1.000000e+01  -1.000000e+01
     2391    0    0    0    0    0    0  -2.750000e+02   1.000000e+01  -5.000000e+00
     2392    0    0    0    0    0    0  -2.700000e+02   1.000000e+01  -2.500000e+01
     2393    0    0    0    0    0    0  -2.700000e+02   1.000000e+01  -2.000000e+01
     2394    0    0    0    0    0    0  -2.700000e+02   1.000000e+01  -1.500000e+01
     2395    0    0    0    0    0    0  -2.700000e+02   1.000000e+01  -1.000000e+01
     2396    0    0    0    0    0    0  -2.700000e+02   1.000000e+01  -5.000000e+00
     2397    0    0    0    0    0    0  -2.650000e+02   1.000000e+01  -2.500000e+01
     2398    0    0    0    0    0    0  -2.650000e+02   1.000000e+01  -2.000000e+01
     2399    0    0    0    0    0    0  -2.650000e+02   1.000000e+01  -1.500000e+01
     2400    0    0    0    0    0    0  -2.650000e+02   1.000000e+01  -1.000000e+01
     2401    0    0    0    0    0    0  -2.650000e+02   1.000000e+01  -5.000000e+00
     2402    0    0    0    0    0    0  -2.600000e+02   1.000000e+01  -2.500000e+01
     2403    0    0    0    0    0    0  -2.600000e+02   1.000000e+01  -2.000000e+01
     2404    0    0    0    0    0    0  -2.600000e+02   1.000000e+01  -1.500000e+01
     2405    0    0    0    0    0    0  -2.600000e+02   1.000000e+01  -1.000000e+01
     2406    0    0    0    0    0    0  -2.600000e+02   1.000000e+01  -5.000000e+00
     2407    0    0    0    0    0    0  -2.550000e+02   1.000000e+01  -2.500000e+01
     2408    0    0    0    0    0    0  -2.550000e+02   1.000000e+01  -2.000000e+01
     2409    0    0    0    0    0    0  -2.550000e+02   1.000000e+01  -1.500000e+01
     2410    0    0    0    0    0    0  -2.550000e+02   1.000000e+01  -1.000000e+01
     2411    0    0    0    0    0    0  -2.550000e+02   1.000000e+01  -5.000000e+00
     2412    0    0    0    0    0    0  -2.950000e+02  -1.000000e+01  -2.500000e+01
     2413    0    0    0    0    0    0  -2.950000e+02  -1.000000e+01  -2.000000e+01
     2414    0    0    0    0    0    0  -2.950000e+02  -1.000000e+01  -1.500000e+01
     2415    0    0    0    0    0    0  -2.950000e+02  -1.000000e+01  -1.000000e+01
     2416    0    0    0    0    0    0  -2.950000e+02  -1.000000e+01  -5.000000e+00
     2417    0    0    0    0    0    0  -2.900000e+02  -1.000000e+01  -2.500000e+01
     2418    0    0    0    0    0    0  -2.900000e+02  -1.000000e+01  -2.000000e+01
     2419    0    0    0    0    0    0  -2.900000e+02  -1.000000e+01  -1.500000e+01
     2420    0    0    0    0    0    0  -2.900000e+02  -1.000000e+01  -1.000000e+01
     2421    0    0    0    0    0    0  -2.900000e+02  -1.000000e+01  -5.000000e+00
     2422    0    0    0    0    0    0  -2.850000e+02  -1.000000e+01  -2.500000e+01
     2423    0    0    0    0    0    0  -2.850000e+02  -1.000000e+01  -2.000000e+01
     2424    0    0    0    0    0    0  -2.850000e+02  -1.000000e+01  -1.500000e+01
     2425    0    0    0    0    0    0  -2.850000e+02  -1.000000e+01  -1.000000e+01
     2426    0    0    0    0    0    0  -2.850000e+02  -1.000000e+01  -5.000000e+00
     2427    0    0    0    0    0    0  -2.800000e+02  -1.000000e+01  -2.500000e+01
     2428    0    0    0    0    0    0  -2.800000e+02  -1.000000e+01  -2.000000e+01
     2429    0    0    0    0    0    0  -2.800000e+02  -1.000000e+01  -1.500000e+01
     2430    0    0    0    0    0    0  -2.800000e+02  -1.000000e+01  -1.000000e+01
     2431    0    0    0    0    0    0  -2.800000e+02  -1.000000e+01  -5.000000e+00
     2432    0    0    0    0    0    0  -2.750000e+02  -1.000000e+01  -2.500000e+01
     2433    0    0    0    0    0    0  -2.750000e+02  -1.000000e+01  -2.000000e+01
     2434    0    0    0    0    0    0  -2.750000e+02  -1.000000e+01  -1.500000e+01
     2435    0    0    0    0    0    0  -2.750000e+02  -1.000000e+01  -1.000000e+01
     2436    0    0    0    0    0    0  -2.750000e+02  -1.000000e+01  -5.000000e+00
     2437    0    0    0    0    0    0  -2.700000e+02  -1.000000e+01  -2.500000e+01
     2438    0    0    0    0    0    0  -2.700000e+02  -1.000000e+01  -2.000000e+01
     2439    0    0    0    0    0    0  -2.700000e+02  -1.000000e+01  -1.500000e+01
     2440    0    0    0    0    0    0  -2.700000e+02  -1.000000e+01  -1.000000e+01
     2441    0    0    0    0    0    0  -2.700000e+02  -1.000000e+01  -5.000000e+00
     2442    0    0    0    0    0    0  -2.650000e+02  -1.000000e+01  -2.500000e+01
     2443    0    0    0    0    0    0  -2.650000e+02  -1.000000e+01  -2.000000e+01
     2444    0    0    0    0    0    0  -2.650000e+02  -1.000000e+01  -1.500000e+01
     2445    0    0    0    0    0    0  -2.650000e+02  -1.000000e+01  -1.000000e+01
     2446    0    0    0    0    0    0  -2.650000e+02  -1.000000e+01  -5.000000e+00
     2447    0    0    0    0    0    0  -2.600000e+02  -1.000000e+01  -2.500000e+01
     2448    0    0    0    0    0    0  -2.600000e+02  -1.000000e+01  -2.000000e+01
     2449    0    0    0    0    0    0  -2.600000e+02  -1.000000e+01  -1.500000e+01
     2450    0    0    0    0    0    0  -2.600000e+02  -1.000000e+01  -1.000000e+01
     2451    0    0    0    0    0    0  -2.600000e+02  -1.000000e+01  -5.000000e+00
     2452    0    0    0    0    0    0  -2.550000e+02  -1.000000e+01  -2.500000e+01
     2453    0    0    0    0    0    0  -2.550000e+02  -1.000000e+01  -2.000000e+01
     2454    0    0    0    0    0    0  -2.550000e+02  -1.000000e+01  -1.500000e+01
     2455    0    0    0    0    0    0  -2.550000e+02  -1.000000e+01  -1.000000e+01
     2456    0    0    0    0    0    0  -2.550000e+02  -1.000000e+01  -5.000000e+00
     2457    0    0    0    0    0    0  -2.950000e+02   5.000000e+00  -3.000000e+01
     2458    0    0    0    0    0    0  -2.950000e+02   0.000000e+00  -3.000000e+01
     2459    0    0    0    0    0    0  -2.950000e+02  -5.000000e+00  -3.000000e+01
     2460    0    0    0    0    0    0  -2.900000e+02   5.000000e+00  -3.000000e+01
     2461    0    0    0    0    0    0  -2.900000e+02   0.000000e+00  -3.000000e+01
     2462    0    0    0    0    0    0  -2.900000e+02  -5.000000e+00  -3.000000e+01
     2463    0    0    0    0    0    0  -2.850000e+02   5.000000e+00  -3.000000e+01
     2464    0    0    0    0    0    0  -2.850000e+02   0.000000e+00  -3.000000e+01
     2465    0    0    0    0    0    0  -2.850000e+02  -5.000000e+00  -3.000000e+01
     2466    0    0    0    0    0    0  -2.800000e+02   5.000000e+00  -3.000000e+01
     2467    0    0    0    0    0    0  -2.800000e+02   0.000000e+00  -3.000000e+01
     2468    0    0    0    0    0    0  -2.800000e+02  -5.000000e+00  -3.000000e+01
     2469    0    0    0    0    0    0  -2.750000e+02   5.000000e+00  -3.000000e+01
     2470    0    0    0    0    0    0  -2.750000e+02   0.000000e+00  -3.000000e+01
     2471    0    0    0    0    0    0  -2.750000e+02  -5.000000e+00  -3.000000e+01
     2472    0    0    0    0    0    0  -2.700000e+02   5.000000e+00  -3.000000e+01
     2473    0    0    0    0    0    0  -2.700000e+02   0.000000e+00  -3.000000e+01
     2474    0    0    0    0    0    0  -2.700000e+02  -5.000000e+00  -3.000000e+01
     2475    0    0    0    0    0    0  -2.650000e+02   5.000000e+00  -3.000000e+01
     2476    0    0    0    0    0    0  -2.650000e+02   0.000000e+00  -3.000000e+01
     2477    0    0    0    0    0    0  -2.650000e+02  -5.000000e+00  -3.000000e+01
     2478    0    0    0    0    0    0  -2.600000e+02   5.000000e+00  -3.000000e+01
     2479    0    0    0    0    0    0  -2.600000e+02   0.000000e+00  -3.000000e+01
     2480    0    0    0    0    0    0  -2.600000e+02  -5.000000e+00  -3.000000e+01
     2481    0    0    0    0    0    0  -2.550000e+02   5.000000e+00  -3.000000e+01
     2482    0    0    0    0    0    0  -2.550000e+02   0.000000e+00  -3.000000e+01
     2483    0    0    0    0    0    0  -2.550000e+02  -5.000000e+00  -3.000000e+01
     2484    0    0    0    0    0    0  -2.950000e+02   5.000000e+00   0.000000e+00
     2485    0    0    0    0    0    0  -2.950000e+02   0.000000e+00   0.000000e+00
     2486    0    0    0    0    0    0  -2.950000e+02  -5.000000e+00   0.000000e+00
     2487    0    0    0    0    0    0  -2.900000e+02   5.000000e+00   0.000000e+00
     2488    0    0    0    0    0    0  -2.900000e+02   0.000000e+00   0.000000e+00
     2489    0    0    0    0    0    0  -2.900000e+02  -5.000000e+00   0.000000e+00
     2490    0    0    0    0    0    0  -2.850000e+02   5.000000e+00   0.000000e+00
     2491    0    0    0    0    0    0  -2.850000e+02   0.000000e+00   0.000000e+00
     2492    0    0    0    0    0    0  -2.850000e+02  -5.000000e+00   0.000000e+00
     2493    0    0    0    0    0    0  -2.800000e+02   5.000000e+00   0.000000e+00
     2494    0    0    0    0    0    0  -2.800000e+02   0.000000e+00   0.000000e+00
     2495    0    0    0    0    0    0  -2.800000e+02  -5.000000e+00   0.000000e+00
     2496    0    0    0    0    0    0  -2.750000e+02   5.000000e+00   0.000000e+00
     2497    0    0    0    0    0    0  -2.750000e+02   0.000000e+00   0.000000e+00
     2498    0    0    0    0    0    0  -2.750000e+02  -5.000000e+00   0.000000e+00
     2499    0    0    0    0    0    0  -2.700000e+02   5.000000e+00   0.000000e+00
     2500    0    0    0    0    0    0  -2.700000e+02   0.000000e+00   0.000000e+00
     2501    0    0    0    0    0    0  -2.700000e+02  -5.000000e+00   0.000000e+00
     2502    0    0    0    0    0    0  -2.650000e+02   5.000000e+00   0.000000e+00
     2503    0    0    0    0    0    0  -2.650000e+02   0.000000e+00   0.000000e+00
     2504    0    0    0    0    0    0  -2.650000e+02  -5.000000e+00   0.000000e+00
     2505    0    0    0    0    0    0  -2.600000e+02   5.000000e+00   0.000000e+00
     2506    0    0    0    0    0    0  -2.600000e+02   0.000000e+00   0.000000e+00
     2507    0    0    0    0    0    0  -2.600000e+02  -5.000000e+00   0.000000e+00
     2508    0    0    0    0    0    0  -2.550000e+02   5.000000e+00   0.000000e+00
     2509    0    0    0    0    0    0  -2.550000e+02   0.000000e+00   0.000000e+00
     2510    0    0    0    0    0    0  -2.550000e+02  -5.000000e+00   0.000000e+00
     2511    0    0    0    0    0    0  -3.000000e+02  -5.000000e+00  -3.500000e+01
     2512    0    0    0    0    0    0  -3.000000e+02   0.000000e+00  -3.500000e+01
     2513    0    0    0    0    0    0  -3.000000e+02   5.000000e+00  -3.500000e+01
     2514    0    0    0    0    0    0  -3.000000e+02  -5.000000e+00  -4.000000e+01
     2515    0    0    0    0    0    0  -3.000000e+02   0.000000e+00  -4.000000e+01
     2516    0    0    0    0    0    0  -3.000000e+02   5.000000e+00  -4.000000e+01
     2517    0    0    0    0    0    0  -3.000000e+02  -5.000000e+00  -4.500000e+01
     2518    0    0    0    0    0    0  -3.000000e+02   0.000000e+00  -4.500000e+01
     2519    0    0    0    0    0    0  -3.000000e+02   5.000000e+00  -4.500000e+01
     2520    0    0    0    0    0    0  -2.500000e+02  -5.000000e+00  -3.500000e+01
     2521    0    0    0    0    0    0  -2.500000e+02   0.000000e+00  -3.500000e+01
     2522    0    0    0    0    0    0  -2.500000e+02   5.000000e+00  -3.500000e+01
     2523    0    0    0    0    0    0  -2.500000e+02  -5.000000e+00  -4.000000e+01
     2524    0    0    0    0    0    0  -2.500000e+02   0.000000e+00  -4.000000e+01
     2525    0    0    0    0    0    0  -2.500000e+02   5.000000e+00  -4.000000e+01
     2526    0    0    0    0    0    0  -2.500000e+02  -5.000000e+00  -4.500000e+01
     2527    0    0    0    0    0    0  -2.500000e+02   0.000000e+00  -4.500000e+01
     2528    0    0    0    0    0    0  -2.500000e+02   5.000000e+00  -4.500000e+01
     2529    0    0    0    0    0    0  -2.950000e+02  -1.000000e+01  -3.500000e+01
     2530    0    0    0    0    0    0  -2.950000e+02  -1.000000e+01  -4.000000e+01
     2531    0    0    0    0    0    0  -2.950000e+02  -1.000000e+01  -4.500000e+01
     2532    0    0    0    0    0    0  -2.900000e+02  -1.000000e+01  -3.500000e+01
     2533    0    0    0    0    0    0  -2.900000e+02  -1.000000e+01  -4.000000e+01
     2534    0    0    0    0    0    0  -2.900000e+02  -1.000000e+01  -4.500000e+01
     2535    0    0    0    0    0    0  -2.850000e+02  -1.000000e+01  -3.500000e+01
     2536    0    0    0    0    0    0  -2.850000e+02  -1.000000e+01  -4.000000e+01
     2537    0    0    0    0    0    0  -2.850000e+02  -1.000000e+01  -4.500000e+01
     2538    0    0    0    0    0    0  -2.800000e+02  -1.000000e+01  -3.500000e+01
     2539    0    0    0    0    0    0  -2.800000e+02  -1.000000e+01  -4.000000e+01
     2540    0    0    0    0    0    0  -2.800000e+02  -1.000000e+01  -4.500000e+01
     2541    0    0    0    0    0    0  -2.750000e+02  -1.000000e+01  -3.500000e+01
     2542    0    0    0    0    0    0  -2.750000e+02  -1.000000e+01  -4.000000e+01
     2543    0    0    0    0    0    0  -2.750000e+02  -1.000000e+01  -4.500000e+01
     2544    0    0    0    0    0    0  -2.700000e+02  -1.000000e+01  -3.500000e+01
     2545    0    0    0    0    0    0  -2.700000e+02  -1.000000e+01  -4.000000e+01
     2546    0    0    0    0    0    0  -2.700000e+02  -1.000000e+01  -4.500000e+01
     2547    0    0    0    0    0    0  -2.650000e+02  -1.000000e+01  -3.500000e+01
     2548    0    0    0    0    0    0  -2.650000e+02  -1.000000e+01  -4.000000e+01
     2549    0    0    0    0    0    0  -2.650000e+02  -1.000000e+01  -4.500000e+01
     2550    0    0    0    0    0    0  -2.600000e+02  -1.000000e+01  -3.500000e+01
     2551    0    0    0    0    0    0  -2.600000e+02  -1.000000e+01  -4.000000e+01
     2552    0    0    0    0    0    0  -2.600000e+02  -1.000000e+01  -4.500000e+01
     2553    0    0    0    0    0    0  -2.550000e+02  -1.000000e+01  -3.500000e+01
     2554    0    0    0    0    0    0  -2.550000e+02  -1.000000e+01  -4.000000e+01
     2555    0    0    0    0    0    0  -2.550000e+02  -1.000000e+01  -4.500000e+01
     2556    0    0    0    0    0    0  -2.950000e+02   1.000000e+01  -3.500000e+01
     2557    0    0    0    0    0    0  -2.950000e+02   1.000000e+01  -4.000000e+01
     2558    0    0    0    0    0    0  -2.950000e+02   1.000000e+01  -4.500000e+01
     2559    0    0    0    0    0    0  -2.900000e+02   1.000000e+01  -3.500000e+01
     2560    0    0    0    0    0    0  -2.900000e+02   1.000000e+01  -4.000000e+01
     2561    0    0    0    0    0    0  -2.900000e+02   1.000000e+01  -4.500000e+01
     2562    0    0    0    0    0    0  -2.850000e+02   1.000000e+01  -3.500000e+01
     2563    0    0    0    0    0    0  -2.850000e+02   1.000000e+01  -4.000000e+01
     2564    0    0    0    0    0    0  -2.850000e+02   1.000000e+01  -4.500000e+01
     2565    0    0    0    0    0    0  -2.800000e+02   1.000000e+01  -3.500000e+01
     2566    0    0    0    0    0    0  -2.800000e+02   1.000000e+01  -4.000000e+01
     2567    0    0    0    0    0    0  -2.800000e+02   1.000000e+01  -4.500000e+01
     2568    0    0    0    0    0    0  -2.750000e+02   1.000000e+01  -3.500000e+01
     2569    0    0    0    0    0    0  -2.750000e+02   1.000000e+01  -4.000000e+01
     2570    0    0    0    0    0    0  -2.750000e+02   1.000000e+01  -4.500000e+01
     2571    0    0    0    0    0    0  -2.700000e+02   1.000000e+01  -3.500000e+01
     2572    0    0    0    0    0    0  -2.700000e+02   1.000000e+01  -4.000000e+01
     2573    0    0    0    0    0    0  -2.700000e+02   1.000000e+01  -4.500000e+01
     2574    0    0    0    0    0    0  -2.650000e+02   1.000000e+01  -3.500000e+01
     2575    0    0    0    0    0    0  -2.650000e+02   1.000000e+01  -4.000000e+01
     2576    0    0    0    0    0    0  -2.650000e+02   1.000000e+01  -4.500000e+01
     2577    0    0    0    0    0    0  -2.600000e+02   1.000000e+01  -3.500000e+01
     2578    0    0    0    0    0    0  -2.600000e+02   1.000000e+01  -4.000000e+01
     2579    0    0    0    0    0    0  -2.600000e+02   1.000000e+01  -4.500000e+01
     2580    0    0    0    0    0    0  -2.550000e+02   1.000000e+01  -3.500000e+01
     2581    0    0    0    0    0    0  -2.550000e+02   1.000000e+01  -4.000000e+01
     2582    0    0    0    0    0    0  -2.550000e+02   1.000000e+01  -4.500000e+01
     2583    1    1    1    0    0    0  -2.950000e+02  -5.000000e+00  -5.000000e+01
     2584    1    1    1    0    0    0  -2.950000e+02   0.000000e+00  -5.000000e+01
     2585    1    1    1    0    0    0  -2.950000e+02   5.000000e+00  -5.000000e+01
     2586    1    1    1    0    0    0  -2.900000e+02  -5.000000e+00  -5.000000e+01
     2587    1    1    1    0    0    0  -2.900000e+02   0.000000e+00  -5.000000e+01
     2588    1    1    1    0    0    0  -2.900000e+02   5.000000e+00  -5.000000e+01
     2589    1    1    1    0    0    0  -2.850000e+02  -5.000000e+00  -5.000000e+01
     2590    1    1    1    0    0    0  -2.850000e+02   0.000000e+00  -5.000000e+01
     2591    1    1    1    0    0    0  -2.850000e+02   5.000000e+00  -5.000000e+01
     2592    1    1    1    0    0    0  -2.800000e+02  -5.000000e+00  -5.000000e+01
     2593    1    1    1    0    0    0  -2.800000e+02   0.000000e+00  -5.000000e+01
     2594    1    1    1    0    0    0  -2.800000e+02   5.000000e+00  -5.000000e+01
     2595    1    1    1    0    0    0  -2.750000e+02  -5.000000e+00  -5.000000e+01
     2596    1    1    1    0    0    0  -2.750000e+02   0.000000e+00  -5.000000e+01
     2597    1    1    1    0    0    0  -2.750000e+02   5.000000e+00  -5.000000e+01
     2598    1    1    1    0    0    0  -2.700000e+02  -5.000000e+00  -5.000000e+01
     2599    1    1    1    0    0    0  -2.700000e+02   0.000000e+00  -5.000000e+01
     2600    1    1    1    0    0    0  -2.700000e+02   5.000000e+00  -5.000000e+01
     2601    1    1    1    0    0    0  -2.650000e+02  -5.000000e+00  -5.000000e+01
     2602    1    1    1    0    0    0  -2.650000e+02   0.000000e+00  -5.000000e+01
     2603    1    1    1    0    0    0  -2.650000e+02   5.000000e+00  -5.000000e+01
     2604    1    1    1    0    0    0  -2.600000e+02  -5.000000e+00  -5.000000e+01
     2605    1    1    1    0    0    0  -2.600000e+02   0.000000e+00  -5.000000e+01
     2606    1    1    1    0    0    0  -2.600000e+02   5.000000e+00  -5.000000e+01
     2607    1    1    1    0    0    0  -2.550000e+02  -5.000000e+00  -5.000000e+01
     2608    1    1    1    0    0    0  -2.550000e+02   0.000000e+00  -5.000000e+01
     2609    1    1    1    0    0    0  -2.550000e+02   5.000000e+00  -5.000000e+01
     2610    0    0    0    0    0    0  -2.950000e+02   5.000000e+00  -2.500000e+01
     2611    0    0    0    0    0    0  -2.950000e+02   0.000000e+00  -2.500000e+01
     2612    0    0    0    0    0    0  -2.950000e+02  -5.000000e+00  -2.500000e+01
     2613    0    0    0    0    0    0  -2.950000e+02   5.000000e+00  -2.000000e+01
     2614    0    0    0    0    0    0  -2.950000e+02   0.000000e+00  -2.000000e+01
     2615    0    0    0    0    0    0  -2.950000e+02  -5.000000e+00  -2.000000e+01
     2616    0    0    0    0    0    0  -2.950000e+02   5.000000e+00  -1.500000e+01
     2617    0    0    0    0    0    0  -2.950000e+02   0.000000e+00  -1.500000e+01
     2618    0    0    0    0    0    0  -2.950000e+02  -5.000000e+00  -1.500000e+01
     2619    0    0    0    0    0    0  -2.950000e+02   5.000000e+00  -1.000000e+01
     2620    0    0    0    0    0    0  -2.950000e+02   0.000000e+00  -1.000000e+01
     2621    0    0    0    0    0    0  -2.950000e+02  -5.000000e+00  -1.000000e+01
     2622    0    0    0    0    0    0  -2.950000e+02   5.000000e+00  -5.000000e+00
     2623    0    0    0    0    0    0  -2.950000e+02   0.000000e+00  -5.000000e+00
     2624    0    0    0    0    0    0  -2.950000e+02  -5.000000e+00  -5.000000e+00
     2625    0    0    0    0    0    0  -2.900000e+02   5.000000e+00  -2.500000e+01
     2626    0    0    0    0    0    0  -2.900000e+02   0.000000e+00  -2.500000e+01
     2627    0    0    0    0    0    0  -2.900000e+02  -5.000000e+00  -2.500000e+01
     2628    0    0    0    0    0    0  -2.900000e+02   5.000000e+00  -2.000000e+01
     2629    0    0    0    0    0    0  -2.900000e+02   0.000000e+00  -2.000000e+01
     2630    0    0    0    0    0    0  -2.900000e+02  -5.000000e+00  -2.000000e+01
     2631    0    0    0    0    0    0  -2.900000e+02   5.000000e+00  -1.500000e+01
     2632    0    0    0    0    0    0  -2.900000e+02   0.000000e+00  -1.500000e+01
     2633    0    0    0    0    0    0  -2.900000e+02  -5.000000e+00  -1.500000e+01
     2634    0    0    0    0    0    0  -2.900000e+02   5.000000e+00  -1.000000e+01
     2635    0    0    0    0    0    0  -2.900000e+02   0.000000e+00  -1.000000e+01
     2636    0    0    0    0    0    0  -2.900000e+02  -5.000000e+00  -1.000000e+01
     2637    0    0    0    0    0    0  -2.900000e+02   5.000000e+00  -5.000000e+00
     2638    0    0    0    0    0    0  -2.900000e+02   0.000000e+00  -5.000000e+00
     2639    0    0    0    0    0    0  -2.900000e+02  -5.000000e+00  -5.000000e+00
     2640    0    0    0    0    0    0  -2.850000e+02   5.000000e+00  -2.500000e+01
     2641    0    0    0    0    0    0  -2.850000e+02   0.000000e+00  -2.500000e+01
     2642    0    0    0    0    0    0  -2.850000e+02  -5.000000e+00  -2.500000e+01
     2643    0    0    0    0    0    0  -2.850000e+02   5.000000e+00  -2.000000e+01
     2644    0    0    0    0    0    0  -2.850000e+02   0.000000e+00  -2.000000e+01
     2645    0    0    0    0    0    0  -2.850000e+02  -5.000000e+00  -2.000000e+01
     2646    0    0    0    0    0    0  -2.850000e+02   5.000000e+00  -1.500000e+01
     2647    0    0    0    0    0    0  -2.850000e+02   0.000000e+00  -1.500000e+01
     2648    0    0    0    0    0    0  -2.850000e+02  -5.000000e+00  -1.500000e+01
     2649    0    0    0    0    0    0  -2.850000e+02   5.000000e+00  -1.000000e+01
     2650    0    0    0    0    0    0  -2.850000e+02   0.000000e+00  -1.000000e+01
     2651    0    0    0    0    0    0  -2.850000e+02  -5.000000e+00  -1.000000e+01
     2652    0    0    0    0    0    0  -2.850000e+02   5.000000e+00  -5.000000e+00
     2653    0    0    0    0    0    0  -2.850000e+02   0.000000e+00  -5.000000e+00
     2654    0    0    0    0    0    0  -2.850000e+02  -5.000000e+00  -5.000000e+00
     2655    0    0    0    0    0    0  -2.800000e+02   5.000000e+00  -2.500000e+01
     2656    0    0    0    0    0    0  -2.800000e+02   0.000000e+00  -2.500000e+01
     2657    0    0    0    0    0    0  -2.800000e+02  -5.000000e+00  -2.500000e+01
     2658    0    0    0    0    0    0  -2.800000e+02   5.000000e+00  -2.000000e+01
     2659    0    0    0    0    0    0  -2.800000e+02   0.000000e+00  -2.000000e+01
     2660    0    0    0    0    0    0  -2.800000e+02  -5.000000e+00  -2.000000e+01
     2661    0    0    0    0    0    0  -2.800000e+02   5.000000e+00  -1.500000e+01
     2662    0    0    0    0    0    0  -2.800000e+02   0.000000e+00  -1.500000e+01
     2663    0    0    0    0    0    0  -2.800000e+02  -5.000000e+00  -1.500000e+01
     2664    0    0    0    0    0    0  -2.800000e+02   5.000000e+00  -1.000000e+01
     2665    0    0    0    0    0    0  -2.800000e+02   0.000000e+00  -1.000000e+01
     2666    0    0    0    0    0    0  -2.800000e+02  -5.000000e+00  -1.000000e+01
     2667    0    0    0    0    0    0  -2.800000e+02   5.000000e+00  -5.000000e+00
     2668    0    0    0    0    0    0  -2.800000e+02   0.000000e+00  -5.000000e+00
     2669    0    0    0    0    0    0  -2.800000e+02  -5.000000e+00  -5.000000e+00
     2670    0    0    0    0    0    0  -2.750000e+02   5.000000e+00  -2.500000e+01
     2671    0    0    0    0    0    0  -2.750000e+02   0.000000e+00  -2.500000e+01
     2672    0    0    0    0    0    0  -2.750000e+02  -5.000000e+00  -2.500000e+01
     2673    0    0    0    0    0    0  -2.750000e+02   5.000000e+00  -2.000000e+01
     2674    0    0    0    0    0    0  -2.750000e+02   0.000000e+00  -2.000000e+01
     2675    0    0    0    0    0    0  -2.750000e+02  -5.000000e+00  -2.000000e+01
     2676    0    0    0    0    0    0  -2.750000e+02   5.000000e+00  -1.500000e+01
     2677    0    0    0    0    0    0  -2.750000e+02   0.000000e+00  -1.500000e+01
     2678    0    0    0    0    0    0  -2.750000e+02  -5.000000e+00  -1.500000e+01
     2679    0    0    0    0    0    0  -2.750000e+02   5.000000e+00  -1.000000e+01
     2680    0    0    0    0    0    0  -2.750000e+02   0.000000e+00  -1.000000e+01
     2681    0    0    0    0    0    0  -2.750000e+02  -5.000000e+00  -1.000000e+01
     2682    0    0    0    0    0    0  -2.750000e+02   5.000000e+00  -5.000000e+00
     2683    0    0    0    0    0    0  -2.750000e+02   0.000000e+00  -5.000000e+00
     2684    0    0    0    0    0    0  -2.750000e+02  -5.000000e+00  -5.000000e+00
     2685    0    0    0    0    0    0  -2.700000e+02   5.000000e+00  -2.500000e+01
     2686    0    0    0    0    0    0  -2.700000e+02   0.000000e+00  -2.500000e+01
     2687    0    0    0    0    0    0  -2.700000e+02  -5.000000e+00  -2.500000e+01
     2688    0    0    0    0    0    0  -2.700000e+02   5.000000e+00  -2.000000e+01
     2689    0    0    0    0    0    0  -2.700000e+02   0.000000e+00  -2.000000e+01
     2690    0    0    0    0    0    0  -2.700000e+02  -5.000000e+00  -2.000000e+01
     2691    0    0    0    0    0    0  -2.700000e+02   5.000000e+00  -1.500000e+01
     2692    0    0    0    0    0    0  -2.700000e+02   0.000000e+00  -1.500000e+01
     2693    0    0    0    0    0    0  -2.700000e+02  -5.000000e+00  -1.500000e+01
     2694    0    0    0    0    0    0  -2.700000e+02   5.000000e+00  -1.000000e+01
     2695    0    0    0    0    0    0  -2.700000e+02   0.000000e+00  -1.000000e+01
     2696    0    0    0    0    0    0  -2.700000e+02  -5.000000e+00  -1.000000e+01
     2697    0    0    0    0    0    0  -2.700000e+02   5.000000e+00  -5.000000e+00
     2698    0    0    0    0    0    0  -2.700000e+02   0.000000e+00  -5.000000e+00
     2699    0    0    0    0    0    0  -2.700000e+02  -5.000000e+00  -5.000000e+00
     2700    0    0    0    0    0    0  -2.650000e+02   5.000000e+00  -2.500000e+01
     2701    0    0    0    0    0    0  -2.650000e+02   0.000000e+00  -2.500000e+01
     2702    0    0    0    0    0    0  -2.650000e+02  -5.000000e+00  -2.500000e+01
     2703    0    0    0    0    0    0  -2.650000e+02   5.000000e+00  -2.000000e+01
     2704    0    0    0    0    0    0  -2.650000e+02   0.000000e+00  -2.000000e+01
     2705    0    0    0    0    0    0  -2.650000e+02  -5.000000e+00  -2.000000e+01
     2706    0    0    0    0    0    0  -2.650000e+02   5.000000e+00  -1.500000e+01
     2707    0    0    0    0    0    0  -2.650000e+02   0.000000e+00  -1.500000e+01
     2708    0    0    0    0    0    0  -2.650000e+02  -5.000000e+00  -1.500000e+01
     2709    0    0    0    0    0    0  -2.650000e+02   5.000000e+00  -1.000000e+01
     2710    0    0    0    0    0    0  -2.650000e+02   0.000000e+00  -1.000000e+01
     2711    0    0    0    0    0    0  -2.650000e+02  -5.000000e+00  -1.000000e+01
     2712    0    0    0    0    0    0  -2.650000e+02   5.000000e+00  -5.000000e+00
     2713    0    0    0    0    0    0  -2.650000e+02   0.000000e+00  -5.000000e+00
     2714    0    0    0    0    0    0  -2.650000e+02  -5.000000e+00  -5.000000e+00
     2715    0    0    0    0    0    0  -2.600000e+02   5.000000e+00  -2.500000e+01
     2716    0    0    0    0    0    0  -2.600000e+02   0.000000e+00  -2.500000e+01
     2717    0    0    0    0    0    0  -2.600000e+02  -5.000000e+00  -2.500000e+01
     2718    0    0    0    0    0    0  -2.600000e+02   5.000000e+00  -2.000000e+01
     2719    0    0    0    0    0    0  -2.600000e+02   0.000000e+00  -2.000000e+01
     2720    0    0    0    0    0    0  -2.600000e+02  -5.000000e+00  -2.000000e+01
     2721    0    0    0    0    0    0  -2.600000e+02   5.000000e+00  -1.500000e+01
     2722    0    0    0    0    0    0  -2.600000e+02   0.000000e+00  -1.500000e+01
     2723    0    0    0    0    0    0  -2.600000e+02  -5.000000e+00  -1.500000e+01
     2724    0    0    0    0    0    0  -2.600000e+02   5.000000e+00  -1.000000e+01
     2725    0    0    0    0    0    0  -2.600000e+02   0.000000e+00  -1.000000e+01
     2726    0    0    0    0    0    0  -2.600000e+02  -5.000000e+00  -1.000000e+01
     2727    0    0    0    0    0    0  -2.600000e+02   5.000000e+00  -5.000000e+00
     2728    0    0    0    0    0    0  -2.600000e+02   0.000000e+00  -5.000000e+00
     2729    0    0    0    0    0    0  -2.600000e+02  -5.000000e+00  -5.000000e+00
     2730    0    0    0    0    0    0  -2.550000e+02   5.000000e+00  -2.500000e+01
     2731    0    0    0    0    0    0  -2.550000e+02   0.000000e+00  -2.500000e+01
     2732    0    0    0    0    0    0  -2.550000e+02  -5.000000e+00  -2.500000e+01
     2733    0    0    0    0    0    0  -2.550000e+02   5.000000e+00  -2.000000e+01
     2734    0    0    0    0    0    0  -2.550000e+02   0.000000e+00  -2.000000e+01
     2735    0    0    0    0    0    0  -2.550000e+02  -5.000000e+00  -2.000000e+01
     2736    0    0    0    0    0    0  -2.550000e+02   5.000000e+00  -1.500000e+01
     2737    0    0    0    0    0    0  -2.550000e+02   0.000000e+00  -1.500000e+01
     2738    0    0    0    0    0    0  -2.550000e+02  -5.000000e+00  -1.500000e+01
     2739    0    0    0    0    0    0  -2.550000e+02   5.000000e+00  -1.000000e+01
     2740    0    0    0    0    0    0  -2.550000e+02   0.000000e+00  -1.000000e+01
     2741    0    0    0    0    0    0  -2.550000e+02  -5.000000e+00  -1.000000e+01
     2742    0    0    0    0    0    0  -2.550000e+02   5.000000e+00  -5.000000e+00
     2743    0    0    0    0    0    0  -2.550000e+02   0.000000e+00  -5.000000e+00
     2744    0    0    0    0    0    0  -2.550000e+02  -5.000000e+00  -5.000000e+00
     2745    0    0    0    0    0    0  -2.950000e+02  -5.000000e+00  -3.500000e+01
     2746    0    0    0    0    0    0  -2.950000e+02   0.000000e+00  -3.500000e+01
     2747    0    0    0    0    0    0  -2.950000e+02   5.000000e+00  -3.500000e+01
     2748    0    0    0    0    0    0  -2.950000e+02  -5.000000e+00  -4.000000e+01
     2749    0    0    0    0    0    0  -2.950000e+02   0.000000e+00  -4.000000e+01
     2750    0    0    0    0    0    0  -2.950000e+02   5.000000e+00  -4.000000e+01
     2751    0    0    0    0    0    0  -2.950000e+02  -5.000000e+00  -4.500000e+01
     2752    0    0    0    0    0    0  -2.950000e+02   0.000000e+00  -4.500000e+01
     2753    0    0    0    0    0    0  -2.950000e+02   5.000000e+00  -4.500000e+01
     2754    0    0    0    0    0    0  -2.900000e+02  -5.000000e+00  -3.500000e+01
     2755    0    0    0    0    0    0  -2.900000e+02   0.000000e+00  -3.500000e+01
     2756    0    0    0    0    0    0  -2.900000e+02   5.000000e+00  -3.500000e+01
     2757    0    0    0    0    0    0  -2.900000e+02  -5.000000e+00  -4.000000e+01
     2758    0    0    0    0    0    0  -2.900000e+02   0.000000e+00  -4.000000e+01
     2759    0    0    0    0    0    0  -2.900000e+02   5.000000e+00  -4.000000e+01
     2760    0    0    0    0    0    0  -2.900000e+02  -5.000000e+00  -4.500000e+01
     2761    0    0    0    0    0    0  -2.900000e+02   0.000000e+00  -4.500000e+01
     2762    0    0    0    0    0    0  -2.900000e+02   5.000000e+00  -4.500000e+01
     2763    0    0    0    0    0    0  -2.850000e+02  -5.000000e+00  -3.500000e+01
     2764    0    0    0    0    0    0  -2.850000e+02   0.000000e+00  -3.500000e+01
     2765    0    0    0    0    0    0  -2.850000e+02   5.000000e+00  -3.500000e+01
     2766    0    0    0    0    0    0  -2.850000e+02  -5.000000e+00  -4.000000e+01
     2767    0    0    0    0    0    0  -2.850000e+02   0.000000e+00  -4.000000e+01
     2768    0    0    0    0    0    0  -2.850000e+02   5.000000e+00  -4.000000e+01
     2769    0    0    0    0    0    0  -2.850000e+02  -5.000000e+00  -4.500000e+01
     2770    0    0    0    0    0    0  -2.850000e+02   0.000000e+00  -4.500000e+01
     2771    0    0    0    0    0    0  -2.850000e+02   5.000000e+00  -4.500000e+01
     2772    0    0    0    0    0    0  -2.800000e+02  -5.000000e+00  -3.500000e+01
     2773    0    0    0    0    0    0  -2.800000e+02   0.000000e+00  -3.500000e+01
     2774    0    0    0    0    0    0  -2.800000e+02   5.000000e+00  -3.500000e+01
     2775    0    0    0    0    0    0  -2.800000e+02  -5.000000e+00  -4.000000e+01
     2776    0    0    0    0    0    0  -2.800000e+02   0.000000e+00  -4.000000e+01
     2777    0    0    0    0    0    0  -2.800000e+02   5.000000e+00  -4.000000e+01
     2778    0    0    0    0    0    0  -2.800000e+02  -5.000000e+00  -4.500000e+01
     2779    0    0    0    0    0    0  -2.800000e+02   0.000000e+00  -4.500000e+01
     2780    0    0    0    0    0    0  -2.800000e+02   5.000000e+00  -4.500000e+01
     2781    0    0    0    0    0    0  -2.750000e+02  -5.000000e+00  -3.500000e+01
     2782    0    0    0    0    0    0  -2.750000e+02   0.000000e+00  -3.500000e+01
     2783    0    0    0    0    0    0  -2.750000e+02   5.000000e+00  -3.500000e+01
     2784    0    0    0    0    0    0  -2.750000e+02  -5.000000e+00  -4.000000e+01
     2785    0    0    0    0    0    0  -2.750000e+02   0.000000e+00  -4.000000e+01
     2786    0    0    0    0    0    0  -2.750000e+02   5.000000e+00  -4.000000e+01
     2787    0    0    0    0    0    0  -2.750000e+02  -5.000000e+00  -4.500000e+01
     2788    0    0    0    0    0    0  -2.750000e+02   0.000000e+00  -4.500000e+01
     2789    0    0    0    0    0    0  -2.750000e+02   5.000000e+00  -4.500000e+01
     2790    0    0    0    0    0    0  -2.700000e+02  -5.000000e+00  -3.500000e+01
     2791    0    0    0    0    0    0  -2.700000e+02   0.000000e+00  -3.500000e+01
     2792    0    0    0    0    0    0  -2.700000e+02   5.000000e+00  -3.500000e+01
     2793    0    0    0    0    0    0  -2.700000e+02  -5.000000e+00  -4.000000e+01
     2794    0    0    0    0    0    0  -2.700000e+02   0.000000e+00  -4.000000e+01
     2795    0    0    0    0    0    0  -2.700000e+02   5.000000e+00  -4.000000e+01
     2796    0    0    0    0    0    0  -2.700000e+02  -5.000000e+00  -4.500000e+01
     2797    0    0    0    0    0    0  -2.700000e+02   0.000000e+00  -4.500000e+01
     2798    0    0    0    0    0    0  -2.700000e+02   5.000000e+00  -4.500000e+01
     2799    0    0    0    0    0    0  -2.650000e+02  -5.000000e+00  -3.500000e+01
     2800    0    0    0    0    0    0  -2.650000e+02   0.000000e+00  -3.500000e+01
     2801    0    0    0    0    0    0  -2.650000e+02   5.000000e+00  -3.500000e+01
     2802    0    0    0    0    0    0  -2.650000e+02  -5.000000e+00  -4.000000e+01
     2803    0    0    0    0    0    0  -2.650000e+02   0.000000e+00  -4.000000e+01
     2804    0    0    0    0    0    0  -2.650000e+02   5.000000e+00  -4.000000e+01
     2805    0    0    0    0    0    0  -2.650000e+02  -5.000000e+00  -4.500000e+01
     2806    0    0    0    0    0    0  -2.650000e+02   0.000000e+00  -4.500000e+01
     2807    0    0    0    0    0    0  -2.650000e+02   5.000000e+00  -4.500000e+01
     2808    0    0    0    0    0    0  -2.600000e+02  -5.000000e+00  -3.500000e+01
     2809    0    0    0    0    0    0  -2.600000e+02   0.000000e+00  -3.500000e+01
     2810    0    0    0    0    0    0  -2.600000e+02   5.000000e+00  -3.500000e+01
     2811    0    0    0    0    0    0  -2.600000e+02  -5.000000e+00  -4.000000e+01
     2812    0    0    0    0    0    0  -2.600000e+02   0.000000e+00  -4.000000e+01
     2813    0    0    0    0    0    0  -2.600000e+02   5.000000e+00  -4.000000e+01
     2814    0    0    0    0    0    0  -2.600000e+02  -5.000000e+00  -4.500000e+01
     2815    0    0    0    0    0    0  -2.600000e+02   0.000000e+00  -4.500000e+01
     2816    0    0    0    0    0    0  -2.600000e+02   5.000000e+00  -4.500000e+01
     2817    0    0    0    0    0    0  -2.550000e+02  -5.000000e+00  -3.500000e+01
     2818    0    0    0    0    0    0  -2.550000e+02   0.000000e+00  -3.500000e+01
     2819    0    0    0    0    0    0  -2.550000e+02   5.000000e+00  -3.500000e+01
     2820    0    0    0    0    0    0  -2.550000e+02  -5.000000e+00  -4.000000e+01
     2821    0    0    0    0    0    0  -2.550000e+02   0.000000e+00  -4.000000e+01
     2822    0    0    0    0    0    0  -2.550000e+02   5.000000e+00  -4.000000e+01
     2823    0    0    0    0    0    0  -2.550000e+02  -5.000000e+00  -4.500000e+01
     2824    0    0    0    0    0    0  -2.550000e+02   0.000000e+00  -4.500000e+01
     2825    0    0    0    0    0    0  -2.550000e+02   5.000000e+00  -4.500000e+01
     2826    0    0    0    0    0    0   2.500000e+02   1.000000e+01  -3.000000e+01
     2827    0    0    0    0    0    0   2.500000e+02  -1.000000e+01  -3.000000e+01
     2828    0    0    0    0    0    0   3.000000e+02  -1.000000e+01  -3.000000e+01
     2829    0    0    0    0    0    0   3.000000e+02  -1.000000e+01   0.000000e+00
     2830    0    0    0    0    0    0   3.000000e+02   1.000000e+01   0.000000e+00
     2831    0    0    0    0    0    0   3.000000e+02   1.000000e+01  -3.000000e+01
     2832    1    1    1    0    0    0   2.500000e+02   1.000000e+01  -5.000000e+01
     2833    1    1    1    0    0    0   2.500000e+02  -1.000000e+01  -5.000000e+01
     2834    1    1    1    0    0    0   3.000000e+02   1.000000e+01  -5.000000e+01
     2835    1    1    1    0    0    0   3.000000e+02  -1.000000e+01  -5.000000e+01
     2836    0    0    0    0    0    0   2.500000e+02   5.000000e+00  -3.000000e+01
     2837    0    0    0    0    0    0   2.500000e+02   0.000000e+00  -3.000000e+01
     2838    0    0    0    0    0    0   2.500000e+02  -5.000000e+00  -3.000000e+01
     2839    0    0    0    0    0    0   2.500000e+02  -1.000000e+01  -2.500000e+01
     2840    0    0    0    0    0    0   2.500000e+02  -1.000000e+01  -2.000000e+01
     2841    0    0    0    0    0    0   2.500000e+02  -1.000000e+01  -1.500000e+01
     2842    0    0    0    0    0    0   2.500000e+02  -1.000000e+01  -1.000000e+01
     2843    0    0    0    0    0    0   2.500000e+02  -1.000000e+01  -5.000000e+00
     2844    0    0    0    0    0    0   2.500000e+02   1.000000e+01  -5.000000e+00
     2845    0    0    0    0    0    0   2.500000e+02   1.000000e+01  -1.000000e+01
     2846    0    0    0    0    0    0   2.500000e+02   1.000000e+01  -1.500000e+01
     2847    0    0    0    0    0    0   2.500000e+02   1.000000e+01  -2.000000e+01
     2848    0    0    0    0    0    0   2.500000e+02   1.000000e+01  -2.500000e+01
     2849    0    0    0    0    0    0   3.000000e+02  -5.000000e+00  -3.000000e+01
     2850    0    0    0    0    0    0   3.000000e+02   0.000000e+00  -3.000000e+01
     2851    0    0    0    0    0    0   3.000000e+02   5.000000e+00  -3.000000e+01
     2852    0    0    0    0    0    0   3.000000e+02  -1.000000e+01  -5.000000e+00
     2853    0    0    0    0    0    0   3.000000e+02  -1.000000e+01  -1.000000e+01
     2854    0    0    0    0    0    0   3.000000e+02  -1.000000e+01  -1.500000e+01
     2855    0    0    0    0    0    0   3.000000e+02  -1.000000e+01  -2.000000e+01
     2856    0    0    0    0    0    0   3.000000e+02  -1.000000e+01  -2.500000e+01
     2857    0    0    0    0    0    0   3.000000e+02   5.000000e+00   0.000000e+00
     2858    0    0    0    0    0    0   3.000000e+02   0.000000e+00   0.000000e+00
     2859    0    0    0    0    0    0   3.000000e+02  -5.000000e+00   0.000000e+00
     2860    0    0    0    0    0    0   3.000000e+02   1.000000e+01  -2.500000e+01
     2861    0    0    0    0    0    0   3.000000e+02   1.000000e+01  -2.000000e+01
     2862    0    0    0    0    0    0   3.000000e+02   1.000000e+01  -1.500000e+01
     2863    0    0    0    0    0    0   3.000000e+02   1.000000e+01  -1.000000e+01
     2864    0    0    0    0    0    0   3.000000e+02   1.000000e+01  -5.000000e+00
     2865    0    0    0    0    0    0   2.550000e+02   1.000000e+01   0.000000e+00
     2866    0    0    0    0    0    0   2.600000e+02   1.000000e+01   0.000000e+00
     2867    0    0    0    0    0    0   2.650000e+02   1.000000e+01   0.000000e+00
     2868    0    0    0    0    0    0   2.700000e+02   1.000000e+01   0.000000e+00
     2869    0    0    0    0    0    0   2.750000e+02   1.000000e+01   0.000000e+00
     2870    0    0    0    0    0    0   2.800000e+02   1.000000e+01   0.000000e+00
     2871    0    0    0    0    0    0   2.850000e+02   1.000000e+01   0.000000e+00
     2872    0    0    0    0    0    0   2.900000e+02   1.000000e+01   0.000000e+00
     2873    0    0    0    0    0    0   2.950000e+02   1.000000e+01   0.000000e+00
     2874    0    0    0    0    0    0   2.950000e+02   1.000000e+01  -3.000000e+01
     2875    0    0    0    0    0    0   2.900000e+02   1.000000e+01  -3.000000e+01
     2876    0    0    0    0    0    0   2.850000e+02   1.000000e+01  -3.000000e+01
     2877    0    0    0    0    0    0   2.800000e+02   1.000000e+01  -3.000000e+01
     2878    0    0    0    0    0    0   2.750000e+02   1.000000e+01  -3.000000e+01
     2879    0    0    0    0    0    0   2.700000e+02   1.000000e+01  -3.000000e+01
     2880    0    0    0    0    0    0   2.650000e+02   1.000000e+01  -3.000000e+01
     2881    0    0    0    0    0    0   2.600000e+02   1.000000e+01  -3.000000e+01
     2882    0    0    0    0    0    0   2.550000e+02   1.000000e+01  -3.000000e+01
     2883    0    0    0    0    0    0   2.950000e+02  -1.000000e+01   0.000000e+00
     2884    0    0    0    0    0    0   2.900000e+02  -1.000000e+01   0.000000e+00
     2885    0    0    0    0    0    0   2.850000e+02  -1.000000e+01   0.000000e+00
     2886    0    0    0    0    0    0   2.800000e+02  -1.000000e+01   0.000000e+00
     2887    0    0    0    0    0    0   2.750000e+02  -1.000000e+01   0.000000e+00
     2888    0    0    0    0    0    0   2.700000e+02  -1.000000e+01   0.000000e+00
     2889    0    0    0    0    0    0   2.650000e+02  -1.000000e+01   0.000000e+00
     2890    0    0    0    0    0    0   2.600000e+02  -1.000000e+01   0.000000e+00
     2891    0    0    0    0    0    0   2.550000e+02  -1.000000e+01   0.000000e+00
     2892    0    0    0    0    0    0   2.550000e+02  -1.000000e+01  -3.000000e+01
     2893    0    0    0    0    0    0   2.600000e+02  -1.000000e+01  -3.000000e+01
     2894    0    0    0    0    0    0   2.650000e+02  -1.000000e+01  -3.000000e+01
     2895    0    0    0    0    0    0   2.700000e+02  -1.000000e+01  -3.000000e+01
     2896    0    0    0    0    0    0   2.750000e+02  -1.000000e+01  -3.000000e+01
     2897    0    0    0    0    0    0   2.800000e+02  -1.000000e+01  -3.000000e+01
     2898    0    0    0    0    0    0   2.850000e+02  -1.000000e+01  -3.000000e+01
     2899    0    0    0    0    0    0   2.900000e+02  -1.000000e+01  -3.000000e+01
     2900    0    0    0    0    0    0   2.950000e+02  -1.000000e+01  -3.000000e+01
     2901    0    0    0    0    0    0   2.500000e+02   1.000000e+01  -3.500000e+01
     2902    0    0    0    0    0    0   2.500000e+02   1.000000e+01  -4.000000e+01
     2903    0    0    0    0    0    0   2.500000e+02   1.000000e+01  -4.500000e+01
     2904    1    1    1    0    0    0   2.500000e+02   5.000000e+00  -5.000000e+01
     2905    1    1    1    0    0    0   2.500000e+02   0.000000e+00  -5.000000e+01
     2906    1    1    1    0    0    0   2.500000e+02  -5.000000e+00  -5.000000e+01
     2907    0    0    0    0    0    0   2.500000e+02  -1.000000e+01  -4.500000e+01
     2908    0    0    0    0    0    0   2.500000e+02  -1.000000e+01  -4.000000e+01
     2909    0    0    0    0    0    0   2.500000e+02  -1.000000e+01  -3.500000e+01
     2910    0    0    0    0    0    0   3.000000e+02   1.000000e+01  -4.500000e+01
     2911    0    0    0    0    0    0   3.000000e+02   1.000000e+01  -4.000000e+01
     2912    0    0    0    0    0    0   3.000000e+02   1.000000e+01  -3.500000e+01
     2913    1    1    1    0    0    0   3.000000e+02  -5.000000e+00  -5.000000e+01
     2914    1    1    1    0    0    0   3.000000e+02   0.000000e+00  -5.000000e+01
     2915    1    1    1    0    0    0   3.000000e+02   5.000000e+00  -5.000000e+01
     2916    0    0    0    0    0    0   3.000000e+02  -1.000000e+01  -3.500000e+01
     2917    0    0    0    0    0    0   3.000000e+02  -1.000000e+01  -4.000000e+01
     2918    0    0    0    0    0    0   3.000000e+02  -1.000000e+01  -4.500000e+01
     2919    1    1    1    0    0    0   2.550000e+02  -1.000000e+01  -5.000000e+01
     2920    1    1    1    0    0    0   2.600000e+02  -1.000000e+01  -5.000000e+01
     2921    1    1    1    0    0    0   2.650000e+02  -1.000000e+01  -5.000000e+01
     2922    1    1    1    0    0    0   2.700000e+02  -1.000000e+01  -5.000000e+01
     2923    1    1    1    0    0    0   2.750000e+02  -1.000000e+01  -5.000000e+01
     2924    1    1    1    0    0    0   2.800000e+02  -1.000000e+01  -5.000000e+01
     2925    1    1    1    0    0    0   2.850000e+02  -1.000000e+01  -5.000000e+01
     2926    1    1    1    0    0    0   2.900000e+02  -1.000000e+01  -5.000000e+01
     2927    1    1    1    0    0    0   2.950000e+02  -1.000000e+01  -5.000000e+01
     2928    1    1    1    0    0    0   2.950000e+02   1.000000e+01  -5.000000e+01
     2929    1    1    1    0    0    0   2.900000e+02   1.000000e+01  -5.000000e+01
     2930    1    1    1    0    0    0   2.850000e+02   1.000000e+01  -5.000000e+01
     2931    1    1    1    0    0    0   2.800000e+02   1.000000e+01  -5.000000e+01
     2932    1    1    1    0    0    0   2.750000e+02   1.000000e+01  -5.000000e+01
     2933    1    1    1    0    0    0   2.700000e+02   1.000000e+01  -5.000000e+01
     2934    1    1    1    0    0    0   2.650000e+02   1.000000e+01  -5.000000e+01
     2935    1    1    1    0    0    0   2.600000e+02   1.000000e+01  -5.000000e+01
     2936    1    1    1    0    0    0   2.550000e+02   1.000000e+01  -5.000000e+01
     2937    0    0    0    0    0    0   2.500000e+02   5.000000e+00  -2.500000e+01
     2938    0    0    0    0    0    0   2.500000e+02   0.000000e+00  -2.500000e+01
     2939    0    0    0    0    0    0   2.500000e+02  -5.000000e+00  -2.500000e+01
     2940    0    0    0    0    0    0   2.500000e+02   5.000000e+00  -2.000000e+01
     2941    0    0    0    0    0    0   2.500000e+02   0.000000e+00  -2.000000e+01
     2942    0    0    0    0    0    0   2.500000e+02  -5.000000e+00  -2.000000e+01
     2943    0    0    0    0    0    0   2.500000e+02   5.000000e+00  -1.500000e+01
     2944    0    0    0    0    0    0   2.500000e+02   0.000000e+00  -1.500000e+01
     2945    0    0    0    0    0    0   2.500000e+02  -5.000000e+00  -1.500000e+01
     2946    0    0    0    0    0    0   2.500000e+02   5.000000e+00  -1.000000e+01
     2947    0    0    0    0    0    0   2.500000e+02   0.000000e+00  -1.000000e+01
     2948    0    0    0    0    0    0   2.500000e+02  -5.000000e+00  -1.000000e+01
     2949    0    0    0    0    0    0   2.500000e+02   5.000000e+00  -5.000000e+00
     2950    0    0    0    0    0    0   2.500000e+02   0.000000e+00  -5.000000e+00
     2951    0    0    0    0    0    0   2.500000e+02  -5.000000e+00  -5.000000e+00
     2952    0    0    0    0    0    0   3.000000e+02   5.000000e+00  -2.500000e+01
     2953    0    0    0    0    0    0   3.000000e+02   0.000000e+00  -2.500000e+01
     2954    0    0    0    0    0    0   3.000000e+02  -5.000000e+00  -2.500000e+01
     2955    0    0    0    0    0    0   3.000000e+02   5.000000e+00  -2.000000e+01
     2956    0    0    0    0    0    0   3.000000e+02   0.000000e+00  -2.000000e+01
     2957    0    0    0    0    0    0   3.000000e+02  -5.000000e+00  -2.000000e+01
     2958    0    0    0    0    0    0   3.000000e+02   5.000000e+00  -1.500000e+01
     2959    0    0    0    0    0    0   3.000000e+02   0.000000e+00  -1.500000e+01
     2960    0    0    0    0    0    0   3.000000e+02  -5.000000e+00  -1.500000e+01
     2961    0    0    0    0    0    0   3.000000e+02   5.000000e+00  -1.000000e+01
     2962    0    0    0    0    0    0   3.000000e+02   0.000000e+00  -1.000000e+01
     2963    0    0    0    0    0    0   3.000000e+02  -5.000000e+00  -1.000000e+01
     2964    0    0    0    0    0    0   3.000000e+02   5.000000e+00  -5.000000e+00
     2965    0    0    0    0    0    0   3.000000e+02   0.000000e+00  -5.000000e+00
     2966    0    0    0    0    0    0   3.000000e+02  -5.000000e+00  -5.000000e+00
     2967    0    0    0    0    0    0   2.550000e+02   1.000000e+01  -2.500000e+01
     2968    0    0    0    0    0    0   2.550000e+02   1.000000e+01  -2.000000e+01
     2969    0    0    0    0    0    0   2.550000e+02   1.000000e+01  -1.500000e+01
     2970    0    0    0    0    0    0   2.550000e+02   1.000000e+01  -1.000000e+01
     2971    0    0    0    0    0    0   2.550000e+02   1.000000e+01  -5.000000e+00
     2972    0    0    0    0    0    0   2.600000e+02   1.000000e+01  -2.500000e+01
     2973    0    0    0    0    0    0   2.600000e+02   1.000000e+01  -2.000000e+01
     2974    0    0    0    0    0    0   2.600000e+02   1.000000e+01  -1.500000e+01
     2975    0    0    0    0    0    0   2.600000e+02   1.000000e+01  -1.000000e+01
     2976    0    0    0    0    0    0   2.600000e+02   1.000000e+01  -5.000000e+00
     2977    0    0    0    0    0    0   2.650000e+02   1.000000e+01  -2.500000e+01
     2978    0    0    0    0    0    0   2.650000e+02   1.000000e+01  -2.000000e+01
     2979    0    0    0    0    0    0   2.650000e+02   1.000000e+01  -1.500000e+01
     2980    0    0    0    0    0    0   2.650000e+02   1.000000e+01  -1.000000e+01
     2981    0    0    0    0    0    0   2.650000e+02   1.000000e+01  -5.000000e+00
     2982    0    0    0    0    0    0   2.700000e+02   1.000000e+01  -2.500000e+01
     2983    0    0    0    0    0    0   2.700000e+02   1.000000e+01  -2.000000e+01
     2984    0    0    0    0    0    0   2.700000e+02   1.000000e+01  -1.500000e+01
     2985    0    0    0    0    0    0   2.700000e+02   1.000000e+01  -1.000000e+01
     2986    0    0    0    0    0    0   2.700000e+02   1.000000e+01  -5.000000e+00
     2987    0    0    0    0    0    0   2.750000e+02   1.000000e+01  -2.500000e+01
     2988    0    0    0    0    0    0   2.750000e+02   1.000000e+01  -2.000000e+01
     2989    0    0    0    0    0    0   2.750000e+02   1.000000e+01  -1.500000e+01
     2990    0    0    0    0    0    0   2.750000e+02   1.000000e+01  -1.000000e+01
     2991    0    0    0    0    0    0   2.750000e+02   1.000000e+01  -5.000000e+00
     2992    0    0    0    0    0    0   2.800000e+02   1.000000e+01  -2.500000e+01
     2993    0    0    0    0    0    0   2.800000e+02   1.000000e+01  -2.000000e+01
     2994    0    0    0    0    0    0   2.800000e+02   1.000000e+01  -1.500000e+01
     2995    0    0    0    0    0    0   2.800000e+02   1.000000e+01  -1.000000e+01
     2996    0    0    0    0    0    0   2.800000e+02   1.000000e+01  -5.000000e+00
     2997    0    0    0    0    0    0   2.850000e+02   1.000000e+01  -2.500000e+01
     2998    0    0    0    0    0    0   2.850000e+02   1.000000e+01  -2.000000e+01
     2999    0    0    0    0    0    0   2.850000e+02   1.000000e+01  -1.500000e+01
     3000    0    0    0    0    0    0   2.850000e+02   1.000000e+01  -1.000000e+01
     3001    0    0    0    0    0    0   2.850000e+02   1.000000e+01  -5.000000e+00
     3002    0    0    0    0    0    0   2.900000e+02   1.000000e+01  -2.500000e+01
     3003    0    0    0    0    0    0   2.900000e+02   1.000000e+01  -2.000000e+01
     3004    0    0    0    0    0    0   2.900000e+02   1.000000e+01  -1.500000e+01
     3005    0    0    0    0    0    0   2.900000e+02   1.000000e+01  -1.000000e+01
     3006    0    0    0    0    0    0   2.900000e+02   1.000000e+01  -5.000000e+00
     3007    0    0    0    0    0    0   2.950000e+02   1.000000e+01  -2.500000e+01
     3008    0    0    0    0    0    0   2.950000e+02   1.000000e+01  -2.000000e+01
     3009    0    0    0    0    0    0   2.950000e+02   1.000000e+01  -1.500000e+01
     3010    0    0    0    0    0    0   2.950000e+02   1.000000e+01  -1.000000e+01
     3011    0    0    0    0    0    0   2.950000e+02   1.000000e+01  -5.000000e+00
     3012    0    0    0    0    0    0   2.550000e+02  -1.000000e+01  -2.500000e+01
     3013    0    0    0    0    0    0   2.550000e+02  -1.000000e+01  -2.000000e+01
     3014    0    0    0    0    0    0   2.550000e+02  -1.000000e+01  -1.500000e+01
     3015    0    0    0    0    0    0   2.550000e+02  -1.000000e+01  -1.000000e+01
     3016    0    0    0    0    0    0   2.550000e+02  -1.000000e+01  -5.000000e+00
     3017    0    0    0    0    0    0   2.600000e+02  -1.000000e+01  -2.500000e+01
     3018    0    0    0    0    0    0   2.600000e+02  -1.000000e+01  -2.000000e+01
     3019    0    0    0    0    0    0   2.600000e+02  -1.000000e+01  -1.500000e+01
     3020    0    0    0    0    0    0   2.600000e+02  -1.000000e+01  -1.000000e+01
     3021    0    0    0    0    0    0   2.600000e+02  -1.000000e+01  -5.000000e+00
     3022    0    0    0    0    0    0   2.650000e+02  -1.000000e+01  -2.500000e+01
     3023    0    0    0    0    0    0   2.650000e+02  -1.000000e+01  -2.000000e+01
     3024    0    0    0    0    0    0   2.650000e+02  -1.000000e+01  -1.500000e+01
     3025    0    0    0    0    0    0   2.650000e+02  -1.000000e+01  -1.000000e+01
     3026    0    0    0    0    0    0   2.650000e+02  -1.000000e+01  -5.000000e+00
     3027    0    0    0    0    0    0   2.700000e+02  -1.000000e+01  -2.500000e+01
     3028    0    0    0    0    0    0   2.700000e+02  -1.000000e+01  -2.000000e+01
     3029    0    0    0    0    0    0   2.700000e+02  -1.000000e+01  -1.500000e+01
     3030    0    0    0    0    0    0   2.700000e+02  -1.000000e+01  -1.000000e+01
     3031    0    0    0    0    0    0   2.700000e+02  -1.000000e+01  -5.000000e+00
     3032    0    0    0    0    0    0   2.750000e+02  -1.000000e+01  -2.500000e+01
     3033    0    0    0    0    0    0   2.750000e+02  -1.000000e+01  -2.000000e+01
     3034    0    0    0    0    0    0   2.750000e+02  -1.000000e+01  -1.500000e+01
     3035    0    0    0    0    0    0   2.750000e+02  -1.000000e+01  -1.000000e+01
     3036    0    0    0    0    0    0   2.750000e+02  -1.000000e+01  -5.000000e+00
     3037    0    0    0    0    0    0   2.800000e+02  -1.000000e+01  -2.500000e+01
     3038    0    0    0    0    0    0   2.800000e+02  -1.000000e+01  -2.000000e+01
     3039    0    0    0    0    0    0   2.800000e+02  -1.000000e+01  -1.500000e+01
     3040    0    0    0    0    0    0   2.800000e+02  -1.000000e+01  -1.000000e+01
     3041    0    0    0    0    0    0   2.800000e+02  -1.000000e+01  -5.000000e+00
     3042    0    0    0    0    0    0   2.850000e+02  -1.000000e+01  -2.500000e+01
     3043    0    0    0    0    0    0   2.850000e+02  -1.000000e+01  -2.000000e+01
     3044    0    0    0    0    0    0   2.850000e+02  -1.000000e+01  -1.500000e+01
     3045    0    0    0    0    0    0   2.850000e+02  -1.000000e+01  -1.000000e+01
     3046    0    0    0    0    0    0   2.850000e+02  -1.000000e+01  -5.000000e+00
     3047    0    0    0    0    0    0   2.900000e+02  -1.000000e+01  -2.500000e+01
     3048    0    0    0    0    0    0   2.900000e+02  -1.000000e+01  -2.000000e+01
     3049    0    0    0    0    0    0   2.900000e+02  -1.000000e+01  -1.500000e+01
     3050    0    0    0    0    0    0   2.900000e+02  -1.000000e+01  -1.000000e+01
     3051    0    0    0    0    0    0   2.900000e+02  -1.000000e+01  -5.000000e+00
     3052    0    0    0    0    0    0   2.950000e+02  -1.000000e+01  -2.500000e+01
     3053    0    0    0    0    0    0   2.950000e+02  -1.000000e+01  -2.000000e+01
     3054    0    0    0    0    0    0   2.950000e+02  -1.000000e+01  -1.500000e+01
     3055    0    0    0    0    0    0   2.950000e+02  -1.000000e+01  -1.000000e+01
     3056    0    0    0    0    0    0   2.950000e+02  -1.000000e+01  -5.000000e+00
     3057    0    0    0    0    0    0   2.550000e+02   5.000000e+00  -3.000000e+01
     3058    0    0    0    0    0    0   2.550000e+02   0.000000e+00  -3.000000e+01
     3059    0    0    0    0    0    0   2.550000e+02  -5.000000e+00  -3.000000e+01
     3060    0    0    0    0    0    0   2.600000e+02   5.000000e+00  -3.000000e+01
     3061    0    0    0    0    0    0   2.600000e+02   0.000000e+00  -3.000000e+01
     3062    0    0    0    0    0    0   2.600000e+02  -5.000000e+00  -3.000000e+01
     3063    0    0    0    0    0    0   2.650000e+02   5.000000e+00  -3.000000e+01
     3064    0    0    0    0    0    0   2.650000e+02   0.000000e+00  -3.000000e+01
     3065    0    0    0    0    0    0   2.650000e+02  -5.000000e+00  -3.000000e+01
     3066    0    0    0    0    0    0   2.700000e+02   5.000000e+00  -3.000000e+01
     3067    0    0    0    0    0    0   2.700000e+02   0.000000e+00  -3.000000e+01
     3068    0    0    0    0    0    0   2.700000e+02  -5.000000e+00  -3.000000e+01
     3069    0    0    0    0    0    0   2.750000e+02   5.000000e+00  -3.000000e+01
     3070    0    0    0    0    0    0   2.750000e+02   0.000000e+00  -3.000000e+01
     3071    0    0    0    0    0    0   2.750000e+02  -5.000000e+00  -3.000000e+01
     3072    0    0    0    0    0    0   2.800000e+02   5.000000e+00  -3.000000e+01
     3073    0    0    0    0    0    0   2.800000e+02   0.000000e+00  -3.000000e+01
     3074    0    0    0    0    0    0   2.800000e+02  -5.000000e+00  -3.000000e+01
     3075    0    0    0    0    0    0   2.850000e+02   5.000000e+00  -3.000000e+01
     3076    0    0    0    0    0    0   2.850000e+02   0.000000e+00  -3.000000e+01
     3077    0    0    0    0    0    0   2.850000e+02  -5.000000e+00  -3.000000e+01
     3078    0    0    0    0    0    0   2.900000e+02   5.000000e+00  -3.000000e+01
     3079    0    0    0    0    0    0   2.900000e+02   0.000000e+00  -3.000000e+01
     3080    0    0    0    0    0    0   2.900000e+02  -5.000000e+00  -3.000000e+01
     3081    0    0    0    0    0    0   2.950000e+02   5.000000e+00  -3.000000e+01
     3082    0    0    0    0    0    0   2.950000e+02   0.000000e+00  -3.000000e+01
     3083    0    0    0    0    0    0   2.950000e+02  -5.000000e+00  -3.000000e+01
     3084    0    0    0    0    0    0   2.550000e+02   5.000000e+00   0.000000e+00
     3085    0    0    0    0    0    0   2.550000e+02   0.000000e+00   0.000000e+00
     3086    0    0    0    0    0    0   2.550000e+02  -5.000000e+00   0.000000e+00
     3087    0    0    0    0    0    0   2.600000e+02   5.000000e+00   0.000000e+00
     3088    0    0    0    0    0    0   2.600000e+02   0.000000e+00   0.000000e+00
     3089    0    0    0    0    0    0   2.600000e+02  -5.000000e+00   0.000000e+00
     3090    0    0    0    0    0    0   2.650000e+02   5.000000e+00   0.000000e+00
     3091    0    0    0    0    0    0   2.650000e+02   0.000000e+00   0.000000e+00
     3092    0    0    0    0    0    0   2.650000e+02  -5.000000e+00   0.000000e+00
     3093    0    0    0    0    0    0   2.700000e+02   5.000000e+00   0.000000e+00
     3094    0    0    0    0    0    0   2.700000e+02   0.000000e+00   0.000000e+00
     3095    0    0    0    0    0    0   2.700000e+02  -5.000000e+00   0.000000e+00
     3096    0    0    0    0    0    0   2.750000e+02   5.000000e+00   0.000000e+00
     3097    0    0    0    0    0    0   2.750000e+02   0.000000e+00   0.000000e+00
     3098    0    0    0    0    0    0   2.750000e+02  -5.000000e+00   0.000000e+00
     3099    0    0    0    0    0    0   2.800000e+02   5.000000e+00   0.000000e+00
     3100    0    0    0    0    0    0   2.800000e+02   0.000000e+00   0.000000e+00
     3101    0    0    0    0    0    0   2.800000e+02  -5.000000e+00   0.000000e+00
     3102    0    0    0    0    0    0   2.850000e+02   5.000000e+00   0.000000e+00
     3103    0    0    0    0    0    0   2.850000e+02   0.000000e+00   0.000000e+00
     3104    0    0    0    0    0    0   2.850000e+02  -5.000000e+00   0.000000e+00
     3105    0    0    0    0    0    0   2.900000e+02   5.000000e+00   0.000000e+00
     3106    0    0    0    0    0    0   2.900000e+02   0.000000e+00   0.000000e+00
     3107    0    0    0    0    0    0   2.900000e+02  -5.000000e+00   0.000000e+00
     3108    0    0    0    0    0    0   2.950000e+02   5.000000e+00   0.000000e+00
     3109    0    0    0    0    0    0   2.950000e+02   0.000000e+00   0.000000e+00
     3110    0    0    0    0    0    0   2.950000e+02  -5.000000e+00   0.000000e+00
     3111    0    0    0    0    0    0   2.500000e+02  -5.000000e+00  -3.500000e+01
     3112    0    0    0    0    0    0   2.500000e+02   0.000000e+00  -3.500000e+01
     3113    0    0    0    0    0    0   2.500000e+02   5.000000e+00  -3.500000e+01
     3114    0    0    0    0    0    0   2.500000e+02  -5.000000e+00  -4.000000e+01
     3115    0    0    0    0    0    0   2.500000e+02   0.000000e+00  -4.000000e+01
     3116    0    0    0    0    0    0   2.500000e+02   5.000000e+00  -4.000000e+01
     3117    0    0    0    0    0    0   2.500000e+02  -5.000000e+00  -4.500000e+01
     3118    0    0    0    0    0    0   2.500000e+02   0.000000e+00  -4.500000e+01
     3119    0    0    0    0    0    0   2.500000e+02   5.000000e+00  -4.500000e+01
     3120    0    0    0    0    0    0   3.000000e+02  -5.000000e+00  -3.500000e+01
     3121    0    0    0    0    0    0   3.000000e+02   0.000000e+00  -3.500000e+01
     3122    0    0    0    0    0    0   3.000000e+02   5.000000e+00  -3.500000e+01
     3123    0    0    0    0    0    0   3.000000e+02  -5.000000e+00  -4.000000e+01
     3124    0    0    0    0    0    0   3.000000e+02   0.000000e+00  -4.000000e+01
     3125    0    0    0    0    0    0   3.000000e+02   5.000000e+00  -4.000000e+01
     3126    0    0    0    0    0    0   3.000000e+02  -5.000000e+00  -4.500000e+01
     3127    0    0    0    0    0    0   3.000000e+02   0.000000e+00  -4.500000e+01
     3128    0    0    0    0    0    0   3.000000e+02   5.000000e+00  -4.500000e+01
     3129    0    0    0    0    0    0   2.550000e+02  -1.000000e+01  -3.500000e+01
     3130    0    0    0    0    0    0   2.550000e+02  -1.000000e+01  -4.000000e+01
     3131    0    0    0    0    0    0   2.550000e+02  -1.000000e+01  -4.500000e+01
     3132    0    0    0    0    0    0   2.600000e+02  -1.000000e+01  -3.500000e+01
     3133    0    0    0    0    0    0   2.600000e+02  -1.000000e+01  -4.000000e+01
     3134    0    0    0    0    0    0   2.600000e+02  -1.000000e+01  -4.500000e+01
     3135    0    0    0    0    0    0   2.650000e+02  -1.000000e+01  -3.500000e+01
     3136    0    0    0    0    0    0   2.650000e+02  -1.000000e+01  -4.000000e+01
     3137    0    0    0    0    0    0   2.650000e+02  -1.000000e+01  -4.500000e+01
     3138    0    0    0    0    0    0   2.700000e+02  -1.000000e+01  -3.500000e+01
     3139    0    0    0    0    0    0   2.700000e+02  -1.000000e+01  -4.000000e+01
     3140    0    0    0    0    0    0   2.700000e+02  -1.000000e+01  -4.500000e+01
     3141    0    0    0    0    0    0   2.750000e+02  -1.000000e+01  -3.500000e+01
     3142    0    0    0    0    0    0   2.750000e+02  -1.000000e+01  -4.000000e+01
     3143    0    0    0    0    0    0   2.750000e+02  -1.000000e+01  -4.500000e+01
     3144    0    0    0    0    0    0   2.800000e+02  -1.000000e+01  -3.500000e+01
     3145    0    0    0    0    0    0   2.800000e+02  -1.000000e+01  -4.000000e+01
     3146    0    0    0    0    0    0   2.800000e+02  -1.000000e+01  -4.500000e+01
     3147    0    0    0    0    0    0   2.850000e+02  -1.000000e+01  -3.500000e+01
     3148    0    0    0    0    0    0   2.850000e+02  -1.000000e+01  -4.000000e+01
     3149    0    0    0    0    0    0   2.850000e+02  -1.000000e+01  -4.500000e+01
     3150    0    0    0    0    0    0   2.900000e+02  -1.000000e+01  -3.500000e+01
     3151    0    0    0    0    0    0   2.900000e+02  -1.000000e+01  -4.000000e+01
     3152    0    0    0    0    0    0   2.900000e+02  -1.000000e+01  -4.500000e+01
     3153    0    0    0    0    0    0   2.950000e+02  -1.000000e+01  -3.500000e+01
     3154    0    0    0    0    0    0   2.950000e+02  -1.000000e+01  -4.000000e+01
     3155    0    0    0    0    0    0   2.950000e+02  -1.000000e+01  -4.500000e+01
     3156    0    0    0    0    0    0   2.550000e+02   1.000000e+01  -3.500000e+01
     3157    0    0    0    0    0    0   2.550000e+02   1.000000e+01  -4.000000e+01
     3158    0    0    0    0    0    0   2.550000e+02   1.000000e+01  -4.500000e+01
     3159    0    0    0    0    0    0   2.600000e+02   1.000000e+01  -3.500000e+01
     3160    0    0    0    0    0    0   2.600000e+02   1.000000e+01  -4.000000e+01
     3161    0    0    0    0    0    0   2.600000e+02   1.000000e+01  -4.500000e+01
     3162    0    0    0    0    0    0   2.650000e+02   1.000000e+01  -3.500000e+01
     3163    0    0    0    0    0    0   2.650000e+02   1.000000e+01  -4.000000e+01
     3164    0    0    0    0    0    0   2.650000e+02   1.000000e+01  -4.500000e+01
     3165    0    0    0    0    0    0   2.700000e+02   1.000000e+01  -3.500000e+01
     3166    0    0    0    0    0    0   2.700000e+02   1.000000e+01  -4.000000e+01
     3167    0    0    0    0    0    0   2.700000e+02   1.000000e+01  -4.500000e+01
     3168    0    0    0    0    0    0   2.750000e+02   1.000000e+01  -3.500000e+01
     3169    0    0    0    0    0    0   2.750000e+02   1.000000e+01  -4.000000e+01
     3170    0    0    0    0    0    0   2.750000e+02   1.000000e+01  -4.500000e+01
     3171    0    0    0    0    0    0   2.800000e+02   1.000000e+01  -3.500000e+01
     3172    0    0    0    0    0    0   2.800000e+02   1.000000e+01  -4.000000e+01
     3173    0    0    0    0    0    0   2.800000e+02   1.000000e+01  -4.500000e+01
     3174    0    0    0    0    0    0   2.850000e+02   1.000000e+01  -3.500000e+01
     3175    0    0    0    0    0    0   2.850000e+02   1.000000e+01  -4.000000e+01
     3176    0    0    0    0    0    0   2.850000e+02   1.000000e+01  -4.500000e+01
     3177    0    0    0    0    0    0   2.900000e+02   1.000000e+01  -3.500000e+01
     3178    0    0    0    0    0    0   2.900000e+02   1.000000e+01  -4.000000e+01
     3179    0    0    0    0    0    0   2.900000e+02   1.000000e+01  -4.500000e+01
     3180    0    0    0    0    0    0   2.950000e+02   1.000000e+01  -3.500000e+01
     3181    0    0    0    0    0    0   2.950000e+02   1.000000e+01  -4.000000e+01
     3182    0    0    0    0    0    0   2.950000e+02   1.000000e+01  -4.500000e+01
     3183    1    1    1    0    0    0   2.550000e+02  -5.000000e+00  -5.000000e+01
     3184    1    1    1    0    0    0   2.550000e+02   0.000000e+00  -5.000000e+01
     3185    1    1    1    0    0    0   2.550000e+02   5.000000e+00  -5.000000e+01
     3186    1    1    1    0    0    0   2.600000e+02  -5.000000e+00  -5.000000e+01
     3187    1    1    1    0    0    0   2.600000e+02   0.000000e+00  -5.000000e+01
     3188    1    1    1    0    0    0   2.600000e+02   5.000000e+00  -5.000000e+01
     3189    1    1    1    0    0    0   2.650000e+02  -5.000000e+00  -5.000000e+01
     3190    1    1    1    0    0    0   2.650000e+02   0.000000e+00  -5.000000e+01
     3191    1    1    1    0    0    0   2.650000e+02   5.000000e+00  -5.000000e+01
     3192    1    1    1    0    0    0   2.700000e+02  -5.000000e+00  -5.000000e+01
     3193    1    1    1    0    0    0   2.700000e+02   0.000000e+00  -5.000000e+01
     3194    1    1    1    0    0    0   2.700000e+02   5.000000e+00  -5.000000e+01
     3195    1    1    1    0    0    0   2.750000e+02  -5.000000e+00  -5.000000e+01
     3196    1    1    1    0    0    0   2.750000e+02   0.000000e+00  -5.000000e+01
     3197    1    1    1    0    0    0   2.750000e+02   5.000000e+00  -5.000000e+01
     3198    1    1    1    0    0    0   2.800000e+02  -5.000000e+00  -5.000000e+01
     3199    1    1    1    0    0    0   2.800000e+02   0.000000e+00  -5.000000e+01
     3200    1    1    1    0    0    0   2.800000e+02   5.000000e+00  -5.000000e+01
     3201    1    1    1    0    0    0   2.850000e+02  -5.000000e+00  -5.000000e+01
     3202    1    1    1    0    0    0   2.850000e+02   0.000000e+00  -5.000000e+01
     3203    1    1    1    0    0    0   2.850000e+02   5.000000e+00  -5.000000e+01
     3204    1    1    1    0    0    0   2.900000e+02  -5.000000e+00  -5.000000e+01
     3205    1    1    1    0    0    0   2.900000e+02   0.000000e+00  -5.000000e+01
     3206    1    1    1    0    0    0   2.900000e+02   5.000000e+00  -5.000000e+01
     3207    1    1    1    0    0    0   2.950000e+02  -5.000000e+00  -5.000000e+01
     3208    1    1    1    0    0    0   2.950000e+02   0.000000e+00  -5.000000e+01
     3209    1    1    1    0    0    0   2.950000e+02   5.000000e+00  -5.000000e+01
     3210    0    0    0    0    0    0   2.550000e+02   5.000000e+00  -2.500000e+01
     3211    0    0    0    0    0    0   2.550000e+02   0.000000e+00  -2.500000e+01
     3212    0    0    0    0    0    0   2.550000e+02  -5.000000e+00  -2.500000e+01
     3213    0    0    0    0    0    0   2.550000e+02   5.000000e+00  -2.000000e+01
     3214    0    0    0    0    0    0   2.550000e+02   0.000000e+00  -2.000000e+01
     3215    0    0    0    0    0    0   2.550000e+02  -5.000000e+00  -2.000000e+01
     3216    0    0    0    0    0    0   2.550000e+02   5.000000e+00  -1.500000e+01
     3217    0    0    0    0    0    0   2.550000e+02   0.000000e+00  -1.500000e+01
     3218    0    0    0    0    0    0   2.550000e+02  -5.000000e+00  -1.500000e+01
     3219    0    0    0    0    0    0   2.550000e+02   5.000000e+00  -1.000000e+01
     3220    0    0    0    0    0    0   2.550000e+02   0.000000e+00  -1.000000e+01
     3221    0    0    0    0    0    0   2.550000e+02  -5.000000e+00  -1.000000e+01
     3222    0    0    0    0    0    0   2.550000e+02   5.000000e+00  -5.000000e+00
     3223    0    0    0    0    0    0   2.550000e+02   0.000000e+00  -5.000000e+00
     3224    0    0    0    0    0    0   2.550000e+02  -5.000000e+00  -5.000000e+00
     3225    0    0    0    0    0    0   2.600000e+02   5.000000e+00  -2.500000e+01
     3226    0    0    0    0    0    0   2.600000e+02   0.000000e+00  -2.500000e+01
     3227    0    0    0    0    0    0   2.600000e+02  -5.000000e+00  -2.500000e+01
     3228    0    0    0    0    0    0   2.600000e+02   5.000000e+00  -2.000000e+01
     3229    0    0    0    0    0    0   2.600000e+02   0.000000e+00  -2.000000e+01
     3230    0    0    0    0    0    0   2.600000e+02  -5.000000e+00  -2.000000e+01
     3231    0    0    0    0    0    0   2.600000e+02   5.000000e+00  -1.500000e+01
     3232    0    0    0    0    0    0   2.600000e+02   0.000000e+00  -1.500000e+01
     3233    0    0    0    0    0    0   2.600000e+02  -5.000000e+00  -1.500000e+01
     3234    0    0    0    0    0    0   2.600000e+02   5.000000e+00  -1.000000e+01
     3235    0    0    0    0    0    0   2.600000e+02   0.000000e+00  -1.000000e+01
     3236    0    0    0    0    0    0   2.600000e+02  -5.000000e+00  -1.000000e+01
     3237    0    0    0    0    0    0   2.600000e+02   5.000000e+00  -5.000000e+00
     3238    0    0    0    0    0    0   2.600000e+02   0.000000e+00  -5.000000e+00
     3239    0    0    0    0    0    0   2.600000e+02  -5.000000e+00  -5.000000e+00
     3240    0    0    0    0    0    0   2.650000e+02   5.000000e+00  -2.500000e+01
     3241    0    0    0    0    0    0   2.650000e+02   0.000000e+00  -2.500000e+01
     3242    0    0    0    0    0    0   2.650000e+02  -5.000000e+00  -2.500000e+01
     3243    0    0    0    0    0    0   2.650000e+02   5.000000e+00  -2.000000e+01
     3244    0    0    0    0    0    0   2.650000e+02   0.000000e+00  -2.000000e+01
     3245    0    0    0    0    0    0   2.650000e+02  -5.000000e+00  -2.000000e+01
     3246    0    0    0    0    0    0   2.650000e+02   5.000000e+00  -1.500000e+01
     3247    0    0    0    0    0    0   2.650000e+02   0.000000e+00  -1.500000e+01
     3248    0    0    0    0    0    0   2.650000e+02  -5.000000e+00  -1.500000e+01
     3249    0    0    0    0    0    0   2.650000e+02   5.000000e+00  -1.000000e+01
     3250    0    0    0    0    0    0   2.650000e+02   0.000000e+00  -1.000000e+01
     3251    0    0    0    0    0    0   2.650000e+02  -5.000000e+00  -1.000000e+01
     3252    0    0    0    0    0    0   2.650000e+02   5.000000e+00  -5.000000e+00
     3253    0    0    0    0    0    0   2.650000e+02   0.000000e+00  -5.000000e+00
     3254    0    0    0    0    0    0   2.650000e+02  -5.000000e+00  -5.000000e+00
     3255    0    0    0    0    0    0   2.700000e+02   5.000000e+00  -2.500000e+01
     3256    0    0    0    0    0    0   2.700000e+02   0.000000e+00  -2.500000e+01
     3257    0    0    0    0    0    0   2.700000e+02  -5.000000e+00  -2.500000e+01
     3258    0    0    0    0    0    0   2.700000e+02   5.000000e+00  -2.000000e+01
     3259    0    0    0    0    0    0   2.700000e+02   0.000000e+00  -2.000000e+01
     3260    0    0    0    0    0    0   2.700000e+02  -5.000000e+00  -2.000000e+01
     3261    0    0    0    0    0    0   2.700000e+02   5.000000e+00  -1.500000e+01
     3262    0    0    0    0    0    0   2.700000e+02   0.000000e+00  -1.500000e+01
     3263    0    0    0    0    0    0   2.700000e+02  -5.000000e+00  -1.500000e+01
     3264    0    0    0    0    0    0   2.700000e+02   5.000000e+00  -1.000000e+01
     3265    0    0    0    0    0    0   2.700000e+02   0.000000e+00  -1.000000e+01
     3266    0    0    0    0    0    0   2.700000e+02  -5.000000e+00  -1.000000e+01
     3267    0    0    0    0    0    0   2.700000e+02   5.000000e+00  -5.000000e+00
     3268    0    0    0    0    0    0   2.700000e+02   0.000000e+00  -5.000000e+00
     3269    0    0    0    0    0    0   2.700000e+02  -5.000000e+00  -5.000000e+00
     3270    0    0    0    0    0    0   2.750000e+02   5.000000e+00  -2.500000e+01
     3271    0    0    0    0    0    0   2.750000e+02   0.000000e+00  -2.500000e+01
     3272    0    0    0    0    0    0   2.750000e+02  -5.000000e+00  -2.500000e+01
     3273    0    0    0    0    0    0   2.750000e+02   5.000000e+00  -2.000000e+01
     3274    0    0    0    0    0    0   2.750000e+02   0.000000e+00  -2.000000e+01
     3275    0    0    0    0    0    0   2.750000e+02  -5.000000e+00  -2.000000e+01
     3276    0    0    0    0    0    0   2.750000e+02   5.000000e+00  -1.500000e+01
     3277    0    0    0    0    0    0   2.750000e+02   0.000000e+00  -1.500000e+01
     3278    0    0    0    0    0    0   2.750000e+02  -5.000000e+00  -1.500000e+01
     3279    0    0    0    0    0    0   2.750000e+02   5.000000e+00  -1.000000e+01
     3280    0    0    0    0    0    0   2.750000e+02   0.000000e+00  -1.000000e+01
     3281    0    0    0    0    0    0   2.750000e+02  -5.000000e+00  -1.000000e+01
     3282    0    0    0    0    0    0   2.750000e+02   5.000000e+00  -5.000000e+00
     3283    0    0    0    0    0    0   2.750000e+02   0.000000e+00  -5.000000e+00
     3284    0    0    0    0    0    0   2.750000e+02  -5.000000e+00  -5.000000e+00
     3285    0    0    0    0    0    0   2.800000e+02   5.000000e+00  -2.500000e+01
     3286    0    0    0    0    0    0   2.800000e+02   0.000000e+00  -2.500000e+01
     3287    0    0    0    0    0    0   2.800000e+02  -5.000000e+00  -2.500000e+01
     3288    0    0    0    0    0    0   2.800000e+02   5.000000e+00  -2.000000e+01
     3289    0    0    0    0    0    0   2.800000e+02   0.000000e+00  -2.000000e+01
     3290    0    0    0    0    0    0   2.800000e+02  -5.000000e+00  -2.000000e+01
     3291    0    0    0    0    0    0   2.800000e+02   5.000000e+00  -1.500000e+01
     3292    0    0    0    0    0    0   2.800000e+02   0.000000e+00  -1.500000e+01
     3293    0    0    0    0    0    0   2.800000e+02  -5.000000e+00  -1.500000e+01
     3294    0    0    0    0    0    0   2.800000e+02   5.000000e+00  -1.000000e+01
     3295    0    0    0    0    0    0   2.800000e+02   0.000000e+00  -1.000000e+01
     3296    0    0    0    0    0    0   2.800000e+02  -5.000000e+00  -1.000000e+01
     3297    0    0    0    0    0    0   2.800000e+02   5.000000e+00  -5.000000e+00
     3298    0    0    0    0    0    0   2.800000e+02   0.000000e+00  -5.000000e+00
     3299    0    0    0    0    0    0   2.800000e+02  -5.000000e+00  -5.000000e+00
     3300    0    0    0    0    0    0   2.850000e+02   5.000000e+00  -2.500000e+01
     3301    0    0    0    0    0    0   2.850000e+02   0.000000e+00  -2.500000e+01
     3302    0    0    0    0    0    0   2.850000e+02  -5.000000e+00  -2.500000e+01
     3303    0    0    0    0    0    0   2.850000e+02   5.000000e+00  -2.000000e+01
     3304    0    0    0    0    0    0   2.850000e+02   0.000000e+00  -2.000000e+01
     3305    0    0    0    0    0    0   2.850000e+02  -5.000000e+00  -2.000000e+01
     3306    0    0    0    0    0    0   2.850000e+02   5.000000e+00  -1.500000e+01
     3307    0    0    0    0    0    0   2.850000e+02   0.000000e+00  -1.500000e+01
     3308    0    0    0    0    0    0   2.850000e+02  -5.000000e+00  -1.500000e+01
     3309    0    0    0    0    0    0   2.850000e+02   5.000000e+00  -1.000000e+01
     3310    0    0    0    0    0    0   2.850000e+02   0.000000e+00  -1.000000e+01
     3311    0    0    0    0    0    0   2.850000e+02  -5.000000e+00  -1.000000e+01
     3312    0    0    0    0    0    0   2.850000e+02   5.000000e+00  -5.000000e+00
     3313    0    0    0    0    0    0   2.850000e+02   0.000000e+00  -5.000000e+00
     3314    0    0    0    0    0    0   2.850000e+02  -5.000000e+00  -5.000000e+00
     3315    0    0    0    0    0    0   2.900000e+02   5.000000e+00  -2.500000e+01
     3316    0    0    0    0    0    0   2.900000e+02   0.000000e+00  -2.500000e+01
     3317    0    0    0    0    0    0   2.900000e+02  -5.000000e+00  -2.500000e+01
     3318    0    0    0    0    0    0   2.900000e+02   5.000000e+00  -2.000000e+01
     3319    0    0    0    0    0    0   2.900000e+02   0.000000e+00  -2.000000e+01
     3320    0    0    0    0    0    0   2.900000e+02  -5.000000e+00  -2.000000e+01
     3321    0    0    0    0    0    0   2.900000e+02   5.000000e+00  -1.500000e+01
     3322    0    0    0    0    0    0   2.900000e+02   0.000000e+00  -1.500000e+01
     3323    0    0    0    0    0    0   2.900000e+02  -5.000000e+00  -1.500000e+01
     3324    0    0    0    0    0    0   2.900000e+02   5.000000e+00  -1.000000e+01
     3325    0    0    0    0    0    0   2.900000e+02   0.000000e+00  -1.000000e+01
     3326    0    0    0    0    0    0   2.900000e+02  -5.000000e+00  -1.000000e+01
     3327    0    0    0    0    0    0   2.900000e+02   5.000000e+00  -5.000000e+00
     3328    0    0    0    0    0    0   2.900000e+02   0.000000e+00  -5.000000e+00
     3329    0    0    0    0    0    0   2.900000e+02  -5.000000e+00  -5.000000e+00
     3330    0    0    0    0    0    0   2.950000e+02   5.000000e+00  -2.500000e+01
     3331    0    0    0    0    0    0   2.950000e+02   0.000000e+00  -2.500000e+01
     3332    0    0    0    0    0    0   2.950000e+02  -5.000000e+00  -2.500000e+01
     3333    0    0    0    0    0    0   2.950000e+02   5.000000e+00  -2.000000e+01
     3334    0    0    0    0    0    0   2.950000e+02   0.000000e+00  -2.000000e+01
     3335    0    0    0    0    0    0   2.950000e+02  -5.000000e+00  -2.000000e+01
     3336    0    0    0    0    0    0   2.950000e+02   5.000000e+00  -1.500000e+01
     3337    0    0    0    0    0    0   2.950000e+02   0.000000e+00  -1.500000e+01
     3338    0    0    0    0    0    0   2.950000e+02  -5.000000e+00  -1.500000e+01
     3339    0    0    0    0    0    0   2.950000e+02   5.000000e+00  -1.000000e+01
     3340    0    0    0    0    0    0   2.950000e+02   0.000000e+00  -1.000000e+01
     3341    0    0    0    0    0    0   2.950000e+02  -5.000000e+00  -1.000000e+01
     3342    0    0    0    0    0    0   2.950000e+02   5.000000e+00  -5.000000e+00
     3343    0    0    0    0    0    0   2.950000e+02   0.000000e+00  -5.000000e+00
     3344    0    0    0    0    0    0   2.950000e+02  -5.000000e+00  -5.000000e+00
     3345    0    0    0    0    0    0   2.550000e+02  -5.000000e+00  -3.500000e+01
     3346    0    0    0    0    0    0   2.550000e+02   0.000000e+00  -3.500000e+01
     3347    0    0    0    0    0    0   2.550000e+02   5.000000e+00  -3.500000e+01
     3348    0    0    0    0    0    0   2.550000e+02  -5.000000e+00  -4.000000e+01
     3349    0    0    0    0    0    0   2.550000e+02   0.000000e+00  -4.000000e+01
     3350    0    0    0    0    0    0   2.550000e+02   5.000000e+00  -4.000000e+01
     3351    0    0    0    0    0    0   2.550000e+02  -5.000000e+00  -4.500000e+01
     3352    0    0    0    0    0    0   2.550000e+02   0.000000e+00  -4.500000e+01
     3353    0    0    0    0    0    0   2.550000e+02   5.000000e+00  -4.500000e+01
     3354    0    0    0    0    0    0   2.600000e+02  -5.000000e+00  -3.500000e+01
     3355    0    0    0    0    0    0   2.600000e+02   0.000000e+00  -3.500000e+01
     3356    0    0    0    0    0    0   2.600000e+02   5.000000e+00  -3.500000e+01
     3357    0    0    0    0    0    0   2.600000e+02  -5.000000e+00  -4.000000e+01
     3358    0    0    0    0    0    0   2.600000e+02   0.000000e+00  -4.000000e+01
     3359    0    0    0    0    0    0   2.600000e+02   5.000000e+00  -4.000000e+01
     3360    0    0    0    0    0    0   2.600000e+02  -5.000000e+00  -4.500000e+01
     3361    0    0    0    0    0    0   2.600000e+02   0.000000e+00  -4.500000e+01
     3362    0    0    0    0    0    0   2.600000e+02   5.000000e+00  -4.500000e+01
     3363    0    0    0    0    0    0   2.650000e+02  -5.000000e+00  -3.500000e+01
     3364    0    0    0    0    0    0   2.650000e+02   0.000000e+00  -3.500000e+01
     3365    0    0    0    0    0    0   2.650000e+02   5.000000e+00  -3.500000e+01
     3366    0    0    0    0    0    0   2.650000e+02  -5.000000e+00  -4.000000e+01
     3367    0    0    0    0    0    0   2.650000e+02   0.000000e+00  -4.000000e+01
     3368    0    0    0    0    0    0   2.650000e+02   5.000000e+00  -4.000000e+01
     3369    0    0    0    0    0    0   2.650000e+02  -5.000000e+00  -4.500000e+01
     3370    0    0    0    0    0    0   2.650000e+02   0.000000e+00  -4.500000e+01
     3371    0    0    0    0    0    0   2.650000e+02   5.000000e+00  -4.500000e+01
     3372    0    0    0    0    0    0   2.700000e+02  -5.000000e+00  -3.500000e+01
     3373    0    0    0    0    0    0   2.700000e+02   0.000000e+00  -3.500000e+01
     3374    0    0    0    0    0    0   2.700000e+02   5.000000e+00  -3.500000e+01
     3375    0    0    0    0    0    0   2.700000e+02  -5.000000e+00  -4.000000e+01
     3376    0    0    0    0    0    0   2.700000e+02   0.000000e+00  -4.000000e+01
     3377    0    0    0    0    0    0   2.700000e+02   5.000000e+00  -4.000000e+01
     3378    0    0    0    0    0    0   2.700000e+02  -5.000000e+00  -4.500000e+01
     3379    0    0    0    0    0    0   2.700000e+02   0.000000e+00  -4.500000e+01
     3380    0    0    0    0    0    0   2.700000e+02   5.000000e+00  -4.500000e+01
     3381    0    0    0    0    0    0   2.750000e+02  -5.000000e+00  -3.500000e+01
     3382    0    0    0    0    0    0   2.750000e+02   0.000000e+00  -3.500000e+01
     3383    0    0    0    0    0    0   2.750000e+02   5.000000e+00  -3.500000e+01
     3384    0    0    0    0    0    0   2.750000e+02  -5.000000e+00  -4.000000e+01
     3385    0    0    0    0    0    0   2.750000e+02   0.000000e+00  -4.000000e+01
     3386    0    0    0    0    0    0   2.750000e+02   5.000000e+00  -4.000000e+01
     3387    0    0    0    0    0    0   2.750000e+02  -5.000000e+00  -4.500000e+01
     3388    0    0    0    0    0    0   2.750000e+02   0.000000e+00  -4.500000e+01
     3389    0    0    0    0    0    0   2.750000e+02   5.000000e+00  -4.500000e+01
     3390    0    0    0    0    0    0   2.800000e+02  -5.000000e+00  -3.500000e+01
     3391    0    0    0    0    0    0   2.800000e+02   0.000000e+00  -3.500000e+01
     3392    0    0    0    0    0    0   2.800000e+02   5.000000e+00  -3.500000e+01
     3393    0    0    0    0    0    0   2.800000e+02  -5.000000e+00  -4.000000e+01
     3394    0    0    0    0    0    0   2.800000e+02   0.000000e+00  -4.000000e+01
     3395    0    0    0    0    0    0   2.800000e+02   5.000000e+00  -4.000000e+01
     3396    0    0    0    0    0    0   2.800000e+02  -5.000000e+00  -4.500000e+01
     3397    0    0    0    0    0    0   2.800000e+02   0.000000e+00  -4.500000e+01
     3398    0    0    0    0    0    0   2.800000e+02   5.000000e+00  -4.500000e+01
     3399    0    0    0    0    0    0   2.850000e+02  -5.000000e+00  -3.500000e+01
     3400    0    0    0    0    0    0   2.850000e+02   0.000000e+00  -3.500000e+01
     3401    0    0    0    0    0    0   2.850000e+02   5.000000e+00  -3.500000e+01
     3402    0    0    0    0    0    0   2.850000e+02  -5.000000e+00  -4.000000e+01
     3403    0    0    0    0    0    0   2.850000e+02   0.000000e+00  -4.000000e+01
     3404    0    0    0    0    0    0   2.850000e+02   5.000000e+00  -4.000000e+01
     3405    0    0    0    0    0    0   2.850000e+02  -5.000000e+00  -4.500000e+01
     3406    0    0    0    0    0    0   2.850000e+02   0.000000e+00  -4.500000e+01
     3407    0    0    0    0    0    0   2.850000e+02   5.000000e+00  -4.500000e+01
     3408    0    0    0    0    0    0   2.900000e+02  -5.000000e+00  -3.500000e+01
     3409    0    0    0    0    0    0   2.900000e+02   0.000000e+00  -3.500000e+01
     3410    0    0    0    0    0    0   2.900000e+02   5.000000e+00  -3.500000e+01
     3411    0    0    0    0    0    0   2.900000e+02  -5.000000e+00  -4.000000e+01
     3412    0    0    0    0    0    0   2.900000e+02   0.000000e+00  -4.000000e+01
     3413    0    0    0    0    0    0   2.900000e+02   5.000000e+00  -4.000000e+01
     3414    0    0    0    0    0    0   2.900000e+02  -5.000000e+00  -4.500000e+01
     3415    0    0    0    0    0    0   2.900000e+02   0.000000e+00  -4.500000e+01
     3416    0    0    0    0    0    0   2.900000e+02   5.000000e+00  -4.500000e+01
     3417    0    0    0    0    0    0   2.950000e+02  -5.000000e+00  -3.500000e+01
     3418    0    0    0    0    0    0   2.950000e+02   0.000000e+00  -3.500000e+01
     3419    0    0    0    0    0    0   2.950000e+02   5.000000e+00  -3.500000e+01
     3420    0    0    0    0    0    0   2.950000e+02  -5.000000e+00  -4.000000e+01
     3421    0    0    0    0    0    0   2.950000e+02   0.000000e+00  -4.000000e+01
     3422    0    0    0    0    0    0   2.950000e+02   5.000000e+00  -4.000000e+01
     3423    0    0    0    0    0    0   2.950000e+02  -5.000000e+00  -4.500000e+01
     3424    0    0    0    0    0    0   2.950000e+02   0.000000e+00  -4.500000e+01
     3425    0    0    0    0    0    0   2.950000e+02   5.000000e+00  -4.500000e+01
     3426    0    0    0    0    0    0  -2.000000e+02  -1.000000e+01  -3.000000e+01
     3427    0    0    0    0    0    0  -1.500000e+02  -1.000000e+01  -3.000000e+01
     3428    0    0    0    0    0    0  -5.000000e+01  -1.000000e+01  -3.000000e+01
     3429    0    0    0    0    0    0  -1.000000e+02  -1.000000e+01  -3.000000e+01
     3430    0    0    0    0    0    0   5.000000e+01  -1.000000e+01  -3.000000e+01
     3431    0    0    0    0    0    0   1.000000e+02  -1.000000e+01  -3.000000e+01
     3432    0    0    0    0    0    0   1.500000e+02  -1.000000e+01  -3.000000e+01
     3433    0    0    0    0    0    0   2.000000e+02  -1.000000e+01  -3.000000e+01
     3434    0    0    0    0    0    0  -2.038462e+02  -1.000000e+01  -3.000000e+01
     3435    0    0    0    0    0    0  -2.076923e+02  -1.000000e+01  -3.000000e+01
     3436    0    0    0    0    0    0  -2.115385e+02  -1.000000e+01  -3.000000e+01
     3437    0    0    0    0    0    0  -2.153846e+02  -1.000000e+01  -3.000000e+01
     3438    0    0    0    0    0    0  -2.192308e+02  -1.000000e+01  -3.000000e+01
     3439    0    0    0    0    0    0  -2.230769e+02  -1.000000e+01  -3.000000e+01
     3440    0    0    0    0    0    0  -2.269231e+02  -1.000000e+01  -3.000000e+01
     3441    0    0    0    0    0    0  -2.307692e+02  -1.000000e+01  -3.000000e+01
     3442    0    0    0    0    0    0  -2.346154e+02  -1.000000e+01  -3.000000e+01
     3443    0    0    0    0    0    0  -2.384615e+02  -1.000000e+01  -3.000000e+01
     3444    0    0    0    0    0    0  -2.423077e+02  -1.000000e+01  -3.000000e+01
     3445    0    0    0    0    0    0  -2.461538e+02  -1.000000e+01  -3.000000e+01
     3446    0    0    0    0    0    0  -2.033333e+02  -1.000000e+01  -2.000000e+00
     3447    0    0    0    0    0    0  -2.066667e+02  -1.000000e+01  -4.000000e+00
     3448    0    0    0    0    0    0  -2.100000e+02  -1.000000e+01  -6.000000e+00
     3449    0    0    0    0    0    0  -2.133333e+02  -1.000000e+01  -8.000000e+00
     3450    0    0    0    0    0    0  -2.166667e+02  -1.000000e+01  -1.000000e+01
     3451    0    0    0    0    0    0  -2.200000e+02  -1.000000e+01  -1.200000e+01
     3452    0    0    0    0    0    0  -2.233333e+02  -1.000000e+01  -1.400000e+01
     3453    0    0    0    0    0    0  -2.266667e+02  -1.000000e+01  -1.600000e+01
     3454    0    0    0    0    0    0  -2.300000e+02  -1.000000e+01  -1.800000e+01
     3455    0    0    0    0    0    0  -2.333333e+02  -1.000000e+01  -2.000000e+01
     3456    0    0    0    0    0    0  -2.366667e+02  -1.000000e+01  -2.200000e+01
     3457    0    0    0    0    0    0  -2.400000e+02  -1.000000e+01  -2.400000e+01
     3458    0    0    0    0    0    0  -2.433333e+02  -1.000000e+01  -2.600000e+01
     3459    0    0    0    0    0    0  -2.466667e+02  -1.000000e+01  -2.800000e+01
     3460    0    0    0    0    0    0  -1.533333e+02  -1.000000e+01  -2.800000e+01
     3461    0    0    0    0    0    0  -1.566667e+02  -1.000000e+01  -2.600000e+01
     3462    0    0    0    0    0    0  -1.600000e+02  -1.000000e+01  -2.400000e+01
     3463    0    0    0    0    0    0  -1.633333e+02  -1.000000e+01  -2.200000e+01
     3464    0    0    0    0    0    0  -1.666667e+02  -1.000000e+01  -2.000000e+01
     3465    0    0    0    0    0    0  -1.700000e+02  -1.000000e+01  -1.800000e+01
     3466    0    0    0    0    0    0  -1.733333e+02  -1.000000e+01  -1.600000e+01
     3467    0    0    0    0    0    0  -1.766667e+02  -1.000000e+01  -1.400000e+01
     3468    0    0    0    0    0    0  -1.800000e+02  -1.000000e+01  -1.200000e+01
     3469    0    0    0    0    0    0  -1.833333e+02  -1.000000e+01  -1.000000e+01
     3470    0    0    0    0    0    0  -1.866667e+02  -1.000000e+01  -8.000000e+00
     3471    0    0    0    0    0    0  -1.900000e+02  -1.000000e+01  -6.000000e+00
     3472    0    0    0    0    0    0  -1.933333e+02  -1.000000e+01  -4.000000e+00
     3473    0    0    0    0    0    0  -1.966667e+02  -1.000000e+01  -2.000000e+00
     3474    0    0    0    0    0    0  -1.500000e+02  -1.000000e+01  -2.625000e+01
     3475    0    0    0    0    0    0  -1.500000e+02  -1.000000e+01  -2.250000e+01
     3476    0    0    0    0    0    0  -1.500000e+02  -1.000000e+01  -1.875000e+01
     3477    0    0    0    0    0    0  -1.500000e+02  -1.000000e+01  -1.500000e+01
     3478    0    0    0    0    0    0  -1.500000e+02  -1.000000e+01  -1.125000e+01
     3479    0    0    0    0    0    0  -1.500000e+02  -1.000000e+01  -7.500000e+00
     3480    0    0    0    0    0    0  -1.500000e+02  -1.000000e+01  -3.750000e+00
     3481    0    0    0    0    0    0  -2.000000e+02  -1.000000e+01  -3.750000e+00
     3482    0    0    0    0    0    0  -2.000000e+02  -1.000000e+01  -7.500000e+00
     3483    0    0    0    0    0    0  -2.000000e+02  -1.000000e+01  -1.125000e+01
     3484    0    0    0    0    0    0  -2.000000e+02  -1.000000e+01  -1.500000e+01
     3485    0    0    0    0    0    0  -2.000000e+02  -1.000000e+01  -1.875000e+01
     3486    0    0    0    0    0    0  -2.000000e+02  -1.000000e+01  -2.250000e+01
     3487    0    0    0    0    0    0  -2.000000e+02  -1.000000e+01  -2.625000e+01
     3488    0    0    0    0    0    0  -1.033333e+02  -1.000000e+01  -2.000000e+00
     3489    0    0    0    0    0    0  -1.066667e+02  -1.000000e+01  -4.000000e+00
     3490    0    0    0    0    0    0  -1.100000e+02  -1.000000e+01  -6.000000e+00
     3491    0    0    0    0    0    0  -1.133333e+02  -1.000000e+01  -8.000000e+00
     3492    0    0    0    0    0    0  -1.166667e+02  -1.000000e+01  -1.000000e+01
     3493    0    0    0    0    0    0  -1.200000e+02  -1.000000e+01  -1.200000e+01
     3494    0    0    0    0    0    0  -1.233333e+02  -1.000000e+01  -1.400000e+01
     3495    0    0    0    0    0    0  -1.266667e+02  -1.000000e+01  -1.600000e+01
     3496    0    0    0    0    0    0  -1.300000e+02  -1.000000e+01  -1.800000e+01
     3497    0    0    0    0    0    0  -1.333333e+02  -1.000000e+01  -2.000000e+01
     3498    0    0    0    0    0    0  -1.366667e+02  -1.000000e+01  -2.200000e+01
     3499    0    0    0    0    0    0  -1.400000e+02  -1.000000e+01  -2.400000e+01
     3500    0    0    0    0    0    0  -1.433333e+02  -1.000000e+01  -2.600000e+01
     3501    0    0    0    0    0    0  -1.466667e+02  -1.000000e+01  -2.800000e+01
     3502    0    0    0    0    0    0  -5.333333e+01  -1.000000e+01  -2.800000e+01
     3503    0    0    0    0    0    0  -5.666667e+01  -1.000000e+01  -2.600000e+01
     3504    0    0    0    0    0    0  -6.000000e+01  -1.000000e+01  -2.400000e+01
     3505    0    0    0    0    0    0  -6.333333e+01  -1.000000e+01  -2.200000e+01
     3506    0    0    0    0    0    0  -6.666666e+01  -1.000000e+01  -2.000000e+01
     3507    0    0    0    0    0    0  -7.000000e+01  -1.000000e+01  -1.800000e+01
     3508    0    0    0    0    0    0  -7.333334e+01  -1.000000e+01  -1.600000e+01
     3509    0    0    0    0    0    0  -7.666666e+01  -1.000000e+01  -1.400000e+01
     3510    0    0    0    0    0    0  -8.000000e+01  -1.000000e+01  -1.200000e+01
     3511    0    0    0    0    0    0  -8.333334e+01  -1.000000e+01  -1.000000e+01
     3512    0    0    0    0    0    0  -8.666666e+01  -1.000000e+01  -8.000000e+00
     3513    0    0    0    0    0    0  -9.000000e+01  -1.000000e+01  -6.000000e+00
     3514    0    0    0    0    0    0  -9.333334e+01  -1.000000e+01  -4.000000e+00
     3515    0    0    0    0    0    0  -9.666666e+01  -1.000000e+01  -2.000000e+00
     3516    0    0    0    0    0    0  -5.000000e+01  -1.000000e+01  -2.625000e+01
     3517    0    0    0    0    0    0  -5.000000e+01  -1.000000e+01  -2.250000e+01
     3518    0    0    0    0    0    0  -5.000000e+01  -1.000000e+01  -1.875000e+01
     3519    0    0    0    0    0    0  -5.000000e+01  -1.000000e+01  -1.500000e+01
     3520    0    0    0    0    0    0  -5.000000e+01  -1.000000e+01  -1.125000e+01
     3521    0    0    0    0    0    0  -5.000000e+01  -1.000000e+01  -7.500000e+00
     3522    0    0    0    0    0    0  -5.000000e+01  -1.000000e+01  -3.750000e+00
     3523    0    0    0    0    0    0  -1.538462e+02  -1.000000e+01  -3.000000e+01
     3524    0    0    0    0    0    0  -1.576923e+02  -1.000000e+01  -3.000000e+01
     3525    0    0    0    0    0    0  -1.615385e+02  -1.000000e+01  -3.000000e+01
     3526    0    0    0    0    0    0  -1.653846e+02  -1.000000e+01  -3.000000e+01
     3527    0    0    0    0    0    0  -1.692308e+02  -1.000000e+01  -3.000000e+01
     3528    0    0    0    0    0    0  -1.730769e+02  -1.000000e+01  -3.000000e+01
     3529    0    0    0    0    0    0  -1.769231e+02  -1.000000e+01  -3.000000e+01
     3530    0    0    0    0    0    0  -1.807692e+02  -1.000000e+01  -3.000000e+01
     3531    0    0    0    0    0    0  -1.846154e+02  -1.000000e+01  -3.000000e+01
     3532    0    0    0    0    0    0  -1.884615e+02  -1.000000e+01  -3.000000e+01
     3533    0    0    0    0    0    0  -1.923077e+02  -1.000000e+01  -3.000000e+01
     3534    0    0    0    0    0    0  -1.961538e+02  -1.000000e+01  -3.000000e+01
     3535    0    0    0    0    0    0  -1.038461e+02  -1.000000e+01  -3.000000e+01
     3536    0    0    0    0    0    0  -1.076923e+02  -1.000000e+01  -3.000000e+01
     3537    0    0    0    0    0    0  -1.115385e+02  -1.000000e+01  -3.000000e+01
     3538    0    0    0    0    0    0  -1.153846e+02  -1.000000e+01  -3.000000e+01
     3539    0    0    0    0    0    0  -1.192308e+02  -1.000000e+01  -3.000000e+01
     3540    0    0    0    0    0    0  -1.230769e+02  -1.000000e+01  -3.000000e+01
     3541    0    0    0    0    0    0  -1.269231e+02  -1.000000e+01  -3.000000e+01
     3542    0    0    0    0    0    0  -1.307692e+02  -1.000000e+01  -3.000000e+01
     3543    0    0    0    0    0    0  -1.346154e+02  -1.000000e+01  -3.000000e+01
     3544    0    0    0    0    0    0  -1.384615e+02  -1.000000e+01  -3.000000e+01
     3545    0    0    0    0    0    0  -1.423077e+02  -1.000000e+01  -3.000000e+01
     3546    0    0    0    0    0    0  -1.461538e+02  -1.000000e+01  -3.000000e+01
     3547    0    0    0    0    0    0  -1.000000e+02  -1.000000e+01  -3.750000e+00
     3548    0    0    0    0    0    0  -1.000000e+02  -1.000000e+01  -7.500000e+00
     3549    0    0    0    0    0    0  -1.000000e+02  -1.000000e+01  -1.125000e+01
     3550    0    0    0    0    0    0  -1.000000e+02  -1.000000e+01  -1.500000e+01
     3551    0    0    0    0    0    0  -1.000000e+02  -1.000000e+01  -1.875000e+01
     3552    0    0    0    0    0    0  -1.000000e+02  -1.000000e+01  -2.250000e+01
     3553    0    0    0    0    0    0  -1.000000e+02  -1.000000e+01  -2.625000e+01
     3554    0    0    0    0    0    0  -3.333333e+00  -1.000000e+01  -2.000000e+00
     3555    0    0    0    0    0    0  -6.666666e+00  -1.000000e+01  -4.000000e+00
     3556    0    0    0    0    0    0  -1.000000e+01  -1.000000e+01  -6.000000e+00
     3557    0    0    0    0    0    0  -1.333333e+01  -1.000000e+01  -8.000000e+00
     3558    0    0    0    0    0    0  -1.666667e+01  -1.000000e+01  -1.000000e+01
     3559    0    0    0    0    0    0  -2.000000e+01  -1.000000e+01  -1.200000e+01
     3560    0    0    0    0    0    0  -2.333333e+01  -1.000000e+01  -1.400000e+01
     3561    0    0    0    0    0    0  -2.666667e+01  -1.000000e+01  -1.600000e+01
     3562    0    0    0    0    0    0  -3.000000e+01  -1.000000e+01  -1.800000e+01
     3563    0    0    0    0    0    0  -3.333333e+01  -1.000000e+01  -2.000000e+01
     3564    0    0    0    0    0    0  -3.666667e+01  -1.000000e+01  -2.200000e+01
     3565    0    0    0    0    0    0  -4.000000e+01  -1.000000e+01  -2.400000e+01
     3566    0    0    0    0    0    0  -4.333333e+01  -1.000000e+01  -2.600000e+01
     3567    0    0    0    0    0    0  -4.666667e+01  -1.000000e+01  -2.800000e+01
     3568    0    0    0    0    0    0   3.333333e+00  -1.000000e+01  -2.000000e+00
     3569    0    0    0    0    0    0   6.666666e+00  -1.000000e+01  -4.000000e+00
     3570    0    0    0    0    0    0   1.000000e+01  -1.000000e+01  -6.000000e+00
     3571    0    0    0    0    0    0   1.333333e+01  -1.000000e+01  -8.000000e+00
     3572    0    0    0    0    0    0   1.666667e+01  -1.000000e+01  -1.000000e+01
     3573    0    0    0    0    0    0   2.000000e+01  -1.000000e+01  -1.200000e+01
     3574    0    0    0    0    0    0   2.333333e+01  -1.000000e+01  -1.400000e+01
     3575    0    0    0    0    0    0   2.666667e+01  -1.000000e+01  -1.600000e+01
     3576    0    0    0    0    0    0   3.000000e+01  -1.000000e+01  -1.800000e+01
     3577    0    0    0    0    0    0   3.333333e+01  -1.000000e+01  -2.000000e+01
     3578    0    0    0    0    0    0   3.666667e+01  -1.000000e+01  -2.200000e+01
     3579    0    0    0    0    0    0   4.000000e+01  -1.000000e+01  -2.400000e+01
     3580    0    0    0    0    0    0   4.333333e+01  -1.000000e+01  -2.600000e+01
     3581    0    0    0    0    0    0   4.666667e+01  -1.000000e+01  -2.800000e+01
     3582    0    0    0    0    0    0   3.846154e+00  -1.000000e+01  -3.000000e+01
     3583    0    0    0    0    0    0   7.692308e+00  -1.000000e+01  -3.000000e+01
     3584    0    0    0    0    0    0   1.153846e+01  -1.000000e+01  -3.000000e+01
     3585    0    0    0    0    0    0   1.538462e+01  -1.000000e+01  -3.000000e+01
     3586    0    0    0    0    0    0   1.923077e+01  -1.000000e+01  -3.000000e+01
     3587    0    0    0    0    0    0   2.307692e+01  -1.000000e+01  -3.000000e+01
     3588    0    0    0    0    0    0   2.692308e+01  -1.000000e+01  -3.000000e+01
     3589    0    0    0    0    0    0   3.076923e+01  -1.000000e+01  -3.000000e+01
     3590    0    0    0    0    0    0   3.461538e+01  -1.000000e+01  -3.000000e+01
     3591    0    0    0    0    0    0   3.846154e+01  -1.000000e+01  -3.000000e+01
     3592    0    0    0    0    0    0   4.230769e+01  -1.000000e+01  -3.000000e+01
     3593    0    0    0    0    0    0   4.615385e+01  -1.000000e+01  -3.000000e+01
     3594    0    0    0    0    0    0   0.000000e+00  -1.000000e+01  -2.625000e+01
     3595    0    0    0    0    0    0   0.000000e+00  -1.000000e+01  -2.250000e+01
     3596    0    0    0    0    0    0   0.000000e+00  -1.000000e+01  -1.875000e+01
     3597    0    0    0    0    0    0   0.000000e+00  -1.000000e+01  -1.125000e+01
     3598    0    0    0    0    0    0   0.000000e+00  -1.000000e+01  -7.500000e+00
     3599    0    0    0    0    0    0   0.000000e+00  -1.000000e+01  -3.750000e+00
     3600    0    0    0    0    0    0  -5.384615e+01  -1.000000e+01  -3.000000e+01
     3601    0    0    0    0    0    0  -5.769231e+01  -1.000000e+01  -3.000000e+01
     3602    0    0    0    0    0    0  -6.153846e+01  -1.000000e+01  -3.000000e+01
     3603    0    0    0    0    0    0  -6.538461e+01  -1.000000e+01  -3.000000e+01
     3604    0    0    0    0    0    0  -6.923077e+01  -1.000000e+01  -3.000000e+01
     3605    0    0    0    0    0    0  -7.307692e+01  -1.000000e+01  -3.000000e+01
     3606    0    0    0    0    0    0  -7.692308e+01  -1.000000e+01  -3.000000e+01
     3607    0    0    0    0    0    0  -8.076923e+01  -1.000000e+01  -3.000000e+01
     3608    0    0    0    0    0    0  -8.461539e+01  -1.000000e+01  -3.000000e+01
     3609    0    0    0    0    0    0  -8.846154e+01  -1.000000e+01  -3.000000e+01
     3610    0    0    0    0    0    0  -9.230769e+01  -1.000000e+01  -3.000000e+01
     3611    0    0    0    0    0    0  -9.615385e+01  -1.000000e+01  -3.000000e+01
     3612    0    0    0    0    0    0  -3.846154e+00  -1.000000e+01  -3.000000e+01
     3613    0    0    0    0    0    0  -7.692308e+00  -1.000000e+01  -3.000000e+01
     3614    0    0    0    0    0    0  -1.153846e+01  -1.000000e+01  -3.000000e+01
     3615    0    0    0    0    0    0  -1.538462e+01  -1.000000e+01  -3.000000e+01
     3616    0    0    0    0    0    0  -1.923077e+01  -1.000000e+01  -3.000000e+01
     3617    0    0    0    0    0    0  -2.307692e+01  -1.000000e+01  -3.000000e+01
     3618    0    0    0    0    0    0  -2.692308e+01  -1.000000e+01  -3.000000e+01
     3619    0    0    0    0    0    0  -3.076923e+01  -1.000000e+01  -3.000000e+01
     3620    0    0    0    0    0    0  -3.461538e+01  -1.000000e+01  -3.000000e+01
     3621    0    0    0    0    0    0  -3.846154e+01  -1.000000e+01  -3.000000e+01
     3622    0    0    0    0    0    0  -4.230769e+01  -1.000000e+01  -3.000000e+01
     3623    0    0    0    0    0    0  -4.615385e+01  -1.000000e+01  -3.000000e+01
     3624    0    0    0    0    0    0   5.384615e+01  -1.000000e+01  -3.000000e+01
     3625    0    0    0    0    0    0   5.769231e+01  -1.000000e+01  -3.000000e+01
     3626    0    0    0    0    0    0   6.153846e+01  -1.000000e+01  -3.000000e+01
     3627    0    0    0    0    0    0   6.538461e+01  -1.000000e+01  -3.000000e+01
     3628    0    0    0    0    0    0   6.923077e+01  -1.000000e+01  -3.000000e+01
     3629    0    0    0    0    0    0   7.307692e+01  -1.000000e+01  -3.000000e+01
     3630    0    0    0    0    0    0   7.692308e+01  -1.000000e+01  -3.000000e+01
     3631    0    0    0    0    0    0   8.076923e+01  -1.000000e+01  -3.000000e+01
     3632    0    0    0    0    0    0   8.461539e+01  -1.000000e+01  -3.000000e+01
     3633    0    0    0    0    0    0   8.846154e+01  -1.000000e+01  -3.000000e+01
     3634    0    0    0    0    0    0   9.230769e+01  -1.000000e+01  -3.000000e+01
     3635    0    0    0    0    0    0   9.615385e+01  -1.000000e+01  -3.000000e+01
     3636    0    0    0    0    0    0   5.333333e+01  -1.000000e+01  -2.800000e+01
     3637    0    0    0    0    0    0   5.666667e+01  -1.000000e+01  -2.600000e+01
     3638    0    0    0    0    0    0   6.000000e+01  -1.000000e+01  -2.400000e+01
     3639    0    0    0    0    0    0   6.333333e+01  -1.000000e+01  -2.200000e+01
     3640    0    0    0    0    0    0   6.666666e+01  -1.000000e+01  -2.000000e+01
     3641    0    0    0    0    0    0   7.000000e+01  -1.000000e+01  -1.800000e+01
     3642    0    0    0    0    0    0   7.333334e+01  -1.000000e+01  -1.600000e+01
     3643    0    0    0    0    0    0   7.666666e+01  -1.000000e+01  -1.400000e+01
     3644    0    0    0    0    0    0   8.000000e+01  -1.000000e+01  -1.200000e+01
     3645    0    0    0    0    0    0   8.333334e+01  -1.000000e+01  -1.000000e+01
     3646    0    0    0    0    0    0   8.666666e+01  -1.000000e+01  -8.000000e+00
     3647    0    0    0    0    0    0   9.000000e+01  -1.000000e+01  -6.000000e+00
     3648    0    0    0    0    0    0   9.333334e+01  -1.000000e+01  -4.000000e+00
     3649    0    0    0    0    0    0   9.666666e+01  -1.000000e+01  -2.000000e+00
     3650    0    0    0    0    0    0   1.000000e+02  -1.000000e+01  -3.750000e+00
     3651    0    0    0    0    0    0   1.000000e+02  -1.000000e+01  -7.500000e+00
     3652    0    0    0    0    0    0   1.000000e+02  -1.000000e+01  -1.125000e+01
     3653    0    0    0    0    0    0   1.000000e+02  -1.000000e+01  -1.500000e+01
     3654    0    0    0    0    0    0   1.000000e+02  -1.000000e+01  -1.875000e+01
     3655    0    0    0    0    0    0   1.000000e+02  -1.000000e+01  -2.250000e+01
     3656    0    0    0    0    0    0   1.000000e+02  -1.000000e+01  -2.625000e+01
     3657    0    0    0    0    0    0   1.038461e+02  -1.000000e+01  -3.000000e+01
     3658    0    0    0    0    0    0   1.076923e+02  -1.000000e+01  -3.000000e+01
     3659    0    0    0    0    0    0   1.115385e+02  -1.000000e+01  -3.000000e+01
     3660    0    0    0    0    0    0   1.153846e+02  -1.000000e+01  -3.000000e+01
     3661    0    0    0    0    0    0   1.192308e+02  -1.000000e+01  -3.000000e+01
     3662    0    0    0    0    0    0   1.230769e+02  -1.000000e+01  -3.000000e+01
     3663    0    0    0    0    0    0   1.269231e+02  -1.000000e+01  -3.000000e+01
     3664    0    0    0    0    0    0   1.307692e+02  -1.000000e+01  -3.000000e+01
     3665    0    0    0    0    0    0   1.346154e+02  -1.000000e+01  -3.000000e+01
     3666    0    0    0    0    0    0   1.384615e+02  -1.000000e+01  -3.000000e+01
     3667    0    0    0    0    0    0   1.423077e+02  -1.000000e+01  -3.000000e+01
     3668    0    0    0    0    0    0   1.461538e+02  -1.000000e+01  -3.000000e+01
     3669    0    0    0    0    0    0   5.000000e+01  -1.000000e+01  -2.625000e+01
     3670    0    0    0    0    0    0   5.000000e+01  -1.000000e+01  -2.250000e+01
     3671    0    0    0    0    0    0   5.000000e+01  -1.000000e+01  -1.875000e+01
     3672    0    0    0    0    0    0   5.000000e+01  -1.000000e+01  -1.500000e+01
     3673    0    0    0    0    0    0   5.000000e+01  -1.000000e+01  -1.125000e+01
     3674    0    0    0    0    0    0   5.000000e+01  -1.000000e+01  -7.500000e+00
     3675    0    0    0    0    0    0   5.000000e+01  -1.000000e+01  -3.750000e+00
     3676    0    0    0    0    0    0   1.033333e+02  -1.000000e+01  -2.000000e+00
     3677    0    0    0    0    0    0   1.066667e+02  -1.000000e+01  -4.000000e+00
     3678    0    0    0    0    0    0   1.100000e+02  -1.000000e+01  -6.000000e+00
     3679    0    0    0    0    0    0   1.133333e+02  -1.000000e+01  -8.000000e+00
     3680    0    0    0    0    0    0   1.166667e+02  -1.000000e+01  -1.000000e+01
     3681    0    0    0    0    0    0   1.200000e+02  -1.000000e+01  -1.200000e+01
     3682    0    0    0    0    0    0   1.233333e+02  -1.000000e+01  -1.400000e+01
     3683    0    0    0    0    0    0   1.266667e+02  -1.000000e+01  -1.600000e+01
     3684    0    0    0    0    0    0   1.300000e+02  -1.000000e+01  -1.800000e+01
     3685    0    0    0    0    0    0   1.333333e+02  -1.000000e+01  -2.000000e+01
     3686    0    0    0    0    0    0   1.366667e+02  -1.000000e+01  -2.200000e+01
     3687    0    0    0    0    0    0   1.400000e+02  -1.000000e+01  -2.400000e+01
     3688    0    0    0    0    0    0   1.433333e+02  -1.000000e+01  -2.600000e+01
     3689    0    0    0    0    0    0   1.466667e+02  -1.000000e+01  -2.800000e+01
     3690    0    0    0    0    0    0   1.538462e+02  -1.000000e+01  -3.000000e+01
     3691    0    0    0    0    0    0   1.576923e+02  -1.000000e+01  -3.000000e+01
     3692    0    0    0    0    0    0   1.615385e+02  -1.000000e+01  -3.000000e+01
     3693    0    0    0    0    0    0   1.653846e+02  -1.000000e+01  -3.000000e+01
     3694    0    0    0    0    0    0   1.692308e+02  -1.000000e+01  -3.000000e+01
     3695    0    0    0    0    0    0   1.730769e+02  -1.000000e+01  -3.000000e+01
     3696    0    0    0    0    0    0   1.769231e+02  -1.000000e+01  -3.000000e+01
     3697    0    0    0    0    0    0   1.807692e+02  -1.000000e+01  -3.000000e+01
     3698    0    0    0    0    0    0   1.846154e+02  -1.000000e+01  -3.000000e+01
     3699    0    0    0    0    0    0   1.884615e+02  -1.000000e+01  -3.000000e+01
     3700    0    0    0    0    0    0   1.923077e+02  -1.000000e+01  -3.000000e+01
     3701    0    0    0    0    0    0   1.961538e+02  -1.000000e+01  -3.000000e+01
     3702    0    0    0    0    0    0   1.533333e+02  -1.000000e+01  -2.800000e+01
     3703    0    0    0    0    0    0   1.566667e+02  -1.000000e+01  -2.600000e+01
     3704    0    0    0    0    0    0   1.600000e+02  -1.000000e+01  -2.400000e+01
     3705    0    0    0    0    0    0   1.633333e+02  -1.000000e+01  -2.200000e+01
     3706    0    0    0    0    0    0   1.666667e+02  -1.000000e+01  -2.000000e+01
     3707    0    0    0    0    0    0   1.700000e+02  -1.000000e+01  -1.800000e+01
     3708    0    0    0    0    0    0   1.733333e+02  -1.000000e+01  -1.600000e+01
     3709    0    0    0    0    0    0   1.766667e+02  -1.000000e+01  -1.400000e+01
     3710    0    0    0    0    0    0   1.800000e+02  -1.000000e+01  -1.200000e+01
     3711    0    0    0    0    0    0   1.833333e+02  -1.000000e+01  -1.000000e+01
     3712    0    0    0    0    0    0   1.866667e+02  -1.000000e+01  -8.000000e+00
     3713    0    0    0    0    0    0   1.900000e+02  -1.000000e+01  -6.000000e+00
     3714    0    0    0    0    0    0   1.933333e+02  -1.000000e+01  -4.000000e+00
     3715    0    0    0    0    0    0   1.966667e+02  -1.000000e+01  -2.000000e+00
     3716    0    0    0    0    0    0   2.000000e+02  -1.000000e+01  -3.750000e+00
     3717    0    0    0    0    0    0   2.000000e+02  -1.000000e+01  -7.500000e+00
     3718    0    0    0    0    0    0   2.000000e+02  -1.000000e+01  -1.125000e+01
     3719    0    0    0    0    0    0   2.000000e+02  -1.000000e+01  -1.500000e+01
     3720    0    0    0    0    0    0   2.000000e+02  -1.000000e+01  -1.875000e+01
     3721    0    0    0    0    0    0   2.000000e+02  -1.000000e+01  -2.250000e+01
     3722    0    0    0    0    0    0   2.000000e+02  -1.000000e+01  -2.625000e+01
     3723    0    0    0    0    0    0   2.038462e+02  -1.000000e+01  -3.000000e+01
     3724    0    0    0    0    0    0   2.076923e+02  -1.000000e+01  -3.000000e+01
     3725    0    0    0    0    0    0   2.115385e+02  -1.000000e+01  -3.000000e+01
     3726    0    0    0    0    0    0   2.153846e+02  -1.000000e+01  -3.000000e+01
     3727    0    0    0    0    0    0   2.192308e+02  -1.000000e+01  -3.000000e+01
     3728    0    0    0    0    0    0   2.230769e+02  -1.000000e+01  -3.000000e+01
     3729    0    0    0    0    0    0   2.269231e+02  -1.000000e+01  -3.000000e+01
     3730    0    0    0    0    0    0   2.307692e+02  -1.000000e+01  -3.000000e+01
     3731    0    0    0    0    0    0   2.346154e+02  -1.000000e+01  -3.000000e+01
     3732    0    0    0    0    0    0   2.384615e+02  -1.000000e+01  -3.000000e+01
     3733    0    0    0    0    0    0   2.423077e+02  -1.000000e+01  -3.000000e+01
     3734    0    0    0    0    0    0   2.461538e+02  -1.000000e+01  -3.000000e+01
     3735    0    0    0    0    0    0   1.500000e+02  -1.000000e+01  -2.625000e+01
     3736    0    0    0    0    0    0   1.500000e+02  -1.000000e+01  -2.250000e+01
     3737    0    0    0    0    0    0   1.500000e+02  -1.000000e+01  -1.875000e+01
     3738    0    0    0    0    0    0   1.500000e+02  -1.000000e+01  -1.500000e+01
     3739    0    0    0    0    0    0   1.500000e+02  -1.000000e+01  -1.125000e+01
     3740    0    0    0    0    0    0   1.500000e+02  -1.000000e+01  -7.500000e+00
     3741    0    0    0    0    0    0   1.500000e+02  -1.000000e+01  -3.750000e+00
     3742    0    0    0    0    0    0   2.033333e+02  -1.000000e+01  -2.000000e+00
     3743    0    0    0    0    0    0   2.066667e+02  -1.000000e+01  -4.000000e+00
     3744    0    0    0    0    0    0   2.100000e+02  -1.000000e+01  -6.000000e+00
     3745    0    0    0    0    0    0   2.133333e+02  -1.000000e+01  -8.000000e+00
     3746    0    0    0    0    0    0   2.166667e+02  -1.000000e+01  -1.000000e+01
     3747    0    0    0    0    0    0   2.200000e+02  -1.000000e+01  -1.200000e+01
     3748    0    0    0    0    0    0   2.233333e+02  -1.000000e+01  -1.400000e+01
     3749    0    0    0    0    0    0   2.266667e+02  -1.000000e+01  -1.600000e+01
     3750    0    0    0    0    0    0   2.300000e+02  -1.000000e+01  -1.800000e+01
     3751    0    0    0    0    0    0   2.333333e+02  -1.000000e+01  -2.000000e+01
     3752    0    0    0    0    0    0   2.366667e+02  -1.000000e+01  -2.200000e+01
     3753    0    0    0    0    0    0   2.400000e+02  -1.000000e+01  -2.400000e+01
     3754    0    0    0    0    0    0   2.433333e+02  -1.000000e+01  -2.600000e+01
     3755    0    0    0    0    0    0   2.466667e+02  -1.000000e+01  -2.800000e+01
     3756    0    0    0    0    0    0  -2.000000e+02   1.000000e+01  -3.000000e+01
     3757    0    0    0    0    0    0  -1.500000e+02   1.000000e+01  -3.000000e+01
     3758    0    0    0    0    0    0  -5.000000e+01   1.000000e+01  -3.000000e+01
     3759    0    0    0    0    0    0  -1.000000e+02   1.000000e+01  -3.000000e+01
     3760    0    0    0    0    0    0   5.000000e+01   1.000000e+01  -3.000000e+01
     3761    0    0    0    0    0    0   1.000000e+02   1.000000e+01  -3.000000e+01
     3762    0    0    0    0    0    0   1.500000e+02   1.000000e+01  -3.000000e+01
     3763    0    0    0    0    0    0   2.000000e+02   1.000000e+01  -3.000000e+01
     3764    0    0    0    0    0    0  -2.038462e+02   1.000000e+01  -3.000000e+01
     3765    0    0    0    0    0    0  -2.076923e+02   1.000000e+01  -3.000000e+01
     3766    0    0    0    0    0    0  -2.115385e+02   1.000000e+01  -3.000000e+01
     3767    0    0    0    0    0    0  -2.153846e+02   1.000000e+01  -3.000000e+01
     3768    0    0    0    0    0    0  -2.192308e+02   1.000000e+01  -3.000000e+01
     3769    0    0    0    0    0    0  -2.230769e+02   1.000000e+01  -3.000000e+01
     3770    0    0    0    0    0    0  -2.269231e+02   1.000000e+01  -3.000000e+01
     3771    0    0    0    0    0    0  -2.307692e+02   1.000000e+01  -3.000000e+01
     3772    0    0    0    0    0    0  -2.346154e+02   1.000000e+01  -3.000000e+01
     3773    0    0    0    0    0    0  -2.384615e+02   1.000000e+01  -3.000000e+01
     3774    0    0    0    0    0    0  -2.423077e+02   1.000000e+01  -3.000000e+01
     3775    0    0    0    0    0    0  -2.461538e+02   1.000000e+01  -3.000000e+01
     3776    0    0    0    0    0    0  -2.033333e+02   1.000000e+01  -2.000000e+00
     3777    0    0    0    0    0    0  -2.066667e+02   1.000000e+01  -4.000000e+00
     3778    0    0    0    0    0    0  -2.100000e+02   1.000000e+01  -6.000000e+00
     3779    0    0    0    0    0    0  -2.133333e+02   1.000000e+01  -8.000000e+00
     3780    0    0    0    0    0    0  -2.166667e+02   1.000000e+01  -1.000000e+01
     3781    0    0    0    0    0    0  -2.200000e+02   1.000000e+01  -1.200000e+01
     3782    0    0    0    0    0    0  -2.233333e+02   1.000000e+01  -1.400000e+01
     3783    0    0    0    0    0    0  -2.266667e+02   1.000000e+01  -1.600000e+01
     3784    0    0    0    0    0    0  -2.300000e+02   1.000000e+01  -1.800000e+01
     3785    0    0    0    0    0    0  -2.333333e+02   1.000000e+01  -2.000000e+01
     3786    0    0    0    0    0    0  -2.366667e+02   1.000000e+01  -2.200000e+01
     3787    0    0    0    0    0    0  -2.400000e+02   1.000000e+01  -2.400000e+01
     3788    0    0    0    0    0    0  -2.433333e+02   1.000000e+01  -2.600000e+01
     3789    0    0    0    0    0    0  -2.466667e+02   1.000000e+01  -2.800000e+01
     3790    0    0    0    0    0    0  -1.533333e+02   1.000000e+01  -2.800000e+01
     3791    0    0    0    0    0    0  -1.566667e+02   1.000000e+01  -2.600000e+01
     3792    0    0    0    0    0    0  -1.600000e+02   1.000000e+01  -2.400000e+01
     3793    0    0    0    0    0    0  -1.633333e+02   1.000000e+01  -2.200000e+01
     3794    0    0    0    0    0    0  -1.666667e+02   1.000000e+01  -2.000000e+01
     3795    0    0    0    0    0    0  -1.700000e+02   1.000000e+01  -1.800000e+01
     3796    0    0    0    0    0    0  -1.733333e+02   1.000000e+01  -1.600000e+01
     3797    0    0    0    0    0    0  -1.766667e+02   1.000000e+01  -1.400000e+01
     3798    0    0    0    0    0    0  -1.800000e+02   1.000000e+01  -1.200000e+01
     3799    0    0    0    0    0    0  -1.833333e+02   1.000000e+01  -1.000000e+01
     3800    0    0    0    0    0    0  -1.866667e+02   1.000000e+01  -8.000000e+00
     3801    0    0    0    0    0    0  -1.900000e+02   1.000000e+01  -6.000000e+00
     3802    0    0    0    0    0    0  -1.933333e+02   1.000000e+01  -4.000000e+00
     3803    0    0    0    0    0    0  -1.966667e+02   1.000000e+01  -2.000000e+00
     3804    0    0    0    0    0    0  -1.500000e+02   1.000000e+01  -2.625000e+01
     3805    0    0    0    0    0    0  -1.500000e+02   1.000000e+01  -2.250000e+01
     3806    0    0    0    0    0    0  -1.500000e+02   1.000000e+01  -1.875000e+01
     3807    0    0    0    0    0    0  -1.500000e+02   1.000000e+01  -1.500000e+01
     3808    0    0    0    0    0    0  -1.500000e+02   1.000000e+01  -1.125000e+01
     3809    0    0    0    0    0    0  -1.500000e+02   1.000000e+01  -7.500000e+00
     3810    0    0    0    0    0    0  -1.500000e+02   1.000000e+01  -3.750000e+00
     3811    0    0    0    0    0    0  -2.000000e+02   1.000000e+01  -3.750000e+00
     3812    0    0    0    0    0    0  -2.000000e+02   1.000000e+01  -7.500000e+00
     3813    0    0    0    0    0    0  -2.000000e+02   1.000000e+01  -1.125000e+01
     3814    0    0    0    0    0    0  -2.000000e+02   1.000000e+01  -1.500000e+01
     3815    0    0    0    0    0    0  -2.000000e+02   1.000000e+01  -1.875000e+01
     3816    0    0    0    0    0    0  -2.000000e+02   1.000000e+01  -2.250000e+01
     3817    0    0    0    0    0    0  -2.000000e+02   1.000000e+01  -2.625000e+01
     3818    0    0    0    0    0    0  -1.033333e+02   1.000000e+01  -2.000000e+00
     3819    0    0    0    0    0    0  -1.066667e+02   1.000000e+01  -4.000000e+00
     3820    0    0    0    0    0    0  -1.100000e+02   1.000000e+01  -6.000000e+00
     3821    0    0    0    0    0    0  -1.133333e+02   1.000000e+01  -8.000000e+00
     3822    0    0    0    0    0    0  -1.166667e+02   1.000000e+01  -1.000000e+01
     3823    0    0    0    0    0    0  -1.200000e+02   1.000000e+01  -1.200000e+01
     3824    0    0    0    0    0    0  -1.233333e+02   1.000000e+01  -1.400000e+01
     3825    0    0    0    0    0    0  -1.266667e+02   1.000000e+01  -1.600000e+01
     3826    0    0    0    0    0    0  -1.300000e+02   1.000000e+01  -1.800000e+01
     3827    0    0    0    0    0    0  -1.333333e+02   1.000000e+01  -2.000000e+01
     3828    0    0    0    0    0    0  -1.366667e+02   1.000000e+01  -2.200000e+01
     3829    0    0    0    0    0    0  -1.400000e+02   1.000000e+01  -2.400000e+01
     3830    0    0    0    0    0    0  -1.433333e+02   1.000000e+01  -2.600000e+01
     3831    0    0    0    0    0    0  -1.466667e+02   1.000000e+01  -2.800000e+01
     3832    0    0    0    0    0    0  -5.333333e+01   1.000000e+01  -2.800000e+01
     3833    0    0    0    0    0    0  -5.666667e+01   1.000000e+01  -2.600000e+01
     3834    0    0    0    0    0    0  -6.000000e+01   1.000000e+01  -2.400000e+01
     3835    0    0    0    0    0    0  -6.333333e+01   1.000000e+01  -2.200000e+01
     3836    0    0    0    0    0    0  -6.666666e+01   1.000000e+01  -2.000000e+01
     3837    0    0    0    0    0    0  -7.000000e+01   1.000000e+01  -1.800000e+01
     3838    0    0    0    0    0    0  -7.333334e+01   1.000000e+01  -1.600000e+01
     3839    0    0    0    0    0    0  -7.666666e+01   1.000000e+01  -1.400000e+01
     3840    0    0    0    0    0    0  -8.000000e+01   1.000000e+01  -1.200000e+01
     3841    0    0    0    0    0    0  -8.333334e+01   1.000000e+01  -1.000000e+01
     3842    0    0    0    0    0    0  -8.666666e+01   1.000000e+01  -8.000000e+00
     3843    0    0    0    0    0    0  -9.000000e+01   1.000000e+01  -6.000000e+00
     3844    0    0    0    0    0    0  -9.333334e+01   1.000000e+01  -4.000000e+00
     3845    0    0    0    0    0    0  -9.666666e+01   1.000000e+01  -2.000000e+00
     3846    0    0    0    0    0    0  -5.000000e+01   1.000000e+01  -2.625000e+01
     3847    0    0    0    0    0    0  -5.000000e+01   1.000000e+01  -2.250000e+01
     3848    0    0    0    0    0    0  -5.000000e+01   1.000000e+01  -1.875000e+01
     3849    0    0    0    0    0    0  -5.000000e+01   1.000000e+01  -1.500000e+01
     3850    0    0    0    0    0    0  -5.000000e+01   1.000000e+01  -1.125000e+01
     3851    0    0    0    0    0    0  -5.000000e+01   1.000000e+01  -7.500000e+00
     3852    0    0    0    0    0    0  -5.000000e+01   1.000000e+01  -3.750000e+00
     3853    0    0    0    0    0    0  -1.538462e+02   1.000000e+01  -3.000000e+01
     3854    0    0    0    0    0    0  -1.576923e+02   1.000000e+01  -3.000000e+01
     3855    0    0    0    0    0    0  -1.615385e+02   1.000000e+01  -3.000000e+01
     3856    0    0    0    0    0    0  -1.653846e+02   1.000000e+01  -3.000000e+01
     3857    0    0    0    0    0    0  -1.692308e+02   1.000000e+01  -3.000000e+01
     3858    0    0    0    0    0    0  -1.730769e+02   1.000000e+01  -3.000000e+01
     3859    0    0    0    0    0    0  -1.769231e+02   1.000000e+01  -3.000000e+01
     3860    0    0    0    0    0    0  -1.807692e+02   1.000000e+01  -3.000000e+01
     3861    0    0    0    0    0    0  -1.846154e+02   1.000000e+01  -3.000000e+01
     3862    0    0    0    0    0    0  -1.884615e+02   1.000000e+01  -3.000000e+01
     3863    0    0    0    0    0    0  -1.923077e+02   1.000000e+01  -3.000000e+01
     3864    0    0    0    0    0    0  -1.961538e+02   1.000000e+01  -3.000000e+01
     3865    0    0    0    0    0    0  -1.038461e+02   1.000000e+01  -3.000000e+01
     3866    0    0    0    0    0    0  -1.076923e+02   1.000000e+01  -3.000000e+01
     3867    0    0    0    0    0    0  -1.115385e+02   1.000000e+01  -3.000000e+01
     3868    0    0    0    0    0    0  -1.153846e+02   1.000000e+01  -3.000000e+01
     3869    0    0    0    0    0    0  -1.192308e+02   1.000000e+01  -3.000000e+01
     3870    0    0    0    0    0    0  -1.230769e+02   1.000000e+01  -3.000000e+01
     3871    0    0    0    0    0    0  -1.269231e+02   1.000000e+01  -3.000000e+01
     3872    0    0    0    0    0    0  -1.307692e+02   1.000000e+01  -3.000000e+01
     3873    0    0    0    0    0    0  -1.346154e+02   1.000000e+01  -3.000000e+01
     3874    0    0    0    0    0    0  -1.384615e+02   1.000000e+01  -3.000000e+01
     3875    0    0    0    0    0    0  -1.423077e+02   1.000000e+01  -3.000000e+01
     3876    0    0    0    0    0    0  -1.461538e+02   1.000000e+01  -3.000000e+01
     3877    0    0    0    0    0    0  -1.000000e+02   1.000000e+01  -3.750000e+00
     3878    0    0    0    0    0    0  -1.000000e+02   1.000000e+01  -7.500000e+00
     3879    0    0    0    0    0    0  -1.000000e+02   1.000000e+01  -1.125000e+01
     3880    0    0    0    0    0    0  -1.000000e+02   1.000000e+01  -1.500000e+01
     3881    0    0    0    0    0    0  -1.000000e+02   1.000000e+01  -1.875000e+01
     3882    0    0    0    0    0    0  -1.000000e+02   1.000000e+01  -2.250000e+01
     3883    0    0    0    0    0    0  -1.000000e+02   1.000000e+01  -2.625000e+01
     3884    0    0    0    0    0    0  -3.333333e+00   1.000000e+01  -2.000000e+00
     3885    0    0    0    0    0    0  -6.666666e+00   1.000000e+01  -4.000000e+00
     3886    0    0    0    0    0    0  -1.000000e+01   1.000000e+01  -6.000000e+00
     3887    0    0    0    0    0    0  -1.333333e+01   1.000000e+01  -8.000000e+00
     3888    0    0    0    0    0    0  -1.666667e+01   1.000000e+01  -1.000000e+01
     3889    0    0    0    0    0    0  -2.000000e+01   1.000000e+01  -1.200000e+01
     3890    0    0    0    0    0    0  -2.333333e+01   1.000000e+01  -1.400000e+01
     3891    0    0    0    0    0    0  -2.666667e+01   1.000000e+01  -1.600000e+01
     3892    0    0    0    0    0    0  -3.000000e+01   1.000000e+01  -1.800000e+01
     3893    0    0    0    0    0    0  -3.333333e+01   1.000000e+01  -2.000000e+01
     3894    0    0    0    0    0    0  -3.666667e+01   1.000000e+01  -2.200000e+01
     3895    0    0    0    0    0    0  -4.000000e+01   1.000000e+01  -2.400000e+01
     3896    0    0    0    0    0    0  -4.333333e+01   1.000000e+01  -2.600000e+01
     3897    0    0    0    0    0    0  -4.666667e+01   1.000000e+01  -2.800000e+01
     3898    0    0    0    0    0    0   3.333333e+00   1.000000e+01  -2.000000e+00
     3899    0    0    0    0    0    0   6.666666e+00   1.000000e+01  -4.000000e+00
     3900    0    0    0    0    0    0   1.000000e+01   1.000000e+01  -6.000000e+00
     3901    0    0    0    0    0    0   1.333333e+01   1.000000e+01  -8.000000e+00
     3902    0    0    0    0    0    0   1.666667e+01   1.000000e+01  -1.000000e+01
     3903    0    0    0    0    0    0   2.000000e+01   1.000000e+01  -1.200000e+01
     3904    0    0    0    0    0    0   2.333333e+01   1.000000e+01  -1.400000e+01
     3905    0    0    0    0    0    0   2.666667e+01   1.000000e+01  -1.600000e+01
     3906    0    0    0    0    0    0   3.000000e+01   1.000000e+01  -1.800000e+01
     3907    0    0    0    0    0    0   3.333333e+01   1.000000e+01  -2.000000e+01
     3908    0    0    0    0    0    0   3.666667e+01   1.000000e+01  -2.200000e+01
     3909    0    0    0    0    0    0   4.000000e+01   1.000000e+01  -2.400000e+01
     3910    0    0    0    0    0    0   4.333333e+01   1.000000e+01  -2.600000e+01
     3911    0    0    0    0    0    0   4.666667e+01   1.000000e+01  -2.800000e+01
     3912    0    0    0    0    0    0   3.846154e+00   1.000000e+01  -3.000000e+01
     3913    0    0    0    0    0    0   7.692308e+00   1.000000e+01  -3.000000e+01
     3914    0    0    0    0    0    0   1.153846e+01   1.000000e+01  -3.000000e+01
     3915    0    0    0    0    0    0   1.538462e+01   1.000000e+01  -3.000000e+01
     3916    0    0    0    0    0    0   1.923077e+01   1.000000e+01  -3.000000e+01
     3917    0    0    0    0    0    0   2.307692e+01   1.000000e+01  -3.000000e+01
     3918    0    0    0    0    0    0   2.692308e+01   1.000000e+01  -3.000000e+01
     3919    0    0    0    0    0    0   3.076923e+01   1.000000e+01  -3.000000e+01
     3920    0    0    0    0    0    0   3.461538e+01   1.000000e+01  -3.000000e+01
     3921    0    0    0    0    0    0   3.846154e+01   1.000000e+01  -3.000000e+01
     3922    0    0    0    0    0    0   4.230769e+01   1.000000e+01  -3.000000e+01
     3923    0    0    0    0    0    0   4.615385e+01   1.000000e+01  -3.000000e+01
     3924    0    0    0    0    0    0   0.000000e+00   1.000000e+01  -2.625000e+01
     3925    0    0    0    0    0    0   0.000000e+00   1.000000e+01  -2.250000e+01
     3926    0    0    0    0    0    0   0.000000e+00   1.000000e+01  -1.875000e+01
     3927    0    0    0    0    0    0   0.000000e+00   1.000000e+01  -1.125000e+01
     3928    0    0    0    0    0    0   0.000000e+00   1.000000e+01  -7.500000e+00
     3929    0    0    0    0    0    0   0.000000e+00   1.000000e+01  -3.750000e+00
     3930    0    0    0    0    0    0  -5.384615e+01   1.000000e+01  -3.000000e+01
     3931    0    0    0    0    0    0  -5.769231e+01   1.000000e+01  -3.000000e+01
     3932    0    0    0    0    0    0  -6.153846e+01   1.000000e+01  -3.000000e+01
     3933    0    0    0    0    0    0  -6.538461e+01   1.000000e+01  -3.000000e+01
     3934    0    0    0    0    0    0  -6.923077e+01   1.000000e+01  -3.000000e+01
     3935    0    0    0    0    0    0  -7.307692e+01   1.000000e+01  -3.000000e+01
     3936    0    0    0    0    0    0  -7.692308e+01   1.000000e+01  -3.000000e+01
     3937    0    0    0    0    0    0  -8.076923e+01   1.000000e+01  -3.000000e+01
     3938    0    0    0    0    0    0  -8.461539e+01   1.000000e+01  -3.000000e+01
     3939    0    0    0    0    0    0  -8.846154e+01   1.000000e+01  -3.000000e+01
     3940    0    0    0    0    0    0  -9.230769e+01   1.000000e+01  -3.000000e+01
     3941    0    0    0    0    0    0  -9.615385e+01   1.000000e+01  -3.000000e+01
     3942    0    0    0    0    0    0  -3.846154e+00   1.000000e+01  -3.000000e+01
     3943    0    0    0    0    0    0  -7.692308e+00   1.000000e+01  -3.000000e+01
     3944    0    0    0    0    0    0  -1.153846e+01   1.000000e+01  -3.000000e+01
     3945    0    0    0    0    0    0  -1.538462e+01   1.000000e+01  -3.000000e+01
     3946    0    0    0    0    0    0  -1.923077e+01   1.000000e+01  -3.000000e+01
     3947    0    0    0    0    0    0  -2.307692e+01   1.000000e+01  -3.000000e+01
     3948    0    0    0    0    0    0  -2.692308e+01   1.000000e+01  -3.000000e+01
     3949    0    0    0    0    0    0  -3.076923e+01   1.000000e+01  -3.000000e+01
     3950    0    0    0    0    0    0  -3.461538e+01   1.000000e+01  -3.000000e+01
     3951    0    0    0    0    0    0  -3.846154e+01   1.000000e+01  -3.000000e+01
     3952    0    0    0    0    0    0  -4.230769e+01   1.000000e+01  -3.000000e+01
     3953    0    0    0    0    0    0  -4.615385e+01   1.000000e+01  -3.000000e+01
     3954    0    0    0    0    0    0   5.384615e+01   1.000000e+01  -3.000000e+01
     3955    0    0    0    0    0    0   5.769231e+01   1.000000e+01  -3.000000e+01
     3956    0    0    0    0    0    0   6.153846e+01   1.000000e+01  -3.000000e+01
     3957    0    0    0    0    0    0   6.538461e+01   1.000000e+01  -3.000000e+01
     3958    0    0    0    0    0    0   6.923077e+01   1.000000e+01  -3.000000e+01
     3959    0    0    0    0    0    0   7.307692e+01   1.000000e+01  -3.000000e+01
     3960    0    0    0    0    0    0   7.692308e+01   1.000000e+01  -3.000000e+01
     3961    0    0    0    0    0    0   8.076923e+01   1.000000e+01  -3.000000e+01
     3962    0    0    0    0    0    0   8.461539e+01   1.000000e+01  -3.000000e+01
     3963    0    0    0    0    0    0   8.846154e+01   1.000000e+01  -3.000000e+01
     3964    0    0    0    0    0    0   9.230769e+01   1.000000e+01  -3.000000e+01
     3965    0    0    0    0    0    0   9.615385e+01   1.000000e+01  -3.000000e+01
     3966    0    0    0    0    0    0   5.333333e+01   1.000000e+01  -2.800000e+01
     3967    0    0    0    0    0    0   5.666667e+01   1.000000e+01  -2.600000e+01
     3968    0    0    0    0    0    0   6.000000e+01   1.000000e+01  -2.400000e+01
     3969    0    0    0    0    0    0   6.333333e+01   1.000000e+01  -2.200000e+01
     3970    0    0    0    0    0    0   6.666666e+01   1.000000e+01  -2.000000e+01
     3971    0    0    0    0    0    0   7.000000e+01   1.000000e+01  -1.800000e+01
     3972    0    0    0    0    0    0   7.333334e+01   1.000000e+01  -1.600000e+01
     3973    0    0    0    0    0    0   7.666666e+01   1.000000e+01  -1.400000e+01
     3974    0    0    0    0    0    0   8.000000e+01   1.000000e+01  -1.200000e+01
     3975    0    0    0    0    0    0   8.333334e+01   1.000000e+01  -1.000000e+01
     3976    0    0    0    0    0    0   8.666666e+01   1.000000e+01  -8.000000e+00
     3977    0    0    0    0    0    0   9.000000e+01   1.000000e+01  -6.000000e+00
     3978    0    0    0    0    0    0   9.333334e+01   1.000000e+01  -4.000000e+00
     3979    0    0    0    0    0    0   9.666666e+01   1.000000e+01  -2.000000e+00
     3980    0    0    0    0    0    0   1.000000e+02   1.000000e+01  -3.750000e+00
     3981    0    0    0    0    0    0   1.000000e+02   1.000000e+01  -7.500000e+00
     3982    0    0    0    0    0    0   1.000000e+02   1.000000e+01  -1.125000e+01
     3983    0    0    0    0    0    0   1.000000e+02   1.000000e+01  -1.500000e+01
     3984    0    0    0    0    0    0   1.000000e+02   1.000000e+01  -1.875000e+01
     3985    0    0    0    0    0    0   1.000000e+02   1.000000e+01  -2.250000e+01
     3986    0    0    0    0    0    0   1.000000e+02   1.000000e+01  -2.625000e+01
     3987    0    0    0    0    0    0   1.038461e+02   1.000000e+01  -3.000000e+01
     3988    0    0    0    0    0    0   1.076923e+02   1.000000e+01  -3.000000e+01
     3989    0    0    0    0    0    0   1.115385e+02   1.000000e+01  -3.000000e+01
     3990    0    0    0    0    0    0   1.153846e+02   1.000000e+01  -3.000000e+01
     3991    0    0    0    0    0    0   1.192308e+02   1.000000e+01  -3.000000e+01
     3992    0    0    0    0    0    0   1.230769e+02   1.000000e+01  -3.000000e+01
     3993    0    0    0    0    0    0   1.269231e+02   1.000000e+01  -3.000000e+01
     3994    0    0    0    0    0    0   1.307692e+02   1.000000e+01  -3.000000e+01
     3995    0    0    0    0    0    0   1.346154e+02   1.000000e+01  -3.000000e+01
     3996    0    0    0    0    0    0   1.384615e+02   1.000000e+01  -3.000000e+01
     3997    0    0    0    0    0    0   1.423077e+02   1.000000e+01  -3.000000e+01
     3998    0    0    0    0    0    0   1.461538e+02   1.000000e+01  -3.000000e+01
     3999    0    0    0    0    0    0   5.000000e+01   1.000000e+01  -2.625000e+01
     4000    0    0    0    0    0    0   5.000000e+01   1.000000e+01  -2.250000e+01
     4001    0    0    0    0    0    0   5.000000e+01   1.000000e+01  -1.875000e+01
     4002    0    0    0    0    0    0   5.000000e+01   1.000000e+01  -1.500000e+01
     4003    0    0    0    0    0    0   5.000000e+01   1.000000e+01  -1.125000e+01
     4004    0    0    0    0    0    0   5.000000e+01   1.000000e+01  -7.500000e+00
     4005    0    0    0    0    0    0   5.000000e+01   1.000000e+01  -3.750000e+00
     4006    0    0    0    0    0    0   1.033333e+02   1.000000e+01  -2.000000e+00
     4007    0    0    0    0    0    0   1.066667e+02   1.000000e+01  -4.000000e+00
     4008    0    0    0    0    0    0   1.100000e+02   1.000000e+01  -6.000000e+00
     4009    0    0    0    0    0    0   1.133333e+02   1.000000e+01  -8.000000e+00
     4010    0    0    0    0    0    0   1.166667e+02   1.000000e+01  -1.000000e+01
     4011    0    0    0    0    0    0   1.200000e+02   1.000000e+01  -1.200000e+01
     4012    0    0    0    0    0    0   1.233333e+02   1.000000e+01  -1.400000e+01
     4013    0    0    0    0    0    0   1.266667e+02   1.000000e+01  -1.600000e+01
     4014    0    0    0    0    0    0   1.300000e+02   1.000000e+01  -1.800000e+01
     4015    0    0    0    0    0    0   1.333333e+02   1.000000e+01  -2.000000e+01
     4016    0    0    0    0    0    0   1.366667e+02   1.000000e+01  -2.200000e+01
     4017    0    0    0    0    0    0   1.400000e+02   1.000000e+01  -2.400000e+01
     4018    0    0    0    0    0    0   1.433333e+02   1.000000e+01  -2.600000e+01
     4019    0    0    0    0    0    0   1.466667e+02   1.000000e+01  -2.800000e+01
     4020    0    0    0    0    0    0   1.538462e+02   1.000000e+01  -3.000000e+01
     4021    0    0    0    0    0    0   1.576923e+02   1.000000e+01  -3.000000e+01
     4022    0    0    0    0    0    0   1.615385e+02   1.000000e+01  -3.000000e+01
     4023    0    0    0    0    0    0   1.653846e+02   1.000000e+01  -3.000000e+01
     4024    0    0    0    0    0    0   1.692308e+02   1.000000e+01  -3.000000e+01
     4025    0    0    0    0    0    0   1.730769e+02   1.000000e+01  -3.000000e+01
     4026    0    0    0    0    0    0   1.769231e+02   1.000000e+01  -3.000000e+01
     4027    0    0    0    0    0    0   1.807692e+02   1.000000e+01  -3.000000e+01
     4028    0    0    0    0    0    0   1.846154e+02   1.000000e+01  -3.000000e+01
     4029    0    0    0    0    0    0   1.884615e+02   1.000000e+01  -3.000000e+01
     4030    0    0    0    0    0    0   1.923077e+02   1.000000e+01  -3.000000e+01
     4031    0    0    0    0    0    0   1.961538e+02   1.000000e+01  -3.000000e+01
     4032    0    0    0    0    0    0   1.533333e+02   1.000000e+01  -2.800000e+01
     4033    0    0    0    0    0    0   1.566667e+02   1.000000e+01  -2.600000e+01
     4034    0    0    0    0    0    0   1.600000e+02   1.000000e+01  -2.400000e+01
     4035    0    0    0    0    0    0   1.633333e+02   1.000000e+01  -2.200000e+01
     4036    0    0    0    0    0    0   1.666667e+02   1.000000e+01  -2.000000e+01
     4037    0    0    0    0    0    0   1.700000e+02   1.000000e+01  -1.800000e+01
     4038    0    0    0    0    0    0   1.733333e+02   1.000000e+01  -1.600000e+01
     4039    0    0    0    0    0    0   1.766667e+02   1.000000e+01  -1.400000e+01
     4040    0    0    0    0    0    0   1.800000e+02   1.000000e+01  -1.200000e+01
     4041    0    0    0    0    0    0   1.833333e+02   1.000000e+01  -1.000000e+01
     4042    0    0    0    0    0    0   1.866667e+02   1.000000e+01  -8.000000e+00
     4043    0    0    0    0    0    0   1.900000e+02   1.000000e+01  -6.000000e+00
     4044    0    0    0    0    0    0   1.933333e+02   1.000000e+01  -4.000000e+00
     4045    0    0    0    0    0    0   1.966667e+02   1.000000e+01  -2.000000e+00
     4046    0    0    0    0    0    0   2.000000e+02   1.000000e+01  -3.750000e+00
     4047    0    0    0    0    0    0   2.000000e+02   1.000000e+01  -7.500000e+00
     4048    0    0    0    0    0    0   2.000000e+02   1.000000e+01  -1.125000e+01
     4049    0    0    0    0    0    0   2.000000e+02   1.000000e+01  -1.500000e+01
     4050    0    0    0    0    0    0   2.000000e+02   1.000000e+01  -1.875000e+01
     4051    0    0    0    0    0    0   2.000000e+02   1.000000e+01  -2.250000e+01
     4052    0    0    0    0    0    0   2.000000e+02   1.000000e+01  -2.625000e+01
     4053    0    0    0    0    0    0   2.038462e+02   1.000000e+01  -3.000000e+01
     4054    0    0    0    0    0    0   2.076923e+02   1.000000e+01  -3.000000e+01
     4055    0    0    0    0    0    0   2.115385e+02   1.000000e+01  -3.000000e+01
     4056    0    0    0    0    0    0   2.153846e+02   1.000000e+01  -3.000000e+01
     4057    0    0    0    0    0    0   2.192308e+02   1.000000e+01  -3.000000e+01
     4058    0    0    0    0    0    0   2.230769e+02   1.000000e+01  -3.000000e+01
     4059    0    0    0    0    0    0   2.269231e+02   1.000000e+01  -3.000000e+01
     4060    0    0    0    0    0    0   2.307692e+02   1.000000e+01  -3.000000e+01
     4061    0    0    0    0    0    0   2.346154e+02   1.000000e+01  -3.000000e+01
     4062    0    0    0    0    0    0   2.384615e+02   1.000000e+01  -3.000000e+01
     4063    0    0    0    0    0    0   2.423077e+02   1.000000e+01  -3.000000e+01
     4064    0    0    0    0    0    0   2.461538e+02   1.000000e+01  -3.000000e+01
     4065    0    0    0    0    0    0   1.500000e+02   1.000000e+01  -2.625000e+01
     4066    0    0    0    0    0    0   1.500000e+02   1.000000e+01  -2.250000e+01
     4067    0    0    0    0    0    0   1.500000e+02   1.000000e+01  -1.875000e+01
     4068    0    0    0    0    0    0   1.500000e+02   1.000000e+01  -1.500000e+01
     4069    0    0    0    0    0    0   1.500000e+02   1.000000e+01  -1.125000e+01
     4070    0    0    0    0    0    0   1.500000e+02   1.000000e+01  -7.500000e+00
     4071    0    0    0    0    0    0   1.500000e+02   1.000000e+01  -3.750000e+00
     4072    0    0    0    0    0    0   2.033333e+02   1.000000e+01  -2.000000e+00
     4073    0    0    0    0    0    0   2.066667e+02   1.000000e+01  -4.000000e+00
     4074    0    0    0    0    0    0   2.100000e+02   1.000000e+01  -6.000000e+00
     4075    0    0    0    0    0    0   2.133333e+02   1.000000e+01  -8.000000e+00
     4076    0    0    0    0    0    0   2.166667e+02   1.000000e+01  -1.000000e+01
     4077    0    0    0    0    0    0   2.200000e+02   1.000000e+01  -1.200000e+01
     4078    0    0    0    0    0    0   2.233333e+02   1.000000e+01  -1.400000e+01
     4079    0    0    0    0    0    0   2.266667e+02   1.000000e+01  -1.600000e+01
     4080    0    0    0    0    0    0   2.300000e+02   1.000000e+01  -1.800000e+01
     4081    0    0    0    0    0    0   2.333333e+02   1.000000e+01  -2.000000e+01
     4082    0    0    0    0    0    0   2.366667e+02   1.000000e+01  -2.200000e+01
     4083    0    0    0    0    0    0   2.400000e+02   1.000000e+01  -2.400000e+01
     4084    0    0    0    0    0    0   2.433333e+02   1.000000e+01  -2.600000e+01
     4085    0    0    0    0    0    0   2.466667e+02   1.000000e+01  -2.800000e+01

 EQUATION NUMBERS

   NODE NUMBER        DEGREES OF FREEDOM
        N           X    Y    Z   RX   RY   RZ
        1           1    0    2    3    4    0
        2           5    0    6    7    8    0
        3           9    0   10   11   12    0
        4          13    0   14   15   16    0
        5          17    0   18   19   20    0
        6          21    0   22   23   24    0
        7          25    0   26   27   28    0
        8          29    0   30   31   32    0
        9          33   34   35   36   37    0
       10          38   39   40   41   42    0
       11          43    0   44   45   46    0
       12          47    0   48   49   50    0
       13          51    0   52   53   54    0
       14          55    0   56   57   58    0
       15          59    0   60   61   62    0
       16          63    0   64   65   66    0
       17          67    0   68   69   70    0
       18          71    0   72   73   74    0
       19          75   76   77   78   79    0
       20          80   81   82   83   84    0
       21          85   86   87   88   89    0
       22          90   91   92   93   94    0
       23           0    0   95   96   97    0
       24           0    0   98   99  100    0
       25           0    0  101  102  103    0
       26           0    0  104  105  106    0
       27           0    0  107  108  109    0
       28           0    0  110  111  112    0
       29           0    0  113  114  115    0
       30           0    0  116  117  118    0
       31           0    0  119  120  121    0
       32           0    0  122  123  124    0
       33           0    0  125  126  127    0
       34           0    0  128  129  130    0
       35           0    0  131  132  133    0
       36           0    0  134  135  136    0
       37           0    0  137  138  139    0
       38           0    0  140  141  142    0
       39           0    0  143  144  145    0
       40           0    0  146  147  148    0
       41           0    0  149  150  151    0
       42           0    0  152  153  154    0
       43           0    0  155  156  157    0
       44           0    0  158  159  160    0
       45           0    0  161  162  163    0
       46           0    0  164  165  166    0
       47           0    0  167  168  169    0
       48           0    0  170  171  172    0
       49           0    0  173  174  175    0
       50           0    0  176  177  178    0
       51           0    0  179  180  181    0
       52           0    0  182  183  184    0
       53           0    0  185  186  187    0
       54           0    0  188  189  190    0
       55           0    0  191  192  193    0
       56           0    0  194  195  196    0
       57           0    0  197  198  199    0
       58           0    0  200  201  202    0
       59           0    0  203  204  205    0
       60           0    0  206  207  208    0
       61           0    0  209  210  211    0
       62           0    0  212  213  214    0
       63           0    0  215  216  217    0
       64           0    0  218  219  220    0
       65           0    0  221  222  223    0
       66           0    0  224  225  226    0
       67           0    0  227  228  229    0
       68           0    0  230  231  232    0
       69           0    0  233  234  235    0
       70           0    0  236  237  238    0
       71           0    0  239  240  241    0
       72           0    0  242  243  244    0
       73           0    0  245  246  247    0
       74           0    0  248  249  250    0
       75           0    0  251  252  253    0
       76           0    0  254  255  256    0
       77           0    0  257  258  259    0
       78           0    0  260  261  262    0
       79           0    0  263  264  265    0
       80           0    0  266  267  268    0
       81           0    0  269  270  271    0
       82           0    0  272  273  274    0
       83           0    0  275  276  277    0
       84           0    0  278  279  280    0
       85           0    0  281  282  283    0
       86           0    0  284  285  286    0
       87           0    0  287  288  289    0
       88           0    0  290  291  292    0
       89           0    0  293  294  295    0
       90           0    0  296  297  298    0
       91           0    0  299  300  301    0
       92           0    0  302  303  304    0
       93           0    0  305  306  307    0
       94           0    0  308  309  310    0
       95           0    0  311  312  313    0
       96           0    0  314  315  316    0
       97           0    0  317  318  319    0
       98           0    0  320  321  322    0
       99           0    0  323  324  325    0
      100           0    0  326  327  328    0
      101           0    0  329  330  331    0
      102           0    0  332  333  334    0
      103           0    0  335  336  337    0
      104           0    0  338  339  340    0
      105           0    0  341  342  343    0
      106           0    0  344  345  346    0
      107           0    0  347  348  349    0
      108           0    0  350  351  352    0
      109           0    0  353  354  355    0
      110           0    0  356  357  358    0
      111           0    0  359  360  361    0
      112           0    0  362  363  364    0
      113           0    0  365  366  367    0
      114           0    0  368  369  370    0
      115           0    0  371  372  373    0
      116           0    0  374  375  376    0
      117           0    0  377  378  379    0
      118           0    0  380  381  382    0
      119           0    0  383  384  385    0
      120           0    0  386  387  388    0
      121           0    0  389  390  391    0
      122           0    0  392  393  394    0
      123           0    0  395  396  397    0
      124           0    0  398  399  400    0
      125           0    0  401  402  403    0
      126           0    0  404  405  406    0
      127           0    0  407  408  409    0
      128           0    0  410  411  412    0
      129           0    0  413  414  415    0
      130           0    0  416  417  418    0
      131           0    0  419  420  421    0
      132           0    0  422  423  424    0
      133           0    0  425  426  427    0
      134           0    0  428  429  430    0
      135           0    0  431  432  433    0
      136           0    0  434  435  436    0
      137           0    0  437  438  439    0
      138           0    0  440  441  442    0
      139           0    0  443  444  445    0
      140           0    0  446  447  448    0
      141           0    0  449  450  451    0
      142           0    0  452  453  454    0
      143           0    0  455  456  457    0
      144           0    0  458  459  460    0
      145           0    0  461  462  463    0
      146           0    0  464  465  466    0
      147           0    0  467  468  469    0
      148           0    0  470  471  472    0
      149           0    0  473  474  475    0
      150           0    0  476  477  478    0
      151           0    0  479  480  481    0
      152           0    0  482  483  484    0
      153           0    0  485  486  487    0
      154           0    0  488  489  490    0
      155           0    0  491  492  493    0
      156           0    0  494  495  496    0
      157           0    0  497  498  499    0
      158           0    0  500  501  502    0
      159           0    0  503  504  505    0
      160           0    0  506  507  508    0
      161           0    0  509  510  511    0
      162           0    0  512  513  514    0
      163           0    0  515  516  517    0
      164           0    0  518  519  520    0
      165           0    0  521  522  523    0
      166           0    0  524  525  526    0
      167           0    0  527  528  529    0
      168           0    0  530  531  532    0
      169           0    0  533  534  535    0
      170           0    0  536  537  538    0
      171           0    0  539  540  541    0
      172           0    0  542  543  544    0
      173           0    0  545  546  547    0
      174           0    0  548  549  550    0
      175           0    0  551  552  553    0
      176           0    0  554  555  556    0
      177           0    0  557  558  559    0
      178           0    0  560  561  562    0
      179           0    0  563  564  565    0
      180           0    0  566  567  568    0
      181           0    0  569  570  571    0
      182           0    0  572  573  574    0
      183           0    0  575  576  577    0
      184           0    0  578  579  580    0
      185           0    0  581  582  583    0
      186           0    0  584  585  586    0
      187           0    0  587  588  589    0
      188           0    0  590  591  592    0
      189           0    0  593  594  595    0
      190           0    0  596  597  598    0
      191           0    0  599  600  601    0
      192           0    0  602  603  604    0
      193           0    0  605  606  607    0
      194           0    0  608  609  610    0
      195           0    0  611  612  613    0
      196           0    0  614  615  616    0
      197           0    0  617  618  619    0
      198           0    0  620  621  622    0
      199           0    0  623  624  625    0
      200           0    0  626  627  628    0
      201           0    0  629  630  631    0
      202           0    0  632  633  634    0
      203         635  636  637  638  639    0
      204         640  641  642  643  644    0
      205         645  646  647  648  649    0
      206           0    0  650  651  652    0
      207           0    0  653  654  655    0
      208           0    0  656  657  658    0
      209           0    0  659  660  661    0
      210           0    0  662  663  664    0
      211           0    0  665  666  667    0
      212           0    0  668  669  670    0
      213           0    0  671  672  673    0
      214           0    0  674  675  676    0
      215           0    0  677  678  679    0
      216           0    0  680  681  682    0
      217           0    0  683  684  685    0
      218           0    0  686  687  688    0
      219           0    0  689  690  691    0
      220           0    0  692  693  694    0
      221           0    0  695  696  697    0
      222           0    0  698  699  700    0
      223           0    0  701  702  703    0
      224         704  705  706  707  708    0
      225         709  710  711  712  713    0
      226         714  715  716  717  718    0
      227           0    0  719  720  721    0
      228           0    0  722  723  724    0
      229           0    0  725  726  727    0
      230           0    0  728  729  730    0
      231           0    0  731  732  733    0
      232           0    0  734  735  736    0
      233           0    0  737  738  739    0
      234           0    0  740  741  742    0
      235           0    0  743  744  745    0
      236           0    0  746  747  748    0
      237           0    0  749  750  751    0
      238           0    0  752  753  754    0
      239           0    0  755  756  757    0
      240           0    0  758  759  760    0
      241           0    0  761  762  763    0
      242           0    0  764  765  766    0
      243           0    0  767  768  769    0
      244           0    0  770  771  772    0
      245           0    0  773  774  775    0
      246           0    0  776  777  778    0
      247           0    0  779  780  781    0
      248           0    0  782  783  784    0
      249           0    0  785  786  787    0
      250           0    0  788  789  790    0
      251           0    0  791  792  793    0
      252           0    0  794  795  796    0
      253           0    0  797  798  799    0
      254           0    0  800  801  802    0
      255           0    0  803  804  805    0
      256           0    0  806  807  808    0
      257           0    0  809  810  811    0
      258           0    0  812  813  814    0
      259           0    0  815  816  817    0
      260           0    0  818  819  820    0
      261           0    0  821  822  823    0
      262           0    0  824  825  826    0
      263           0    0  827  828  829    0
      264           0    0  830  831  832    0
      265           0    0  833  834  835    0
      266           0    0  836  837  838    0
      267           0    0  839  840  841    0
      268           0    0  842  843  844    0
      269           0    0  845  846  847    0
      270           0    0  848  849  850    0
      271           0    0  851  852  853    0
      272           0    0  854  855  856    0
      273           0    0  857  858  859    0
      274           0    0  860  861  862    0
      275           0    0  863  864  865    0
      276           0    0  866  867  868    0
      277           0    0  869  870  871    0
      278           0    0  872  873  874    0
      279           0    0  875  876  877    0
      280           0    0  878  879  880    0
      281           0    0  881  882  883    0
      282           0    0  884  885  886    0
      283           0    0  887  888  889    0
      284           0    0  890  891  892    0
      285           0    0  893  894  895    0
      286           0    0  896  897  898    0
      287           0    0  899  900  901    0
      288           0    0  902  903  904    0
      289           0    0  905  906  907    0
      290           0    0  908  909  910    0
      291           0    0  911  912  913    0
      292           0    0  914  915  916    0
      293           0    0  917  918  919    0
      294           0    0  920  921  922    0
      295           0    0  923  924  925    0
      296           0    0  926  927  928    0
      297           0    0  929  930  931    0
      298           0    0  932  933  934    0
      299           0    0  935  936  937    0
      300           0    0  938  939  940    0
      301           0    0  941  942  943    0
      302           0    0  944  945  946    0
      303           0    0  947  948  949    0
      304           0    0  950  951  952    0
      305           0    0  953  954  955    0
      306           0    0  956  957  958    0
      307           0    0  959  960  961    0
      308           0    0  962  963  964    0
      309           0    0  965  966  967    0
      310           0    0  968  969  970    0
      311           0    0  971  972  973    0
      312           0    0  974  975  976    0
      313           0    0  977  978  979    0
      314           0    0  980  981  982    0
      315           0    0  983  984  985    0
      316           0    0  986  987  988    0
      317           0    0  989  990  991    0
      318           0    0  992  993  994    0
      319           0    0  995  996  997    0
      320           0    0  998  999 1000    0
      321           0    0 1001 1002 1003    0
      322           0    0 1004 1005 1006    0
      323           0    0 1007 1008 1009    0
      324           0    0 1010 1011 1012    0
      325           0    0 1013 1014 1015    0
      326           0    0 1016 1017 1018    0
      327           0    0 1019 1020 1021    0
      328           0    0 1022 1023 1024    0
      329           0    0 1025 1026 1027    0
      330           0    0 1028 1029 1030    0
      331           0    0 1031 1032 1033    0
      332           0    0 1034 1035 1036    0
      333           0    0 1037 1038 1039    0
      334           0    0 1040 1041 1042    0
      335           0    0 1043 1044 1045    0
      336           0    0 1046 1047 1048    0
      337           0    0 1049 1050 1051    0
      338           0    0 1052 1053 1054    0
      339           0    0 1055 1056 1057    0
      340           0    0 1058 1059 1060    0
      341           0    0 1061 1062 1063    0
      342           0    0 1064 1065 1066    0
      343           0    0 1067 1068 1069    0
      344           0    0 1070 1071 1072    0
      345           0    0 1073 1074 1075    0
      346           0    0 1076 1077 1078    0
      347           0    0 1079 1080 1081    0
      348           0    0 1082 1083 1084    0
      349           0    0 1085 1086 1087    0
      350           0    0 1088 1089 1090    0
      351           0    0 1091 1092 1093    0
      352           0    0 1094 1095 1096    0
      353           0    0 1097 1098 1099    0
      354           0    0 1100 1101 1102    0
      355           0    0 1103 1104 1105    0
      356           0    0 1106 1107 1108    0
      357           0    0 1109 1110 1111    0
      358           0    0 1112 1113 1114    0
      359           0    0 1115 1116 1117    0
      360           0    0 1118 1119 1120    0
      361           0    0 1121 1122 1123    0
      362           0    0 1124 1125 1126    0
      363           0    0 1127 1128 1129    0
      364           0    0 1130 1131 1132    0
      365           0    0 1133 1134 1135    0
      366           0    0 1136 1137 1138    0
      367           0    0 1139 1140 1141    0
      368           0    0 1142 1143 1144    0
      369           0    0 1145 1146 1147    0
      370           0    0 1148 1149 1150    0
      371           0    0 1151 1152 1153    0
      372           0    0 1154 1155 1156    0
      373           0    0 1157 1158 1159    0
      374           0    0 1160 1161 1162    0
      375           0    0 1163 1164 1165    0
      376           0    0 1166 1167 1168    0
      377           0    0 1169 1170 1171    0
      378           0    0 1172 1173 1174    0
      379           0    0 1175 1176 1177    0
      380           0    0 1178 1179 1180    0
      381           0    0 1181 1182 1183    0
      382           0    0 1184 1185 1186    0
      383           0    0 1187 1188 1189    0
      384           0    0 1190 1191 1192    0
      385           0    0 1193 1194 1195    0
      386           0    0 1196 1197 1198    0
      387           0    0 1199 1200 1201    0
      388           0    0 1202 1203 1204    0
      389           0    0 1205 1206 1207    0
      390           0    0 1208 1209 1210    0
      391           0    0 1211 1212 1213    0
      392           0    0 1214 1215 1216    0
      393           0    0 1217 1218 1219    0
      394           0    0 1220 1221 1222    0
      395           0    0 1223 1224 1225    0
      396           0    0 1226 1227 1228    0
      397           0    0 1229 1230 1231    0
      398           0    0 1232 1233 1234    0
      399           0    0 1235 1236 1237    0
      400           0    0 1238 1239 1240    0
      401           0    0 1241 1242 1243    0
      402           0    0 1244 1245 1246    0
      403           0    0 1247 1248 1249    0
      404           0    0 1250 1251 1252    0
      405           0    0 1253 1254 1255    0
      406           0    0 1256 1257 1258    0
      407           0    0 1259 1260 1261    0
      408           0    0 1262 1263 1264    0
      409           0    0 1265 1266 1267    0
      410           0    0 1268 1269 1270    0
      411           0    0 1271 1272 1273    0
      412           0    0 1274 1275 1276    0
      413           0    0 1277 1278 1279    0
      414           0    0 1280 1281 1282    0
      415           0    0 1283 1284 1285    0
      416           0    0 1286 1287 1288    0
      417           0    0 1289 1290 1291    0
      418           0    0 1292 1293 1294    0
      419           0    0 1295 1296 1297    0
      420           0    0 1298 1299 1300    0
      421           0    0 1301 1302 1303    0
      422           0    0 1304 1305 1306    0
      423           0    0 1307 1308 1309    0
      424           0    0 1310 1311 1312    0
      425           0    0 1313 1314 1315    0
      426           0    0 1316 1317 1318    0
      427           0    0 1319 1320 1321    0
      428           0    0 1322 1323 1324    0
      429           0    0 1325 1326 1327    0
      430           0    0 1328 1329 1330    0
      431           0    0 1331 1332 1333    0
      432           0    0 1334 1335 1336    0
      433           0    0 1337 1338 1339    0
      434           0    0 1340 1341 1342    0
      435           0    0 1343 1344 1345    0
      436           0    0 1346 1347 1348    0
      437           0    0 1349 1350 1351    0
      438           0    0 1352 1353 1354    0
      439           0    0 1355 1356 1357    0
      440           0    0 1358 1359 1360    0
      441           0    0 1361 1362 1363    0
      442           0    0 1364 1365 1366    0
      443           0    0 1367 1368 1369    0
      444           0    0 1370 1371 1372    0
      445           0    0 1373 1374 1375    0
      446           0    0 1376 1377 1378    0
      447           0    0 1379 1380 1381    0
      448           0    0 1382 1383 1384    0
      449           0    0 1385 1386 1387    0
      450           0    0 1388 1389 1390    0
      451           0    0 1391 1392 1393    0
      452           0    0 1394 1395 1396    0
      453           0    0 1397 1398 1399    0
      454           0    0 1400 1401 1402    0
      455           0    0 1403 1404 1405    0
      456           0    0 1406 1407 1408    0
      457           0    0 1409 1410 1411    0
      458           0    0 1412 1413 1414    0
      459           0    0 1415 1416 1417    0
      460           0    0 1418 1419 1420    0
      461           0    0 1421 1422 1423    0
      462           0    0 1424 1425 1426    0
      463           0    0 1427 1428 1429    0
      464           0    0 1430 1431 1432    0
      465           0    0 1433 1434 1435    0
      466           0    0 1436 1437 1438    0
      467           0    0 1439 1440 1441    0
      468           0    0 1442 1443 1444    0
      469           0    0 1445 1446 1447    0
      470           0    0 1448 1449 1450    0
      471           0    0 1451 1452 1453    0
      472           0    0 1454 1455 1456    0
      473           0    0 1457 1458 1459    0
      474           0    0 1460 1461 1462    0
      475           0    0 1463 1464 1465    0
      476           0    0 1466 1467 1468    0
      477           0    0 1469 1470 1471    0
      478           0    0 1472 1473 1474    0
      479           0    0 1475 1476 1477    0
      480           0    0 1478 1479 1480    0
      481           0    0 1481 1482 1483    0
      482           0    0 1484 1485 1486    0
      483           0    0 1487 1488 1489    0
      484           0    0 1490 1491 1492    0
      485           0    0 1493 1494 1495    0
      486           0    0 1496 1497 1498    0
      487           0    0 1499 1500 1501    0
      488           0    0 1502 1503 1504    0
      489           0    0 1505 1506 1507    0
      490           0    0 1508 1509 1510    0
      491           0    0 1511 1512 1513    0
      492           0    0 1514 1515 1516    0
      493           0    0 1517 1518 1519    0
      494           0    0 1520 1521 1522    0
      495           0    0 1523 1524 1525    0
      496           0    0 1526 1527 1528    0
      497           0    0 1529 1530 1531    0
      498           0    0 1532 1533 1534    0
      499           0    0 1535 1536 1537    0
      500           0    0 1538 1539 1540    0
      501           0    0 1541 1542 1543    0
      502           0    0 1544 1545 1546    0
      503           0    0 1547 1548 1549    0
      504           0    0 1550 1551 1552    0
      505           0    0 1553 1554 1555    0
      506           0    0    0    0    0    0
      507           0    0    0    0    0    0
      508           0    0    0    0    0    0
      509           0    0    0    0    0    0
      510        1556 1557 1558    0    0    0
      511        1559 1560 1561    0    0    0
      512        1562 1563 1564    0    0    0
      513        1565 1566 1567    0    0    0
      514           0    0    0    0    0    0
      515           0    0    0    0    0    0
      516        1568 1569 1570    0    0    0
      517        1571 1572 1573    0    0    0
      518           0    0    0    0    0    0
      519           0    0    0    0    0    0
      520           0    0    0    0    0    0
      521           0    0    0    0    0    0
      522           0    0    0    0    0    0
      523           0    0    0    0    0    0
      524        1574 1575 1576    0    0    0
      525        1577 1578 1579    0    0    0
      526        1580 1581 1582    0    0    0
      527        1583 1584 1585    0    0    0
      528        1586 1587 1588    0    0    0
      529        1589 1590 1591    0    0    0
      530        1592 1593 1594    0    0    0
      531        1595 1596 1597    0    0    0
      532        1598 1599 1600    0    0    0
      533        1601 1602 1603    0    0    0
      534        1604 1605 1606    0    0    0
      535        1607 1608 1609    0    0    0
      536        1610 1611 1612    0    0    0
      537        1613 1614 1615    0    0    0
      538        1616 1617 1618    0    0    0
      539        1619 1620 1621    0    0    0
      540        1622 1623 1624    0    0    0
      541        1625 1626 1627    0    0    0
      542        1628 1629 1630    0    0    0
      543        1631 1632 1633    0    0    0
      544        1634 1635 1636    0    0    0
      545        1637 1638 1639    0    0    0
      546        1640 1641 1642    0    0    0
      547        1643 1644 1645    0    0    0
      548        1646 1647 1648    0    0    0
      549        1649 1650 1651    0    0    0
      550        1652 1653 1654    0    0    0
      551        1655 1656 1657    0    0    0
      552        1658 1659 1660    0    0    0
      553        1661 1662 1663    0    0    0
      554        1664 1665 1666    0    0    0
      555        1667 1668 1669    0    0    0
      556        1670 1671 1672    0    0    0
      557        1673 1674 1675    0    0    0
      558        1676 1677 1678    0    0    0
      559        1679 1680 1681    0    0    0
      560        1682 1683 1684    0    0    0
      561        1685 1686 1687    0    0    0
      562        1688 1689 1690    0    0    0
      563        1691 1692 1693    0    0    0
      564        1694 1695 1696    0    0    0
      565        1697 1698 1699    0    0    0
      566        1700 1701 1702    0    0    0
      567        1703 1704 1705    0    0    0
      568        1706 1707 1708    0    0    0
      569        1709 1710 1711    0    0    0
      570        1712 1713 1714    0    0    0
      571        1715 1716 1717    0    0    0
      572        1718 1719 1720    0    0    0
      573        1721 1722 1723    0    0    0
      574        1724 1725 1726    0    0    0
      575        1727 1728 1729    0    0    0
      576        1730 1731 1732    0    0    0
      577        1733 1734 1735    0    0    0
      578        1736 1737 1738    0    0    0
      579        1739 1740 1741    0    0    0
      580        1742 1743 1744    0    0    0
      581        1745 1746 1747    0    0    0
      582        1748 1749 1750    0    0    0
      583        1751 1752 1753    0    0    0
      584        1754 1755 1756    0    0    0
      585        1757 1758 1759    0    0    0
      586        1760 1761 1762    0    0    0
      587        1763 1764 1765    0    0    0
      588        1766 1767 1768    0    0    0
      589        1769 1770 1771    0    0    0
      590        1772 1773 1774    0    0    0
      591        1775 1776 1777    0    0    0
      592        1778 1779 1780    0    0    0
      593        1781 1782 1783    0    0    0
      594        1784 1785 1786    0    0    0
      595        1787 1788 1789    0    0    0
      596        1790 1791 1792    0    0    0
      597        1793 1794 1795    0    0    0
      598        1796 1797 1798    0    0    0
      599        1799 1800 1801    0    0    0
      600        1802 1803 1804    0 1805    0
      601        1806 1807 1808    0    0    0
      602        1809 1810 1811    0    0    0
      603        1812 1813 1814    0 1815    0
      604        1816 1817 1818    0    0    0
      605        1819 1820 1821    0    0    0
      606        1822 1823 1824    0    0    0
      607        1825 1826 1827    0    0    0
      608        1828 1829 1830    0    0    0
      609        1831 1832 1833    0    0    0
      610        1834 1835 1836    0    0    0
      611        1837 1838 1839    0    0    0
      612        1840 1841 1842    0    0    0
      613        1843 1844 1845    0    0    0
      614        1846 1847 1848    0    0    0
      615        1849 1850 1851    0    0    0
      616        1852 1853 1854    0    0    0
      617        1855 1856 1857    0    0    0
      618        1858 1859 1860    0    0    0
      619        1861 1862 1863    0    0    0
      620        1864 1865 1866    0    0    0
      621        1867 1868 1869    0    0    0
      622        1870 1871 1872    0    0    0
      623        1873 1874 1875    0    0    0
      624        1876 1877 1878    0    0    0
      625        1879 1880 1881    0    0    0
      626        1882 1883 1884    0    0    0
      627        1885 1886 1887    0    0    0
      628        1888 1889 1890    0    0    0
      629        1891 1892 1893    0    0    0
      630        1894 1895 1896    0    0    0
      631        1897 1898 1899    0    0    0
      632        1900 1901 1902    0    0    0
      633        1903 1904 1905    0    0    0
      634        1906 1907 1908    0    0    0
      635        1909 1910 1911    0    0    0
      636        1912 1913 1914    0    0    0
      637        1915 1916 1917    0    0    0
      638        1918 1919 1920    0    0    0
      639        1921 1922 1923    0    0    0
      640        1924 1925 1926    0    0    0
      641        1927 1928 1929    0    0    0
      642        1930 1931 1932    0    0    0
      643        1933 1934 1935    0    0    0
      644        1936 1937 1938    0    0    0
      645        1939 1940 1941    0    0    0
      646        1942 1943 1944    0    0    0
      647        1945 1946 1947    0    0    0
      648        1948 1949 1950    0    0    0
      649        1951 1952 1953    0    0    0
      650        1954 1955 1956    0    0    0
      651        1957 1958 1959    0    0    0
      652        1960 1961 1962    0    0    0
      653        1963 1964 1965    0    0    0
      654        1966 1967 1968    0    0    0
      655        1969 1970 1971    0    0    0
      656        1972 1973 1974    0    0    0
      657        1975 1976 1977    0    0    0
      658        1978 1979 1980    0    0    0
      659        1981 1982 1983    0    0    0
      660        1984 1985 1986    0    0    0
      661        1987 1988 1989    0    0    0
      662        1990 1991 1992    0    0    0
      663        1993 1994 1995    0    0    0
      664        1996 1997 1998    0    0    0
      665        1999 2000 2001    0    0    0
      666        2002 2003 2004    0    0    0
      667        2005 2006 2007    0    0    0
      668        2008 2009 2010    0    0    0
      669        2011 2012 2013    0    0    0
      670        2014 2015 2016    0    0    0
      671        2017 2018 2019    0    0    0
      672        2020 2021 2022    0    0    0
      673        2023 2024 2025    0    0    0
      674        2026 2027 2028    0    0    0
      675        2029 2030 2031    0    0    0
      676        2032 2033 2034    0    0    0
      677        2035 2036 2037    0    0    0
      678        2038 2039 2040    0    0    0
      679        2041 2042 2043    0    0    0
      680        2044 2045 2046    0    0    0
      681        2047 2048 2049    0    0    0
      682        2050 2051 2052    0    0    0
      683        2053 2054 2055    0    0    0
      684        2056 2057 2058    0    0    0
      685           0    0    0    0    0    0
      686           0    0    0    0    0    0
      687           0    0    0    0    0    0
      688           0    0    0    0    0    0
      689           0    0    0    0    0    0
      690        2059 2060 2061    0    0    0
      691        2062 2063 2064    0    0    0
      692        2065 2066 2067    0    0    0
      693        2068 2069 2070    0    0    0
      694        2071 2072 2073    0    0    0
      695        2074 2075 2076    0    0    0
      696        2077 2078 2079    0    0    0
      697        2080 2081 2082    0    0    0
      698        2083 2084 2085    0    0    0
      699        2086 2087 2088    0    0    0
      700        2089 2090 2091    0    0    0
      701        2092 2093 2094    0    0    0
      702        2095 2096 2097    0    0    0
      703        2098 2099 2100    0    0    0
      704        2101 2102 2103    0    0    0
      705        2104 2105 2106    0    0    0
      706        2107 2108 2109    0    0    0
      707        2110 2111 2112    0    0    0
      708        2113 2114 2115    0    0    0
      709        2116 2117 2118    0    0    0
      710        2119 2120 2121    0    0    0
      711        2122 2123 2124    0    0    0
      712        2125 2126 2127    0    0    0
      713        2128 2129 2130    0    0    0
      714        2131 2132 2133    0    0    0
      715        2134 2135 2136    0    0    0
      716        2137 2138 2139    0    0    0
      717        2140 2141 2142    0    0    0
      718        2143 2144 2145    0    0    0
      719        2146 2147 2148    0    0    0
      720        2149 2150 2151    0    0    0
      721        2152 2153 2154    0    0    0
      722        2155 2156 2157    0    0    0
      723        2158 2159 2160    0    0    0
      724        2161 2162 2163    0    0    0
      725        2164 2165 2166    0    0    0
      726        2167 2168 2169    0    0    0
      727        2170 2171 2172    0    0    0
      728        2173 2174 2175    0    0    0
      729        2176 2177 2178    0    0    0
      730        2179 2180 2181    0    0    0
      731        2182 2183 2184    0    0    0
      732        2185 2186 2187    0    0    0
      733        2188 2189 2190    0    0    0
      734        2191 2192 2193    0    0    0
      735        2194 2195 2196    0    0    0
      736        2197 2198 2199    0    0    0
      737        2200 2201 2202    0    0    0
      738        2203 2204 2205    0    0    0
      739        2206 2207 2208    0    0    0
      740        2209 2210 2211    0    0    0
      741        2212 2213 2214    0    0    0
      742        2215 2216 2217    0    0    0
      743        2218 2219 2220    0    0    0
      744        2221 2222 2223    0    0    0
      745        2224 2225 2226    0    0    0
      746        2227 2228 2229    0    0    0
      747        2230 2231 2232    0    0    0
      748        2233 2234 2235    0    0    0
      749        2236 2237 2238    0    0    0
      750        2239 2240 2241    0    0    0
      751        2242 2243 2244    0    0    0
      752        2245 2246 2247    0    0    0
      753        2248 2249 2250    0    0    0
      754        2251 2252 2253    0    0    0
      755        2254 2255 2256    0    0    0
      756        2257 2258 2259    0    0    0
      757        2260 2261 2262    0    0    0
      758        2263 2264 2265    0    0    0
      759        2266 2267 2268    0    0    0
      760        2269 2270 2271    0    0    0
      761        2272 2273 2274    0    0    0
      762        2275 2276 2277    0    0    0
      763        2278 2279 2280    0    0    0
      764        2281 2282 2283    0    0    0
      765        2284 2285 2286    0    0    0
      766        2287 2288 2289    0    0    0
      767        2290 2291 2292    0    0    0
      768        2293 2294 2295    0    0    0
      769        2296 2297 2298    0    0    0
      770        2299 2300 2301    0    0    0
      771        2302 2303 2304    0    0    0
      772        2305 2306 2307    0    0    0
      773           0    0    0    0    0    0
      774           0    0    0    0    0    0
      775        2308 2309 2310    0    0    0
      776        2311 2312 2313    0    0    0
      777        2314 2315 2316    0    0    0
      778        2317 2318 2319    0    0    0
      779        2320 2321 2322    0    0    0
      780        2323 2324 2325    0    0    0
      781        2326 2327 2328    0    0    0
      782        2329 2330 2331    0    0    0
      783        2332 2333 2334    0    0    0
      784        2335 2336 2337    0    0    0
      785        2338 2339 2340    0    0    0
      786        2341 2342 2343    0    0    0
      787        2344 2345 2346    0    0    0
      788        2347 2348 2349    0    0    0
      789        2350 2351 2352    0    0    0
      790        2353 2354 2355    0    0    0
      791        2356 2357 2358    0    0    0
      792        2359 2360 2361    0    0    0
      793        2362 2363 2364    0    0    0
      794        2365 2366 2367    0    0    0
      795        2368 2369 2370    0    0    0
      796        2371 2372 2373    0    0    0
      797        2374 2375 2376    0    0    0
      798        2377 2378 2379    0    0    0
      799        2380 2381 2382    0    0    0
      800        2383 2384 2385    0    0    0
      801        2386 2387 2388    0    0    0
      802        2389 2390 2391    0    0    0
      803        2392 2393 2394    0    0    0
      804        2395 2396 2397    0    0    0
      805        2398 2399 2400    0    0    0
      806        2401 2402 2403    0    0    0
      807        2404 2405 2406    0    0    0
      808        2407 2408 2409    0    0    0
      809        2410 2411 2412    0    0    0
      810        2413 2414 2415    0    0    0
      811        2416 2417 2418    0    0    0
      812        2419 2420 2421    0    0    0
      813        2422 2423 2424    0    0    0
      814        2425 2426 2427    0    0    0
      815        2428 2429 2430    0    0    0
      816        2431 2432 2433    0    0    0
      817        2434 2435 2436    0    0    0
      818        2437 2438 2439    0    0    0
      819        2440 2441 2442    0    0    0
      820        2443 2444 2445    0    0    0
      821        2446 2447 2448    0    0    0
      822        2449 2450 2451    0    0    0
      823        2452 2453 2454    0    0    0
      824        2455 2456 2457    0    0    0
      825        2458 2459 2460    0    0    0
      826        2461 2462 2463    0    0    0
      827        2464 2465 2466    0    0    0
      828        2467 2468 2469    0    0    0
      829        2470 2471 2472    0    0    0
      830        2473 2474 2475    0    0    0
      831        2476 2477 2478    0    0    0
      832        2479 2480 2481    0    0    0
      833        2482 2483 2484    0    0    0
      834        2485 2486 2487    0    0    0
      835        2488 2489 2490    0    0    0
      836        2491 2492 2493    0    0    0
      837        2494 2495 2496    0    0    0
      838        2497 2498 2499    0    0    0
      839        2500 2501 2502    0    0    0
      840        2503 2504 2505    0    0    0
      841        2506 2507 2508    0    0    0
      842        2509 2510 2511    0    0    0
      843        2512 2513 2514    0    0    0
      844        2515 2516 2517    0    0    0
      845        2518 2519 2520    0    0    0
      846        2521 2522 2523    0    0    0
      847        2524 2525 2526    0    0    0
      848        2527 2528 2529    0    0    0
      849        2530 2531 2532    0    0    0
      850        2533 2534 2535    0    0    0
      851        2536 2537 2538    0    0    0
      852        2539 2540 2541    0    0    0
      853        2542 2543 2544    0    0    0
      854        2545 2546 2547    0    0    0
      855        2548 2549 2550    0    0    0
      856        2551 2552 2553    0    0    0
      857        2554 2555 2556    0    0    0
      858        2557 2558 2559    0    0    0
      859        2560 2561 2562    0    0    0
      860        2563 2564 2565    0    0    0
      861        2566 2567 2568    0    0    0
      862        2569 2570 2571    0    0    0
      863        2572 2573 2574    0    0    0
      864        2575 2576 2577    0    0    0
      865        2578 2579 2580    0    0    0
      866        2581 2582 2583    0    0    0
      867        2584 2585 2586    0    0    0
      868        2587 2588 2589    0    0    0
      869        2590 2591 2592    0    0    0
      870        2593 2594 2595    0    0    0
      871        2596 2597 2598    0    0    0
      872        2599 2600 2601    0    0    0
      873        2602 2603 2604    0    0    0
      874        2605 2606 2607    0    0    0
      875        2608 2609 2610    0    0    0
      876        2611 2612 2613    0    0    0
      877        2614 2615 2616    0    0    0
      878        2617 2618 2619    0    0    0
      879        2620 2621 2622    0    0    0
      880        2623 2624 2625    0    0    0
      881        2626 2627 2628    0    0    0
      882        2629 2630 2631    0    0    0
      883        2632 2633 2634    0    0    0
      884        2635 2636 2637    0    0    0
      885        2638 2639 2640    0    0    0
      886        2641 2642 2643    0    0    0
      887        2644 2645 2646    0    0    0
      888        2647 2648 2649    0    0    0
      889        2650 2651 2652    0    0    0
      890        2653 2654 2655    0    0    0
      891        2656 2657 2658    0    0    0
      892        2659 2660 2661    0    0    0
      893        2662 2663 2664    0    0    0
      894        2665 2666 2667    0    0    0
      895        2668 2669 2670    0    0    0
      896        2671 2672 2673    0    0    0
      897        2674 2675 2676    0    0    0
      898        2677 2678 2679    0    0    0
      899        2680 2681 2682    0    0    0
      900        2683 2684 2685    0    0    0
      901        2686 2687 2688    0    0    0
      902        2689 2690 2691    0    0    0
      903        2692 2693 2694    0    0    0
      904        2695 2696 2697    0    0    0
      905        2698 2699 2700    0    0    0
      906        2701 2702 2703    0    0    0
      907        2704 2705 2706    0    0    0
      908        2707 2708 2709    0    0    0
      909        2710 2711 2712    0    0    0
      910        2713 2714 2715    0    0    0
      911        2716 2717 2718    0    0    0
      912        2719 2720 2721    0    0    0
      913        2722 2723 2724    0    0    0
      914        2725 2726 2727    0    0    0
      915        2728 2729 2730    0    0    0
      916        2731 2732 2733    0    0    0
      917        2734 2735 2736    0    0    0
      918        2737 2738 2739    0    0    0
      919        2740 2741 2742    0    0    0
      920        2743 2744 2745    0    0    0
      921        2746 2747 2748    0    0    0
      922        2749 2750 2751    0    0    0
      923        2752 2753 2754    0    0    0
      924        2755 2756 2757    0    0    0
      925        2758 2759 2760    0    0    0
      926        2761 2762 2763    0    0    0
      927        2764 2765 2766    0    0    0
      928        2767 2768 2769    0    0    0
      929        2770 2771 2772    0    0    0
      930        2773 2774 2775    0    0    0
      931        2776 2777 2778    0    0    0
      932        2779 2780 2781    0    0    0
      933        2782 2783 2784    0    0    0
      934        2785 2786 2787    0    0    0
      935        2788 2789 2790    0    0    0
      936        2791 2792 2793    0    0    0
      937        2794 2795 2796    0    0    0
      938        2797 2798 2799    0    0    0
      939        2800 2801 2802    0    0    0
      940        2803 2804 2805    0    0    0
      941        2806 2807 2808    0    0    0
      942        2809 2810 2811    0    0    0
      943        2812 2813 2814    0    0    0
      944        2815 2816 2817    0    0    0
      945        2818 2819 2820    0    0    0
      946        2821 2822 2823    0    0    0
      947        2824 2825 2826    0    0    0
      948        2827 2828 2829    0    0    0
      949        2830 2831 2832    0    0    0
      950        2833 2834 2835    0    0    0
      951        2836 2837 2838    0    0    0
      952        2839 2840 2841    0    0    0
      953        2842 2843 2844    0    0    0
      954        2845 2846 2847    0    0    0
      955        2848 2849 2850    0    0    0
      956        2851 2852 2853    0    0    0
      957        2854 2855 2856    0    0    0
      958        2857 2858 2859    0    0    0
      959        2860 2861 2862    0    0    0
      960        2863 2864 2865    0    0    0
      961        2866 2867 2868    0    0    0
      962        2869 2870 2871    0    0    0
      963        2872 2873 2874    0    0    0
      964        2875 2876 2877    0    0    0
      965        2878 2879 2880    0    0    0
      966        2881 2882 2883    0    0    0
      967        2884 2885 2886    0    0    0
      968        2887 2888 2889    0    0    0
      969        2890 2891 2892    0    0    0
      970        2893 2894 2895    0    0    0
      971        2896 2897 2898    0    0    0
      972        2899 2900 2901    0    0    0
      973        2902 2903 2904    0    0    0
      974        2905 2906 2907    0    0    0
      975        2908 2909 2910    0    0    0
      976        2911 2912 2913    0    0    0
      977        2914 2915 2916    0    0    0
      978        2917 2918 2919    0    0    0
      979        2920 2921 2922    0    0    0
      980        2923 2924 2925    0    0    0
      981        2926 2927 2928    0    0    0
      982        2929 2930 2931    0    0    0
      983        2932 2933 2934    0    0    0
      984        2935 2936 2937    0    0    0
      985        2938 2939 2940    0    0    0
      986        2941 2942 2943    0    0    0
      987        2944 2945 2946    0    0    0
      988        2947 2948 2949    0    0    0
      989        2950 2951 2952    0    0    0
      990        2953 2954 2955    0    0    0
      991        2956 2957 2958    0    0    0
      992        2959 2960 2961    0    0    0
      993        2962 2963 2964    0    0    0
      994        2965 2966 2967    0    0    0
      995        2968 2969 2970    0    0    0
      996        2971 2972 2973    0    0    0
      997        2974 2975 2976    0    0    0
      998        2977 2978 2979    0    0    0
      999        2980 2981 2982    0    0    0
     1000        2983 2984 2985    0    0    0
     1001        2986 2987 2988    0    0    0
     1002        2989 2990 2991    0    0    0
     1003        2992 2993 2994    0    0    0
     1004        2995 2996 2997    0    0    0
     1005        2998 2999 3000    0    0    0
     1006        3001 3002 3003    0    0    0
     1007        3004 3005 3006    0    0    0
     1008        3007 3008 3009    0    0    0
     1009        3010 3011 3012    0    0    0
     1010        3013 3014 3015    0    0    0
     1011           0    0    0    0    0    0
     1012           0    0    0    0    0    0
     1013        3016 3017 3018    0    0    0
     1014        3019 3020 3021    0    0    0
     1015        3022 3023 3024    0    0    0
     1016        3025 3026 3027    0    0    0
     1017        3028 3029 3030    0    0    0
     1018        3031 3032 3033    0    0    0
     1019        3034 3035 3036    0    0    0
     1020        3037 3038 3039    0    0    0
     1021        3040 3041 3042    0    0    0
     1022        3043 3044 3045    0    0    0
     1023        3046 3047 3048    0    0    0
     1024        3049 3050 3051    0    0    0
     1025        3052 3053 3054    0    0    0
     1026        3055 3056 3057    0    0    0
     1027        3058 3059 3060    0    0    0
     1028        3061 3062 3063    0    0    0
     1029        3064 3065 3066    0    0    0
     1030        3067 3068 3069    0    0    0
     1031        3070 3071 3072    0    0    0
     1032        3073 3074 3075    0    0    0
     1033        3076 3077 3078    0    0    0
     1034        3079 3080 3081    0    0    0
     1035        3082 3083 3084    0    0    0
     1036        3085 3086 3087    0    0    0
     1037        3088 3089 3090    0    0    0
     1038        3091 3092 3093    0    0    0
     1039        3094 3095 3096    0    0    0
     1040        3097 3098 3099    0    0    0
     1041        3100 3101 3102    0    0    0
     1042        3103 3104 3105    0    0    0
     1043        3106 3107 3108    0    0    0
     1044        3109 3110 3111    0    0    0
     1045        3112 3113 3114    0    0    0
     1046        3115 3116 3117    0    0    0
     1047        3118 3119 3120    0    0    0
     1048        3121 3122 3123    0    0    0
     1049        3124 3125 3126    0    0    0
     1050        3127 3128 3129    0    0    0
     1051        3130 3131 3132    0    0    0
     1052        3133 3134 3135    0    0    0
     1053        3136 3137 3138    0    0    0
     1054        3139 3140 3141    0    0    0
     1055        3142 3143 3144    0    0    0
     1056        3145 3146 3147    0    0    0
     1057        3148 3149 3150    0    0    0
     1058        3151 3152 3153    0    0    0
     1059        3154 3155 3156    0    0    0
     1060        3157 3158 3159    0    0    0
     1061        3160 3161 3162    0    0    0
     1062        3163 3164 3165    0    0    0
     1063        3166 3167 3168    0    0    0
     1064        3169 3170 3171    0    0    0
     1065        3172 3173 3174    0    0    0
     1066        3175 3176 3177    0    0    0
     1067        3178 3179 3180    0    0    0
     1068        3181 3182 3183    0    0    0
     1069        3184 3185 3186    0    0    0
     1070        3187 3188 3189    0    0    0
     1071        3190 3191 3192    0    0    0
     1072        3193 3194 3195    0    0    0
     1073        3196 3197 3198    0    0    0
     1074        3199 3200 3201    0    0    0
     1075        3202 3203 3204    0    0    0
     1076        3205 3206 3207    0    0    0
     1077        3208 3209 3210    0    0    0
     1078        3211 3212 3213    0    0    0
     1079        3214 3215 3216    0    0    0
     1080        3217 3218 3219    0    0    0
     1081        3220 3221 3222    0    0    0
     1082        3223 3224 3225    0    0    0
     1083        3226 3227 3228    0    0    0
     1084        3229 3230 3231    0    0    0
     1085        3232 3233 3234    0    0    0
     1086        3235 3236 3237    0    0    0
     1087        3238 3239 3240    0    0    0
     1088        3241 3242 3243    0    0    0
     1089        3244 3245 3246    0    0    0
     1090        3247 3248 3249    0    0    0
     1091        3250 3251 3252    0    0    0
     1092        3253 3254 3255    0    0    0
     1093        3256 3257 3258    0    0    0
     1094        3259 3260 3261    0    0    0
     1095        3262 3263 3264    0    0    0
     1096        3265 3266 3267    0    0    0
     1097        3268 3269 3270    0    0    0
     1098        3271 3272 3273    0    0    0
     1099        3274 3275 3276    0    0    0
     1100        3277 3278 3279    0    0    0
     1101        3280 3281 3282    0    0    0
     1102        3283 3284 3285    0    0    0
     1103        3286 3287 3288    0    0    0
     1104        3289 3290 3291    0    0    0
     1105        3292 3293 3294    0    0    0
     1106        3295 3296 3297    0    0    0
     1107        3298 3299 3300    0    0    0
     1108        3301 3302 3303    0    0    0
     1109        3304 3305 3306    0    0    0
     1110        3307 3308 3309    0    0    0
     1111        3310 3311 3312    0    0    0
     1112        3313 3314 3315    0    0    0
     1113        3316 3317 3318    0    0    0
     1114        3319 3320 3321    0    0    0
     1115        3322 3323 3324    0    0    0
     1116        3325 3326 3327    0    0    0
     1117        3328 3329 3330    0    0    0
     1118        3331 3332 3333    0    0    0
     1119        3334 3335 3336    0    0    0
     1120        3337 3338 3339    0    0    0
     1121        3340 3341 3342    0    0    0
     1122        3343 3344 3345    0    0    0
     1123        3346 3347 3348    0    0    0
     1124        3349 3350 3351    0    0    0
     1125        3352 3353 3354    0    0    0
     1126        3355 3356 3357    0    0    0
     1127        3358 3359 3360    0    0    0
     1128        3361 3362 3363    0    0    0
     1129        3364 3365 3366    0    0    0
     1130        3367 3368 3369    0    0    0
     1131        3370 3371 3372    0    0    0
     1132        3373 3374 3375    0    0    0
     1133        3376 3377 3378    0    0    0
     1134        3379 3380 3381    0    0    0
     1135        3382 3383 3384    0    0    0
     1136        3385 3386 3387    0    0    0
     1137        3388 3389 3390    0    0    0
     1138        3391 3392 3393    0    0    0
     1139        3394 3395 3396    0    0    0
     1140        3397 3398 3399    0    0    0
     1141        3400 3401 3402    0    0    0
     1142        3403 3404 3405    0    0    0
     1143        3406 3407 3408    0    0    0
     1144        3409 3410 3411    0    0    0
     1145        3412 3413 3414    0    0    0
     1146        3415 3416 3417    0    0    0
     1147        3418 3419 3420    0    0    0
     1148        3421 3422 3423    0    0    0
     1149        3424 3425 3426    0    0    0
     1150        3427 3428 3429    0    0    0
     1151        3430 3431 3432    0    0    0
     1152        3433 3434 3435    0    0    0
     1153        3436 3437 3438    0    0    0
     1154        3439 3440 3441    0    0    0
     1155        3442 3443 3444    0    0    0
     1156        3445 3446 3447    0    0    0
     1157        3448 3449 3450    0    0    0
     1158        3451 3452 3453    0    0    0
     1159        3454 3455 3456    0    0    0
     1160        3457 3458 3459    0    0    0
     1161        3460 3461 3462    0    0    0
     1162        3463 3464 3465    0    0    0
     1163        3466 3467 3468    0    0    0
     1164        3469 3470 3471    0    0    0
     1165        3472 3473 3474    0    0    0
     1166        3475 3476 3477    0    0    0
     1167        3478 3479 3480    0    0    0
     1168        3481 3482 3483    0    0    0
     1169        3484 3485 3486    0    0    0
     1170        3487 3488 3489    0    0    0
     1171        3490 3491 3492    0    0    0
     1172        3493 3494 3495    0    0    0
     1173        3496 3497 3498    0    0    0
     1174        3499 3500 3501    0    0    0
     1175        3502 3503 3504    0    0    0
     1176        3505 3506 3507    0    0    0
     1177        3508 3509 3510    0    0    0
     1178        3511 3512 3513    0    0    0
     1179        3514 3515 3516    0    0    0
     1180        3517 3518 3519    0    0    0
     1181        3520 3521 3522    0    0    0
     1182        3523 3524 3525    0    0    0
     1183        3526 3527 3528    0    0    0
     1184        3529 3530 3531    0    0    0
     1185        3532 3533 3534    0    0    0
     1186        3535 3536 3537    0    0    0
     1187        3538 3539 3540    0    0    0
     1188        3541 3542 3543    0    0    0
     1189        3544 3545 3546    0    0    0
     1190        3547 3548 3549    0    0    0
     1191        3550 3551 3552    0    0    0
     1192        3553 3554 3555    0    0    0
     1193        3556 3557 3558    0    0    0
     1194        3559 3560 3561    0    0    0
     1195        3562 3563 3564    0    0    0
     1196        3565 3566 3567    0    0    0
     1197        3568 3569 3570    0    0    0
     1198        3571 3572 3573    0    0    0
     1199        3574 3575 3576    0    0    0
     1200        3577 3578 3579    0    0    0
     1201        3580 3581 3582    0    0    0
     1202        3583 3584 3585    0    0    0
     1203        3586 3587 3588    0    0    0
     1204        3589 3590 3591    0    0    0
     1205        3592 3593 3594    0    0    0
     1206        3595 3596 3597    0    0    0
     1207        3598 3599 3600    0    0    0
     1208        3601 3602 3603    0    0    0
     1209        3604 3605 3606    0    0    0
     1210        3607 3608 3609    0    0    0
     1211        3610 3611 3612    0    0    0
     1212        3613 3614 3615    0    0    0
     1213        3616 3617 3618    0    0    0
     1214        3619 3620 3621    0    0    0
     1215        3622 3623 3624    0    0    0
     1216        3625 3626 3627    0    0    0
     1217        3628 3629 3630    0    0    0
     1218        3631 3632 3633    0    0    0
     1219        3634 3635 3636    0    0    0
     1220        3637 3638 3639    0    0    0
     1221        3640 3641 3642    0    0    0
     1222        3643 3644 3645    0    0    0
     1223        3646 3647 3648    0    0    0
     1224        3649 3650 3651    0    0    0
     1225        3652 3653 3654    0    0    0
     1226        3655 3656 3657    0    0    0
     1227        3658 3659 3660    0    0    0
     1228        3661 3662 3663    0    0    0
     1229        3664 3665 3666    0    0    0
     1230        3667 3668 3669    0    0    0
     1231        3670 3671 3672    0    0    0
     1232        3673 3674 3675    0    0    0
     1233        3676 3677 3678    0    0    0
     1234        3679 3680 3681    0    0    0
     1235        3682 3683 3684    0    0    0
     1236        3685 3686 3687    0    0    0
     1237        3688 3689 3690    0    0    0
     1238        3691 3692 3693    0    0    0
     1239        3694 3695 3696    0    0    0
     1240        3697 3698 3699    0    0    0
     1241        3700 3701 3702    0    0    0
     1242        3703 3704 3705    0    0    0
     1243        3706 3707 3708    0    0    0
     1244        3709 3710 3711    0    0    0
     1245        3712 3713 3714    0    0    0
     1246        3715 3716 3717    0    0    0
     1247        3718 3719 3720    0    0    0
     1248        3721 3722 3723    0    0    0
     1249        3724 3725 3726    0    0    0
     1250        3727 3728 3729    0    0    0
     1251        3730 3731 3732    0    0    0
     1252        3733 3734 3735    0    0    0
     1253        3736 3737 3738    0    0    0
     1254        3739 3740 3741    0    0    0
     1255        3742 3743 3744    0    0    0
     1256        3745 3746 3747    0    0    0
     1257        3748 3749 3750    0    0    0
     1258        3751 3752 3753    0    0    0
     1259        3754 3755 3756    0    0    0
     1260        3757 3758 3759    0    0    0
     1261        3760 3761 3762    0    0    0
     1262        3763 3764 3765    0    0    0
     1263        3766 3767 3768    0    0    0
     1264        3769 3770 3771    0    0    0
     1265        3772 3773 3774    0    0    0
     1266        3775 3776 3777    0    0    0
     1267        3778 3779 3780    0    0    0
     1268        3781 3782 3783    0    0    0
     1269        3784 3785 3786    0    0    0
     1270        3787 3788 3789    0    0    0
     1271        3790 3791 3792    0    0    0
     1272        3793 3794 3795    0    0    0
     1273        3796 3797 3798    0    0    0
     1274        3799 3800 3801    0    0    0
     1275        3802 3803 3804    0    0    0
     1276        3805 3806 3807    0    0    0
     1277        3808 3809 3810    0    0    0
     1278        3811 3812 3813    0    0    0
     1279        3814 3815 3816    0    0    0
     1280        3817 3818 3819    0    0    0
     1281        3820 3821 3822    0    0    0
     1282        3823 3824 3825    0    0    0
     1283        3826 3827 3828    0    0    0
     1284        3829 3830 3831    0    0    0
     1285        3832 3833 3834    0    0    0
     1286        3835 3836 3837    0    0    0
     1287        3838 3839 3840    0    0    0
     1288        3841 3842 3843    0    0    0
     1289        3844 3845 3846    0    0    0
     1290        3847 3848 3849    0    0    0
     1291        3850 3851 3852    0    0    0
     1292        3853 3854 3855    0    0    0
     1293        3856 3857 3858    0    0    0
     1294        3859 3860 3861    0    0    0
     1295        3862 3863 3864    0    0    0
     1296        3865 3866 3867    0    0    0
     1297        3868 3869 3870    0    0    0
     1298        3871 3872 3873    0    0    0
     1299        3874 3875 3876    0    0    0
     1300        3877 3878 3879    0    0    0
     1301        3880 3881 3882    0    0    0
     1302        3883 3884 3885    0    0    0
     1303        3886 3887 3888    0    0    0
     1304        3889 3890 3891    0    0    0
     1305        3892 3893 3894    0    0    0
     1306        3895 3896 3897    0    0    0
     1307        3898 3899 3900    0    0    0
     1308        3901 3902 3903    0    0    0
     1309        3904 3905 3906    0    0    0
     1310        3907 3908 3909    0    0    0
     1311        3910 3911 3912    0    0    0
     1312        3913 3914 3915    0    0    0
     1313        3916 3917 3918    0    0    0
     1314        3919 3920 3921    0    0    0
     1315        3922 3923 3924    0    0    0
     1316        3925 3926 3927    0    0    0
     1317        3928 3929 3930    0    0    0
     1318        3931 3932 3933    0    0    0
     1319        3934 3935 3936    0    0    0
     1320        3937 3938 3939    0    0    0
     1321        3940 3941 3942    0    0    0
     1322        3943 3944 3945    0    0    0
     1323        3946 3947 3948    0    0    0
     1324        3949 3950 3951    0    0    0
     1325        3952 3953 3954    0    0    0
     1326        3955 3956 3957    0    0    0
     1327        3958 3959 3960    0    0    0
     1328        3961 3962 3963    0    0    0
     1329        3964 3965 3966    0    0    0
     1330        3967 3968 3969    0    0    0
     1331        3970 3971 3972    0    0    0
     1332        3973 3974 3975    0    0    0
     1333        3976 3977 3978    0    0    0
     1334        3979 3980 3981    0    0    0
     1335        3982 3983 3984    0    0    0
     1336        3985 3986 3987    0    0    0
     1337        3988 3989 3990    0    0    0
     1338        3991 3992 3993    0    0    0
     1339        3994 3995 3996    0    0    0
     1340        3997 3998 3999    0    0    0
     1341        4000 4001 4002    0    0    0
     1342        4003 4004 4005    0    0    0
     1343        4006 4007 4008    0    0    0
     1344        4009 4010 4011    0    0    0
     1345        4012 4013 4014    0    0    0
     1346        4015 4016 4017    0    0    0
     1347        4018 4019 4020    0    0    0
     1348        4021 4022 4023    0    0    0
     1349        4024 4025 4026    0    0    0
     1350        4027 4028 4029    0    0    0
     1351        4030 4031 4032    0    0    0
     1352        4033 4034 4035    0    0    0
     1353        4036 4037 4038    0    0    0
     1354        4039 4040 4041    0    0    0
     1355        4042 4043 4044    0    0    0
     1356        4045 4046 4047    0    0    0
     1357        4048 4049 4050    0    0    0
     1358        4051 4052 4053    0    0    0
     1359        4054 4055 4056    0    0    0
     1360        4057 4058 4059    0    0    0
     1361        4060 4061 4062    0    0    0
     1362        4063 4064 4065    0    0    0
     1363        4066 4067 4068    0    0    0
     1364        4069 4070 4071    0    0    0
     1365        4072 4073 4074    0    0    0
     1366           0    0    0    0    0    0
     1367           0    0    0    0    0    0
     1368           0    0    0    0    0    0
     1369           0    0    0    0    0    0
     1370        4075 4076 4077    0    0    0
     1371        4078 4079 4080    0    0    0
     1372        4081 4082 4083    0    0    0
     1373        4084 4085 4086    0    0    0
     1374           0    0    0    0    0    0
     1375           0    0    0    0    0    0
     1376        4087 4088 4089    0    0    0
     1377        4090 4091 4092    0    0    0
     1378           0    0    0    0    0    0
     1379           0    0    0    0    0    0
     1380           0    0    0    0    0    0
     1381           0    0    0    0    0    0
     1382           0    0    0    0    0    0
     1383           0    0    0    0    0    0
     1384        4093 4094 4095    0    0    0
     1385        4096 4097 4098    0    0    0
     1386        4099 4100 4101    0    0    0
     1387        4102 4103 4104    0    0    0
     1388        4105 4106 4107    0    0    0
     1389        4108 4109 4110    0    0    0
     1390        4111 4112 4113    0    0    0
     1391        4114 4115 4116    0    0    0
     1392        4117 4118 4119    0    0    0
     1393        4120 4121 4122    0    0    0
     1394        4123 4124 4125    0    0    0
     1395        4126 4127 4128    0    0    0
     1396        4129 4130 4131    0    0    0
     1397        4132 4133 4134    0    0    0
     1398        4135 4136 4137    0    0    0
     1399        4138 4139 4140    0    0    0
     1400        4141 4142 4143    0    0    0
     1401        4144 4145 4146    0    0    0
     1402        4147 4148 4149    0    0    0
     1403        4150 4151 4152    0    0    0
     1404        4153 4154 4155    0    0    0
     1405        4156 4157 4158    0    0    0
     1406        4159 4160 4161    0    0    0
     1407        4162 4163 4164    0    0    0
     1408        4165 4166 4167    0    0    0
     1409        4168 4169 4170    0    0    0
     1410        4171 4172 4173    0    0    0
     1411        4174 4175 4176    0    0    0
     1412        4177 4178 4179    0    0    0
     1413        4180 4181 4182    0    0    0
     1414        4183 4184 4185    0    0    0
     1415        4186 4187 4188    0    0    0
     1416        4189 4190 4191    0    0    0
     1417        4192 4193 4194    0    0    0
     1418        4195 4196 4197    0    0    0
     1419        4198 4199 4200    0    0    0
     1420        4201 4202 4203    0    0    0
     1421        4204 4205 4206    0    0    0
     1422        4207 4208 4209    0    0    0
     1423        4210 4211 4212    0    0    0
     1424        4213 4214 4215    0    0    0
     1425        4216 4217 4218    0    0    0
     1426        4219 4220 4221    0    0    0
     1427        4222 4223 4224    0    0    0
     1428        4225 4226 4227    0    0    0
     1429        4228 4229 4230    0    0    0
     1430        4231 4232 4233    0    0    0
     1431        4234 4235 4236    0    0    0
     1432        4237 4238 4239    0    0    0
     1433        4240 4241 4242    0    0    0
     1434        4243 4244 4245    0    0    0
     1435        4246 4247 4248    0    0    0
     1436        4249 4250 4251    0    0    0
     1437        4252 4253 4254    0    0    0
     1438        4255 4256 4257    0    0    0
     1439        4258 4259 4260    0    0    0
     1440        4261 4262 4263    0    0    0
     1441        4264 4265 4266    0    0    0
     1442        4267 4268 4269    0    0    0
     1443        4270 4271 4272    0    0    0
     1444        4273 4274 4275    0    0    0
     1445        4276 4277 4278    0    0    0
     1446        4279 4280 4281    0    0    0
     1447        4282 4283 4284    0    0    0
     1448        4285 4286 4287    0    0    0
     1449        4288 4289 4290    0    0    0
     1450        4291 4292 4293    0    0    0
     1451        4294 4295 4296    0    0    0
     1452        4297 4298 4299    0    0    0
     1453        4300 4301 4302    0    0    0
     1454        4303 4304 4305    0    0    0
     1455        4306 4307 4308    0    0    0
     1456        4309 4310 4311    0    0    0
     1457        4312 4313 4314    0    0    0
     1458        4315 4316 4317    0    0    0
     1459        4318 4319 4320    0    0    0
     1460        4321 4322 4323    0    0    0
     1461        4324 4325 4326    0    0    0
     1462        4327 4328 4329    0    0    0
     1463        4330 4331 4332    0    0    0
     1464        4333 4334 4335    0    0    0
     1465        4336 4337 4338    0    0    0
     1466        4339 4340 4341    0    0    0
     1467        4342 4343 4344    0    0    0
     1468        4345 4346 4347    0    0    0
     1469        4348 4349 4350    0    0    0
     1470        4351 4352 4353    0    0    0
     1471        4354 4355 4356    0    0    0
     1472        4357 4358 4359    0    0    0
     1473        4360 4361 4362    0    0    0
     1474        4363 4364 4365    0    0    0
     1475        4366 4367 4368    0    0    0
     1476        4369 4370 4371    0    0    0
     1477        4372 4373 4374    0    0    0
     1478        4375 4376 4377    0    0    0
     1479        4378 4379 4380    0    0    0
     1480        4381 4382 4383    0    0    0
     1481        4384 4385 4386    0    0    0
     1482        4387 4388 4389    0    0    0
     1483        4390 4391 4392    0    0    0
     1484        4393 4394 4395    0    0    0
     1485        4396 4397 4398    0    0    0
     1486        4399 4400 4401    0    0    0
     1487        4402 4403 4404    0    0    0
     1488        4405 4406 4407    0    0    0
     1489        4408 4409 4410    0    0    0
     1490        4411 4412 4413    0    0    0
     1491        4414 4415 4416    0    0    0
     1492        4417 4418 4419    0    0    0
     1493        4420 4421 4422    0    0    0
     1494        4423 4424 4425    0    0    0
     1495        4426 4427 4428    0    0    0
     1496        4429 4430 4431    0    0    0
     1497        4432 4433 4434    0    0    0
     1498        4435 4436 4437    0    0    0
     1499        4438 4439 4440    0    0    0
     1500        4441 4442 4443    0    0    0
     1501        4444 4445 4446    0    0    0
     1502        4447 4448 4449    0    0    0
     1503        4450 4451 4452    0    0    0
     1504        4453 4454 4455    0    0    0
     1505        4456 4457 4458    0    0    0
     1506        4459 4460 4461    0    0    0
     1507        4462 4463 4464    0    0    0
     1508        4465 4466 4467    0    0    0
     1509        4468 4469 4470    0    0    0
     1510        4471 4472 4473    0 4474    0
     1511        4475 4476 4477    0    0    0
     1512        4478 4479 4480    0    0    0
     1513        4481 4482 4483    0 4484    0
     1514        4485 4486 4487    0    0    0
     1515        4488 4489 4490    0    0    0
     1516        4491 4492 4493    0    0    0
     1517        4494 4495 4496    0    0    0
     1518        4497 4498 4499    0    0    0
     1519        4500 4501 4502    0    0    0
     1520        4503 4504 4505    0    0    0
     1521        4506 4507 4508    0    0    0
     1522        4509 4510 4511    0    0    0
     1523        4512 4513 4514    0    0    0
     1524        4515 4516 4517    0    0    0
     1525        4518 4519 4520    0    0    0
     1526        4521 4522 4523    0    0    0
     1527        4524 4525 4526    0    0    0
     1528        4527 4528 4529    0    0    0
     1529        4530 4531 4532    0    0    0
     1530        4533 4534 4535    0    0    0
     1531        4536 4537 4538    0    0    0
     1532        4539 4540 4541    0    0    0
     1533        4542 4543 4544    0    0    0
     1534        4545 4546 4547    0    0    0
     1535        4548 4549 4550    0    0    0
     1536        4551 4552 4553    0    0    0
     1537        4554 4555 4556    0    0    0
     1538        4557 4558 4559    0    0    0
     1539        4560 4561 4562    0    0    0
     1540        4563 4564 4565    0    0    0
     1541        4566 4567 4568    0    0    0
     1542        4569 4570 4571    0    0    0
     1543        4572 4573 4574    0    0    0
     1544        4575 4576 4577    0    0    0
     1545           0    0    0    0    0    0
     1546           0    0    0    0    0    0
     1547           0    0    0    0    0    0
     1548           0    0    0    0    0    0
     1549           0    0    0    0    0    0
     1550        4578 4579 4580    0    0    0
     1551        4581 4582 4583    0    0    0
     1552        4584 4585 4586    0    0    0
     1553        4587 4588 4589    0    0    0
     1554        4590 4591 4592    0    0    0
     1555        4593 4594 4595    0    0    0
     1556        4596 4597 4598    0    0    0
     1557        4599 4600 4601    0    0    0
     1558        4602 4603 4604    0    0    0
     1559        4605 4606 4607    0    0    0
     1560        4608 4609 4610    0    0    0
     1561        4611 4612 4613    0    0    0
     1562        4614 4615 4616    0    0    0
     1563        4617 4618 4619    0    0    0
     1564        4620 4621 4622    0    0    0
     1565        4623 4624 4625    0    0    0
     1566        4626 4627 4628    0    0    0
     1567        4629 4630 4631    0    0    0
     1568        4632 4633 4634    0    0    0
     1569        4635 4636 4637    0    0    0
     1570        4638 4639 4640    0    0    0
     1571        4641 4642 4643    0    0    0
     1572        4644 4645 4646    0    0    0
     1573        4647 4648 4649    0    0    0
     1574        4650 4651 4652    0    0    0
     1575        4653 4654 4655    0    0    0
     1576        4656 4657 4658    0    0    0
     1577        4659 4660 4661    0    0    0
     1578        4662 4663 4664    0    0    0
     1579        4665 4666 4667    0    0    0
     1580        4668 4669 4670    0    0    0
     1581        4671 4672 4673    0    0    0
     1582        4674 4675 4676    0    0    0
     1583        4677 4678 4679    0    0    0
     1584        4680 4681 4682    0    0    0
     1585        4683 4684 4685    0    0    0
     1586        4686 4687 4688    0    0    0
     1587        4689 4690 4691    0    0    0
     1588        4692 4693 4694    0    0    0
     1589        4695 4696 4697    0    0    0
     1590        4698 4699 4700    0    0    0
     1591        4701 4702 4703    0    0    0
     1592        4704 4705 4706    0    0    0
     1593        4707 4708 4709    0    0    0
     1594        4710 4711 4712    0    0    0
     1595        4713 4714 4715    0    0    0
     1596        4716 4717 4718    0    0    0
     1597        4719 4720 4721    0    0    0
     1598        4722 4723 4724    0    0    0
     1599        4725 4726 4727    0    0    0
     1600        4728 4729 4730    0    0    0
     1601        4731 4732 4733    0    0    0
     1602        4734 4735 4736    0    0    0
     1603        4737 4738 4739    0    0    0
     1604        4740 4741 4742    0    0    0
     1605        4743 4744 4745    0    0    0
     1606        4746 4747 4748    0    0    0
     1607        4749 4750 4751    0    0    0
     1608        4752 4753 4754    0    0    0
     1609        4755 4756 4757    0    0    0
     1610        4758 4759 4760    0    0    0
     1611        4761 4762 4763    0    0    0
     1612        4764 4765 4766    0    0    0
     1613        4767 4768 4769    0    0    0
     1614        4770 4771 4772    0    0    0
     1615        4773 4774 4775    0    0    0
     1616        4776 4777 4778    0    0    0
     1617        4779 4780 4781    0    0    0
     1618        4782 4783 4784    0    0    0
     1619        4785 4786 4787    0    0    0
     1620        4788 4789 4790    0    0    0
     1621        4791 4792 4793    0    0    0
     1622        4794 4795 4796    0    0    0
     1623        4797 4798 4799    0    0    0
     1624        4800 4801 4802    0    0    0
     1625        4803 4804 4805    0    0    0
     1626        4806 4807 4808    0    0    0
     1627        4809 4810 4811    0    0    0
     1628        4812 4813 4814    0    0    0
     1629        4815 4816 4817    0    0    0
     1630        4818 4819 4820    0    0    0
     1631        4821 4822 4823    0    0    0
     1632        4824 4825 4826    0    0    0
     1633           0    0    0    0    0    0
     1634           0    0    0    0    0    0
     1635        4827 4828 4829    0    0    0
     1636        4830 4831 4832    0    0    0
     1637        4833 4834 4835    0    0    0
     1638        4836 4837 4838    0    0    0
     1639        4839 4840 4841    0    0    0
     1640        4842 4843 4844    0    0    0
     1641        4845 4846 4847    0    0    0
     1642        4848 4849 4850    0    0    0
     1643        4851 4852 4853    0    0    0
     1644        4854 4855 4856    0    0    0
     1645        4857 4858 4859    0    0    0
     1646        4860 4861 4862    0    0    0
     1647        4863 4864 4865    0    0    0
     1648        4866 4867 4868    0    0    0
     1649        4869 4870 4871    0    0    0
     1650        4872 4873 4874    0    0    0
     1651        4875 4876 4877    0    0    0
     1652        4878 4879 4880    0    0    0
     1653        4881 4882 4883    0    0    0
     1654        4884 4885 4886    0    0    0
     1655        4887 4888 4889    0    0    0
     1656        4890 4891 4892    0    0    0
     1657        4893 4894 4895    0    0    0
     1658        4896 4897 4898    0    0    0
     1659        4899 4900 4901    0    0    0
     1660        4902 4903 4904    0    0    0
     1661        4905 4906 4907    0    0    0
     1662        4908 4909 4910    0    0    0
     1663        4911 4912 4913    0    0    0
     1664        4914 4915 4916    0    0    0
     1665        4917 4918 4919    0    0    0
     1666        4920 4921 4922    0    0    0
     1667        4923 4924 4925    0    0    0
     1668        4926 4927 4928    0    0    0
     1669        4929 4930 4931    0    0    0
     1670        4932 4933 4934    0    0    0
     1671        4935 4936 4937    0    0    0
     1672        4938 4939 4940    0    0    0
     1673        4941 4942 4943    0    0    0
     1674        4944 4945 4946    0    0    0
     1675        4947 4948 4949    0    0    0
     1676        4950 4951 4952    0    0    0
     1677        4953 4954 4955    0    0    0
     1678        4956 4957 4958    0    0    0
     1679        4959 4960 4961    0    0    0
     1680        4962 4963 4964    0    0    0
     1681        4965 4966 4967    0    0    0
     1682        4968 4969 4970    0    0    0
     1683        4971 4972 4973    0    0    0
     1684        4974 4975 4976    0    0    0
     1685        4977 4978 4979    0    0    0
     1686        4980 4981 4982    0    0    0
     1687        4983 4984 4985    0    0    0
     1688        4986 4987 4988    0    0    0
     1689        4989 4990 4991    0    0    0
     1690        4992 4993 4994    0    0    0
     1691        4995 4996 4997    0    0    0
     1692        4998 4999 5000    0    0    0
     1693        5001 5002 5003    0    0    0
     1694        5004 5005 5006    0    0    0
     1695        5007 5008 5009    0    0    0
     1696        5010 5011 5012    0    0    0
     1697        5013 5014 5015    0    0    0
     1698        5016 5017 5018    0    0    0
     1699        5019 5020 5021    0    0    0
     1700        5022 5023 5024    0    0    0
     1701        5025 5026 5027    0    0    0
     1702        5028 5029 5030    0    0    0
     1703        5031 5032 5033    0    0    0
     1704        5034 5035 5036    0    0    0
     1705        5037 5038 5039    0    0    0
     1706        5040 5041 5042    0    0    0
     1707        5043 5044 5045    0    0    0
     1708        5046 5047 5048    0    0    0
     1709        5049 5050 5051    0    0    0
     1710        5052 5053 5054    0    0    0
     1711        5055 5056 5057    0    0    0
     1712        5058 5059 5060    0    0    0
     1713        5061 5062 5063    0    0    0
     1714        5064 5065 5066    0    0    0
     1715        5067 5068 5069    0    0    0
     1716        5070 5071 5072    0    0    0
     1717        5073 5074 5075    0    0    0
     1718        5076 5077 5078    0    0    0
     1719        5079 5080 5081    0    0    0
     1720        5082 5083 5084    0    0    0
     1721        5085 5086 5087    0    0    0
     1722        5088 5089 5090    0    0    0
     1723        5091 5092 5093    0    0    0
     1724        5094 5095 5096    0    0    0
     1725        5097 5098 5099    0    0    0
     1726        5100 5101 5102    0    0    0
     1727        5103 5104 5105    0    0    0
     1728        5106 5107 5108    0    0    0
     1729        5109 5110 5111    0    0    0
     1730        5112 5113 5114    0    0    0
     1731        5115 5116 5117    0    0    0
     1732        5118 5119 5120    0    0    0
     1733        5121 5122 5123    0    0    0
     1734        5124 5125 5126    0    0    0
     1735        5127 5128 5129    0    0    0
     1736        5130 5131 5132    0    0    0
     1737        5133 5134 5135    0    0    0
     1738        5136 5137 5138    0    0    0
     1739        5139 5140 5141    0    0    0
     1740        5142 5143 5144    0    0    0
     1741        5145 5146 5147    0    0    0
     1742        5148 5149 5150    0    0    0
     1743        5151 5152 5153    0    0    0
     1744        5154 5155 5156    0    0    0
     1745        5157 5158 5159    0    0    0
     1746        5160 5161 5162    0    0    0
     1747        5163 5164 5165    0    0    0
     1748        5166 5167 5168    0    0    0
     1749        5169 5170 5171    0    0    0
     1750        5172 5173 5174    0    0    0
     1751        5175 5176 5177    0    0    0
     1752        5178 5179 5180    0    0    0
     1753        5181 5182 5183    0    0    0
     1754        5184 5185 5186    0    0    0
     1755        5187 5188 5189    0    0    0
     1756        5190 5191 5192    0    0    0
     1757        5193 5194 5195    0    0    0
     1758        5196 5197 5198    0    0    0
     1759        5199 5200 5201    0    0    0
     1760        5202 5203 5204    0    0    0
     1761        5205 5206 5207    0    0    0
     1762        5208 5209 5210    0    0    0
     1763        5211 5212 5213    0    0    0
     1764        5214 5215 5216    0    0    0
     1765        5217 5218 5219    0    0    0
     1766        5220 5221 5222    0    0    0
     1767        5223 5224 5225    0    0    0
     1768        5226 5227 5228    0    0    0
     1769        5229 5230 5231    0    0    0
     1770        5232 5233 5234    0    0    0
     1771        5235 5236 5237    0    0    0
     1772        5238 5239 5240    0    0    0
     1773        5241 5242 5243    0    0    0
     1774        5244 5245 5246    0    0    0
     1775        5247 5248 5249    0    0    0
     1776        5250 5251 5252    0    0    0
     1777        5253 5254 5255    0    0    0
     1778        5256 5257 5258    0    0    0
     1779        5259 5260 5261    0    0    0
     1780        5262 5263 5264    0    0    0
     1781        5265 5266 5267    0    0    0
     1782        5268 5269 5270    0    0    0
     1783        5271 5272 5273    0    0    0
     1784        5274 5275 5276    0    0    0
     1785        5277 5278 5279    0    0    0
     1786        5280 5281 5282    0    0    0
     1787        5283 5284 5285    0    0    0
     1788        5286 5287 5288    0    0    0
     1789        5289 5290 5291    0    0    0
     1790        5292 5293 5294    0    0    0
     1791        5295 5296 5297    0    0    0
     1792        5298 5299 5300    0    0    0
     1793        5301 5302 5303    0    0    0
     1794        5304 5305 5306    0    0    0
     1795        5307 5308 5309    0    0    0
     1796        5310 5311 5312    0    0    0
     1797        5313 5314 5315    0    0    0
     1798        5316 5317 5318    0    0    0
     1799        5319 5320 5321    0    0    0
     1800        5322 5323 5324    0    0    0
     1801        5325 5326 5327    0    0    0
     1802        5328 5329 5330    0    0    0
     1803        5331 5332 5333    0    0    0
     1804        5334 5335 5336    0    0    0
     1805        5337 5338 5339    0    0    0
     1806        5340 5341 5342    0    0    0
     1807        5343 5344 5345    0    0    0
     1808        5346 5347 5348    0    0    0
     1809        5349 5350 5351    0    0    0
     1810        5352 5353 5354    0    0    0
     1811        5355 5356 5357    0    0    0
     1812        5358 5359 5360    0    0    0
     1813        5361 5362 5363    0    0    0
     1814        5364 5365 5366    0    0    0
     1815        5367 5368 5369    0    0    0
     1816        5370 5371 5372    0    0    0
     1817        5373 5374 5375    0    0    0
     1818        5376 5377 5378    0    0    0
     1819        5379 5380 5381    0    0    0
     1820        5382 5383 5384    0    0    0
     1821        5385 5386 5387    0    0    0
     1822        5388 5389 5390    0    0    0
     1823        5391 5392 5393    0    0    0
     1824        5394 5395 5396    0    0    0
     1825        5397 5398 5399    0    0    0
     1826        5400 5401 5402    0    0    0
     1827        5403 5404 5405    0    0    0
     1828        5406 5407 5408    0    0    0
     1829        5409 5410 5411    0    0    0
     1830        5412 5413 5414    0    0    0
     1831        5415 5416 5417    0    0    0
     1832        5418 5419 5420    0    0    0
     1833        5421 5422 5423    0    0    0
     1834        5424 5425 5426    0    0    0
     1835        5427 5428 5429    0    0    0
     1836        5430 5431 5432    0    0    0
     1837        5433 5434 5435    0    0    0
     1838        5436 5437 5438    0    0    0
     1839        5439 5440 5441    0    0    0
     1840        5442 5443 5444    0    0    0
     1841        5445 5446 5447    0    0    0
     1842        5448 5449 5450    0    0    0
     1843        5451 5452 5453    0    0    0
     1844        5454 5455 5456    0    0    0
     1845        5457 5458 5459    0    0    0
     1846        5460 5461 5462    0    0    0
     1847        5463 5464 5465    0    0    0
     1848        5466 5467 5468    0    0    0
     1849        5469 5470 5471    0    0    0
     1850        5472 5473 5474    0    0    0
     1851        5475 5476 5477    0    0    0
     1852        5478 5479 5480    0    0    0
     1853        5481 5482 5483    0    0    0
     1854        5484 5485 5486    0    0    0
     1855        5487 5488 5489    0    0    0
     1856        5490 5491 5492    0    0    0
     1857        5493 5494 5495    0    0    0
     1858        5496 5497 5498    0    0    0
     1859        5499 5500 5501    0    0    0
     1860        5502 5503 5504    0    0    0
     1861        5505 5506 5507    0    0    0
     1862        5508 5509 5510    0    0    0
     1863        5511 5512 5513    0    0    0
     1864        5514 5515 5516    0    0    0
     1865        5517 5518 5519    0    0    0
     1866        5520 5521 5522    0    0    0
     1867        5523 5524 5525    0    0    0
     1868        5526 5527 5528    0    0    0
     1869        5529 5530 5531    0    0    0
     1870        5532 5533 5534    0    0    0
     1871           0    0    0    0    0    0
     1872           0    0    0    0    0    0
     1873        5535 5536 5537    0    0    0
     1874        5538 5539 5540    0    0    0
     1875        5541 5542 5543    0    0    0
     1876        5544 5545 5546    0    0    0
     1877        5547 5548 5549    0    0    0
     1878        5550 5551 5552    0    0    0
     1879        5553 5554 5555    0    0    0
     1880        5556 5557 5558    0    0    0
     1881        5559 5560 5561    0    0    0
     1882        5562 5563 5564    0    0    0
     1883        5565 5566 5567    0    0    0
     1884        5568 5569 5570    0    0    0
     1885        5571 5572 5573    0    0    0
     1886        5574 5575 5576    0    0    0
     1887        5577 5578 5579    0    0    0
     1888        5580 5581 5582    0    0    0
     1889        5583 5584 5585    0    0    0
     1890        5586 5587 5588    0    0    0
     1891        5589 5590 5591    0    0    0
     1892        5592 5593 5594    0    0    0
     1893        5595 5596 5597    0    0    0
     1894        5598 5599 5600    0    0    0
     1895        5601 5602 5603    0    0    0
     1896        5604 5605 5606    0    0    0
     1897        5607 5608 5609    0    0    0
     1898        5610 5611 5612    0    0    0
     1899        5613 5614 5615    0    0    0
     1900        5616 5617 5618    0    0    0
     1901        5619 5620 5621    0    0    0
     1902        5622 5623 5624    0    0    0
     1903        5625 5626 5627    0    0    0
     1904        5628 5629 5630    0    0    0
     1905        5631 5632 5633    0    0    0
     1906        5634 5635 5636    0    0    0
     1907        5637 5638 5639    0    0    0
     1908        5640 5641 5642    0    0    0
     1909        5643 5644 5645    0    0    0
     1910        5646 5647 5648    0    0    0
     1911        5649 5650 5651    0    0    0
     1912        5652 5653 5654    0    0    0
     1913        5655 5656 5657    0    0    0
     1914        5658 5659 5660    0    0    0
     1915        5661 5662 5663    0    0    0
     1916        5664 5665 5666    0    0    0
     1917        5667 5668 5669    0    0    0
     1918        5670 5671 5672    0    0    0
     1919        5673 5674 5675    0    0    0
     1920        5676 5677 5678    0    0    0
     1921        5679 5680 5681    0    0    0
     1922        5682 5683 5684    0    0    0
     1923        5685 5686 5687    0    0    0
     1924        5688 5689 5690    0    0    0
     1925        5691 5692 5693    0    0    0
     1926        5694 5695 5696    0    0    0
     1927        5697 5698 5699    0    0    0
     1928        5700 5701 5702    0    0    0
     1929        5703 5704 5705    0    0    0
     1930        5706 5707 5708    0    0    0
     1931        5709 5710 5711    0    0    0
     1932        5712 5713 5714    0    0    0
     1933        5715 5716 5717    0    0    0
     1934        5718 5719 5720    0    0    0
     1935        5721 5722 5723    0    0    0
     1936        5724 5725 5726    0    0    0
     1937        5727 5728 5729    0    0    0
     1938        5730 5731 5732    0    0    0
     1939        5733 5734 5735    0    0    0
     1940        5736 5737 5738    0    0    0
     1941        5739 5740 5741    0    0    0
     1942        5742 5743 5744    0    0    0
     1943        5745 5746 5747    0    0    0
     1944        5748 5749 5750    0    0    0
     1945        5751 5752 5753    0    0    0
     1946        5754 5755 5756    0    0    0
     1947        5757 5758 5759    0    0    0
     1948        5760 5761 5762    0    0    0
     1949        5763 5764 5765    0    0    0
     1950        5766 5767 5768    0    0    0
     1951        5769 5770 5771    0    0    0
     1952        5772 5773 5774    0    0    0
     1953        5775 5776 5777    0    0    0
     1954        5778 5779 5780    0    0    0
     1955        5781 5782 5783    0    0    0
     1956        5784 5785 5786    0    0    0
     1957        5787 5788 5789    0    0    0
     1958        5790 5791 5792    0    0    0
     1959        5793 5794 5795    0    0    0
     1960        5796 5797 5798    0    0    0
     1961        5799 5800 5801    0    0    0
     1962        5802 5803 5804    0    0    0
     1963        5805 5806 5807    0    0    0
     1964        5808 5809 5810    0    0    0
     1965        5811 5812 5813    0    0    0
     1966        5814 5815 5816    0    0    0
     1967        5817 5818 5819    0    0    0
     1968        5820 5821 5822    0    0    0
     1969        5823 5824 5825    0    0    0
     1970        5826 5827 5828    0    0    0
     1971        5829 5830 5831    0    0    0
     1972        5832 5833 5834    0    0    0
     1973        5835 5836 5837    0    0    0
     1974        5838 5839 5840    0    0    0
     1975        5841 5842 5843    0    0    0
     1976        5844 5845 5846    0    0    0
     1977        5847 5848 5849    0    0    0
     1978        5850 5851 5852    0    0    0
     1979        5853 5854 5855    0    0    0
     1980        5856 5857 5858    0    0    0
     1981        5859 5860 5861    0    0    0
     1982        5862 5863 5864    0    0    0
     1983        5865 5866 5867    0    0    0
     1984        5868 5869 5870    0    0    0
     1985        5871 5872 5873    0    0    0
     1986        5874 5875 5876    0    0    0
     1987        5877 5878 5879    0    0    0
     1988        5880 5881 5882    0    0    0
     1989        5883 5884 5885    0    0    0
     1990        5886 5887 5888    0    0    0
     1991        5889 5890 5891    0    0    0
     1992        5892 5893 5894    0    0    0
     1993        5895 5896 5897    0    0    0
     1994        5898 5899 5900    0    0    0
     1995        5901 5902 5903    0    0    0
     1996        5904 5905 5906    0    0    0
     1997        5907 5908 5909    0    0    0
     1998        5910 5911 5912    0    0    0
     1999        5913 5914 5915    0    0    0
     2000        5916 5917 5918    0    0    0
     2001        5919 5920 5921    0    0    0
     2002        5922 5923 5924    0    0    0
     2003        5925 5926 5927    0    0    0
     2004        5928 5929 5930    0    0    0
     2005        5931 5932 5933    0    0    0
     2006        5934 5935 5936    0    0    0
     2007        5937 5938 5939    0    0    0
     2008        5940 5941 5942    0    0    0
     2009        5943 5944 5945    0    0    0
     2010        5946 5947 5948    0    0    0
     2011        5949 5950 5951    0    0    0
     2012        5952 5953 5954    0    0    0
     2013        5955 5956 5957    0    0    0
     2014        5958 5959 5960    0    0    0
     2015        5961 5962 5963    0    0    0
     2016        5964 5965 5966    0    0    0
     2017        5967 5968 5969    0    0    0
     2018        5970 5971 5972    0    0    0
     2019        5973 5974 5975    0    0    0
     2020        5976 5977 5978    0    0    0
     2021        5979 5980 5981    0    0    0
     2022        5982 5983 5984    0    0    0
     2023        5985 5986 5987    0    0    0
     2024        5988 5989 5990    0    0    0
     2025        5991 5992 5993    0    0    0
     2026        5994 5995 5996    0    0    0
     2027        5997 5998 5999    0    0    0
     2028        6000 6001 6002    0    0    0
     2029        6003 6004 6005    0    0    0
     2030        6006 6007 6008    0    0    0
     2031        6009 6010 6011    0    0    0
     2032        6012 6013 6014    0    0    0
     2033        6015 6016 6017    0    0    0
     2034        6018 6019 6020    0    0    0
     2035        6021 6022 6023    0    0    0
     2036        6024 6025 6026    0    0    0
     2037        6027 6028 6029    0    0    0
     2038        6030 6031 6032    0    0    0
     2039        6033 6034 6035    0    0    0
     2040        6036 6037 6038    0    0    0
     2041        6039 6040 6041    0    0    0
     2042        6042 6043 6044    0    0    0
     2043        6045 6046 6047    0    0    0
     2044        6048 6049 6050    0    0    0
     2045        6051 6052 6053    0    0    0
     2046        6054 6055 6056    0    0    0
     2047        6057 6058 6059    0    0    0
     2048        6060 6061 6062    0    0    0
     2049        6063 6064 6065    0    0    0
     2050        6066 6067 6068    0    0    0
     2051        6069 6070 6071    0    0    0
     2052        6072 6073 6074    0    0    0
     2053        6075 6076 6077    0    0    0
     2054        6078 6079 6080    0    0    0
     2055        6081 6082 6083    0    0    0
     2056        6084 6085 6086    0    0    0
     2057        6087 6088 6089    0    0    0
     2058        6090 6091 6092    0    0    0
     2059        6093 6094 6095    0    0    0
     2060        6096 6097 6098    0    0    0
     2061        6099 6100 6101    0    0    0
     2062        6102 6103 6104    0    0    0
     2063        6105 6106 6107    0    0    0
     2064        6108 6109 6110    0    0    0
     2065        6111 6112 6113    0    0    0
     2066        6114 6115 6116    0    0    0
     2067        6117 6118 6119    0    0    0
     2068        6120 6121 6122    0    0    0
     2069        6123 6124 6125    0    0    0
     2070        6126 6127 6128    0    0    0
     2071        6129 6130 6131    0    0    0
     2072        6132 6133 6134    0    0    0
     2073        6135 6136 6137    0    0    0
     2074        6138 6139 6140    0    0    0
     2075        6141 6142 6143    0    0    0
     2076        6144 6145 6146    0    0    0
     2077        6147 6148 6149    0    0    0
     2078        6150 6151 6152    0    0    0
     2079        6153 6154 6155    0    0    0
     2080        6156 6157 6158    0    0    0
     2081        6159 6160 6161    0    0    0
     2082        6162 6163 6164    0    0    0
     2083        6165 6166 6167    0    0    0
     2084        6168 6169 6170    0    0    0
     2085        6171 6172 6173    0    0    0
     2086        6174 6175 6176    0    0    0
     2087        6177 6178 6179    0    0    0
     2088        6180 6181 6182    0    0    0
     2089        6183 6184 6185    0    0    0
     2090        6186 6187 6188    0    0    0
     2091        6189 6190 6191    0    0    0
     2092        6192 6193 6194    0    0    0
     2093        6195 6196 6197    0    0    0
     2094        6198 6199 6200    0    0    0
     2095        6201 6202 6203    0    0    0
     2096        6204 6205 6206    0    0    0
     2097        6207 6208 6209    0    0    0
     2098        6210 6211 6212    0    0    0
     2099        6213 6214 6215    0    0    0
     2100        6216 6217 6218    0    0    0
     2101        6219 6220 6221    0    0    0
     2102        6222 6223 6224    0    0    0
     2103        6225 6226 6227    0    0    0
     2104        6228 6229 6230    0    0    0
     2105        6231 6232 6233    0    0    0
     2106        6234 6235 6236    0    0    0
     2107        6237 6238 6239    0    0    0
     2108        6240 6241 6242    0    0    0
     2109        6243 6244 6245    0    0    0
     2110        6246 6247 6248    0    0    0
     2111        6249 6250 6251    0    0    0
     2112        6252 6253 6254    0    0    0
     2113        6255 6256 6257    0    0    0
     2114        6258 6259 6260    0    0    0
     2115        6261 6262 6263    0    0    0
     2116        6264 6265 6266    0    0    0
     2117        6267 6268 6269    0    0    0
     2118        6270 6271 6272    0    0    0
     2119        6273 6274 6275    0    0    0
     2120        6276 6277 6278    0    0    0
     2121        6279 6280 6281    0    0    0
     2122        6282 6283 6284    0    0    0
     2123        6285 6286 6287    0    0    0
     2124        6288 6289 6290    0    0    0
     2125        6291 6292 6293    0    0    0
     2126        6294 6295 6296    0    0    0
     2127        6297 6298 6299    0    0    0
     2128        6300 6301 6302    0    0    0
     2129        6303 6304 6305    0    0    0
     2130        6306 6307 6308    0    0    0
     2131        6309 6310 6311    0    0    0
     2132        6312 6313 6314    0    0    0
     2133        6315 6316 6317    0    0    0
     2134        6318 6319 6320    0    0    0
     2135        6321 6322 6323    0    0    0
     2136        6324 6325 6326    0    0    0
     2137        6327 6328 6329    0    0    0
     2138        6330 6331 6332    0    0    0
     2139        6333 6334 6335    0    0    0
     2140        6336 6337 6338    0    0    0
     2141        6339 6340 6341    0    0    0
     2142        6342 6343 6344    0    0    0
     2143        6345 6346 6347    0    0    0
     2144        6348 6349 6350    0    0    0
     2145        6351 6352 6353    0    0    0
     2146        6354 6355 6356    0    0    0
     2147        6357 6358 6359    0    0    0
     2148        6360 6361 6362    0    0    0
     2149        6363 6364 6365    0    0    0
     2150        6366 6367 6368    0    0    0
     2151        6369 6370 6371    0    0    0
     2152        6372 6373 6374    0    0    0
     2153        6375 6376 6377    0    0    0
     2154        6378 6379 6380    0    0    0
     2155        6381 6382 6383    0    0    0
     2156        6384 6385 6386    0    0    0
     2157        6387 6388 6389    0    0    0
     2158        6390 6391 6392    0    0    0
     2159        6393 6394 6395    0    0    0
     2160        6396 6397 6398    0    0    0
     2161        6399 6400 6401    0    0    0
     2162        6402 6403 6404    0    0    0
     2163        6405 6406 6407    0    0    0
     2164        6408 6409 6410    0    0    0
     2165        6411 6412 6413    0    0    0
     2166        6414 6415 6416    0    0    0
     2167        6417 6418 6419    0    0    0
     2168        6420 6421 6422    0    0    0
     2169        6423 6424 6425    0    0    0
     2170        6426 6427 6428    0    0    0
     2171        6429 6430 6431    0    0    0
     2172        6432 6433 6434    0    0    0
     2173        6435 6436 6437    0    0    0
     2174        6438 6439 6440    0    0    0
     2175        6441 6442 6443    0    0    0
     2176        6444 6445 6446    0    0    0
     2177        6447 6448 6449    0    0    0
     2178        6450 6451 6452    0    0    0
     2179        6453 6454 6455    0    0    0
     2180        6456 6457 6458    0    0    0
     2181        6459 6460 6461    0    0    0
     2182        6462 6463 6464    0    0    0
     2183        6465 6466 6467    0    0    0
     2184        6468 6469 6470    0    0    0
     2185        6471 6472 6473    0    0    0
     2186        6474 6475 6476    0    0    0
     2187        6477 6478 6479    0    0    0
     2188        6480 6481 6482    0    0    0
     2189        6483 6484 6485    0    0    0
     2190        6486 6487 6488    0    0    0
     2191        6489 6490 6491    0    0    0
     2192        6492 6493 6494    0    0    0
     2193        6495 6496 6497    0    0    0
     2194        6498 6499 6500    0    0    0
     2195        6501 6502 6503    0    0    0
     2196        6504 6505 6506    0    0    0
     2197        6507 6508 6509    0    0    0
     2198        6510 6511 6512    0    0    0
     2199        6513 6514 6515    0    0    0
     2200        6516 6517 6518    0    0    0
     2201        6519 6520 6521    0    0    0
     2202        6522 6523 6524    0    0    0
     2203        6525 6526 6527    0    0    0
     2204        6528 6529 6530    0    0    0
     2205        6531 6532 6533    0    0    0
     2206        6534 6535 6536    0    0    0
     2207        6537 6538 6539    0    0    0
     2208        6540 6541 6542    0    0    0
     2209        6543 6544 6545    0    0    0
     2210        6546 6547 6548    0    0    0
     2211        6549 6550 6551    0    0    0
     2212        6552 6553 6554    0    0    0
     2213        6555 6556 6557    0    0    0
     2214        6558 6559 6560    0    0    0
     2215        6561 6562 6563    0    0    0
     2216        6564 6565 6566    0    0    0
     2217        6567 6568 6569    0    0    0
     2218        6570 6571 6572    0    0    0
     2219        6573 6574 6575    0    0    0
     2220        6576 6577 6578    0    0    0
     2221        6579 6580 6581    0    0    0
     2222        6582 6583 6584    0    0    0
     2223        6585 6586 6587    0    0    0
     2224        6588 6589 6590    0    0    0
     2225        6591 6592 6593    0    0    0
     2226        6594 6595 6596    0    0    0
     2227        6597 6598 6599    0    0    0
     2228        6600 6601 6602    0    0    0
     2229        6603 6604 6605    0    0    0
     2230        6606 6607 6608    0 6609    0
     2231        6610 6611 6612    0 6613    0
     2232           0    0    0    0    0    0
     2233           0    0    0    0    0    0
     2234           0    0    0    0    0    0
     2235           0    0    0    0    0    0
     2236        6614 6615 6616    0    0    0
     2237        6617 6618 6619    0    0    0
     2238        6620 6621 6622    0    0    0
     2239        6623 6624 6625    0    0    0
     2240        6626 6627 6628    0    0    0
     2241        6629 6630 6631    0    0    0
     2242        6632 6633 6634    0    0    0
     2243        6635 6636 6637    0    0    0
     2244        6638 6639 6640    0    0    0
     2245        6641 6642 6643    0    0    0
     2246        6644 6645 6646    0    0    0
     2247        6647 6648 6649    0    0    0
     2248        6650 6651 6652    0    0    0
     2249        6653 6654 6655    0    0    0
     2250        6656 6657 6658    0    0    0
     2251        6659 6660 6661    0    0    0
     2252        6662 6663 6664    0    0    0
     2253        6665 6666 6667    0    0    0
     2254        6668 6669 6670    0    0    0
     2255        6671 6672 6673    0    0    0
     2256        6674 6675 6676    0    0    0
     2257        6677 6678 6679    0    0    0
     2258        6680 6681 6682    0    0    0
     2259        6683 6684 6685    0    0    0
     2260        6686 6687 6688    0    0    0
     2261        6689 6690 6691    0    0    0
     2262        6692 6693 6694    0    0    0
     2263        6695 6696 6697    0    0    0
     2264        6698 6699 6700    0    0    0
     2265        6701 6702 6703    0    0    0
     2266        6704 6705 6706    0    0    0
     2267        6707 6708 6709    0    0    0
     2268        6710 6711 6712    0    0    0
     2269        6713 6714 6715    0    0    0
     2270        6716 6717 6718    0    0    0
     2271        6719 6720 6721    0    0    0
     2272        6722 6723 6724    0    0    0
     2273        6725 6726 6727    0    0    0
     2274        6728 6729 6730    0    0    0
     2275        6731 6732 6733    0    0    0
     2276        6734 6735 6736    0    0    0
     2277        6737 6738 6739    0    0    0
     2278        6740 6741 6742    0    0    0
     2279        6743 6744 6745    0    0    0
     2280        6746 6747 6748    0    0    0
     2281        6749 6750 6751    0    0    0
     2282        6752 6753 6754    0    0    0
     2283        6755 6756 6757    0    0    0
     2284        6758 6759 6760    0    0    0
     2285        6761 6762 6763    0    0    0
     2286        6764 6765 6766    0    0    0
     2287        6767 6768 6769    0    0    0
     2288        6770 6771 6772    0    0    0
     2289        6773 6774 6775    0    0    0
     2290        6776 6777 6778    0    0    0
     2291        6779 6780 6781    0    0    0
     2292        6782 6783 6784    0    0    0
     2293        6785 6786 6787    0    0    0
     2294        6788 6789 6790    0    0    0
     2295        6791 6792 6793    0    0    0
     2296        6794 6795 6796    0    0    0
     2297        6797 6798 6799    0    0    0
     2298        6800 6801 6802    0    0    0
     2299        6803 6804 6805    0    0    0
     2300        6806 6807 6808    0    0    0
     2301        6809 6810 6811    0    0    0
     2302        6812 6813 6814    0    0    0
     2303        6815 6816 6817    0    0    0
     2304           0    0    0    0    0    0
     2305           0    0    0    0    0    0
     2306           0    0    0    0    0    0
     2307        6818 6819 6820    0    0    0
     2308        6821 6822 6823    0    0    0
     2309        6824 6825 6826    0    0    0
     2310        6827 6828 6829    0    0    0
     2311        6830 6831 6832    0    0    0
     2312        6833 6834 6835    0    0    0
     2313           0    0    0    0    0    0
     2314           0    0    0    0    0    0
     2315           0    0    0    0    0    0
     2316        6836 6837 6838    0    0    0
     2317        6839 6840 6841    0    0    0
     2318        6842 6843 6844    0    0    0
     2319           0    0    0    0    0    0
     2320           0    0    0    0    0    0
     2321           0    0    0    0    0    0
     2322           0    0    0    0    0    0
     2323           0    0    0    0    0    0
     2324           0    0    0    0    0    0
     2325           0    0    0    0    0    0
     2326           0    0    0    0    0    0
     2327           0    0    0    0    0    0
     2328           0    0    0    0    0    0
     2329           0    0    0    0    0    0
     2330           0    0    0    0    0    0
     2331           0    0    0    0    0    0
     2332           0    0    0    0    0    0
     2333           0    0    0    0    0    0
     2334           0    0    0    0    0    0
     2335           0    0    0    0    0    0
     2336           0    0    0    0    0    0
     2337        6845 6846 6847    0    0    0
     2338        6848 6849 6850    0    0    0
     2339        6851 6852 6853    0    0    0
     2340        6854 6855 6856    0    0    0
     2341        6857 6858 6859    0    0    0
     2342        6860 6861 6862    0    0    0
     2343        6863 6864 6865    0    0    0
     2344        6866 6867 6868    0    0    0
     2345        6869 6870 6871    0    0    0
     2346        6872 6873 6874    0    0    0
     2347        6875 6876 6877    0    0    0
     2348        6878 6879 6880    0    0    0
     2349        6881 6882 6883    0    0    0
     2350        6884 6885 6886    0    0    0
     2351        6887 6888 6889    0    0    0
     2352        6890 6891 6892    0    0    0
     2353        6893 6894 6895    0    0    0
     2354        6896 6897 6898    0    0    0
     2355        6899 6900 6901    0    0    0
     2356        6902 6903 6904    0    0    0
     2357        6905 6906 6907    0    0    0
     2358        6908 6909 6910    0    0    0
     2359        6911 6912 6913    0    0    0
     2360        6914 6915 6916    0    0    0
     2361        6917 6918 6919    0    0    0
     2362        6920 6921 6922    0    0    0
     2363        6923 6924 6925    0    0    0
     2364        6926 6927 6928    0    0    0
     2365        6929 6930 6931    0    0    0
     2366        6932 6933 6934    0    0    0
     2367        6935 6936 6937    0    0    0
     2368        6938 6939 6940    0    0    0
     2369        6941 6942 6943    0    0    0
     2370        6944 6945 6946    0    0    0
     2371        6947 6948 6949    0    0    0
     2372        6950 6951 6952    0    0    0
     2373        6953 6954 6955    0    0    0
     2374        6956 6957 6958    0    0    0
     2375        6959 6960 6961    0    0    0
     2376        6962 6963 6964    0    0    0
     2377        6965 6966 6967    0    0    0
     2378        6968 6969 6970    0    0    0
     2379        6971 6972 6973    0    0    0
     2380        6974 6975 6976    0    0    0
     2381        6977 6978 6979    0    0    0
     2382        6980 6981 6982    0    0    0
     2383        6983 6984 6985    0    0    0
     2384        6986 6987 6988    0    0    0
     2385        6989 6990 6991    0    0    0
     2386        6992 6993 6994    0    0    0
     2387        6995 6996 6997    0    0    0
     2388        6998 6999 7000    0    0    0
     2389        7001 7002 7003    0    0    0
     2390        7004 7005 7006    0    0    0
     2391        7007 7008 7009    0    0    0
     2392        7010 7011 7012    0    0    0
     2393        7013 7014 7015    0    0    0
     2394        7016 7017 7018    0    0    0
     2395        7019 7020 7021    0    0    0
     2396        7022 7023 7024    0    0    0
     2397        7025 7026 7027    0    0    0
     2398        7028 7029 7030    0    0    0
     2399        7031 7032 7033    0    0    0
     2400        7034 7035 7036    0    0    0
     2401        7037 7038 7039    0    0    0
     2402        7040 7041 7042    0    0    0
     2403        7043 7044 7045    0    0    0
     2404        7046 7047 7048    0    0    0
     2405        7049 7050 7051    0    0    0
     2406        7052 7053 7054    0    0    0
     2407        7055 7056 7057    0    0    0
     2408        7058 7059 7060    0    0    0
     2409        7061 7062 7063    0    0    0
     2410        7064 7065 7066    0    0    0
     2411        7067 7068 7069    0    0    0
     2412        7070 7071 7072    0    0    0
     2413        7073 7074 7075    0    0    0
     2414        7076 7077 7078    0    0    0
     2415        7079 7080 7081    0    0    0
     2416        7082 7083 7084    0    0    0
     2417        7085 7086 7087    0    0    0
     2418        7088 7089 7090    0    0    0
     2419        7091 7092 7093    0    0    0
     2420        7094 7095 7096    0    0    0
     2421        7097 7098 7099    0    0    0
     2422        7100 7101 7102    0    0    0
     2423        7103 7104 7105    0    0    0
     2424        7106 7107 7108    0    0    0
     2425        7109 7110 7111    0    0    0
     2426        7112 7113 7114    0    0    0
     2427        7115 7116 7117    0    0    0
     2428        7118 7119 7120    0    0    0
     2429        7121 7122 7123    0    0    0
     2430        7124 7125 7126    0    0    0
     2431        7127 7128 7129    0    0    0
     2432        7130 7131 7132    0    0    0
     2433        7133 7134 7135    0    0    0
     2434        7136 7137 7138    0    0    0
     2435        7139 7140 7141    0    0    0
     2436        7142 7143 7144    0    0    0
     2437        7145 7146 7147    0    0    0
     2438        7148 7149 7150    0    0    0
     2439        7151 7152 7153    0    0    0
     2440        7154 7155 7156    0    0    0
     2441        7157 7158 7159    0    0    0
     2442        7160 7161 7162    0    0    0
     2443        7163 7164 7165    0    0    0
     2444        7166 7167 7168    0    0    0
     2445        7169 7170 7171    0    0    0
     2446        7172 7173 7174    0    0    0
     2447        7175 7176 7177    0    0    0
     2448        7178 7179 7180    0    0    0
     2449        7181 7182 7183    0    0    0
     2450        7184 7185 7186    0    0    0
     2451        7187 7188 7189    0    0    0
     2452        7190 7191 7192    0    0    0
     2453        7193 7194 7195    0    0    0
     2454        7196 7197 7198    0    0    0
     2455        7199 7200 7201    0    0    0
     2456        7202 7203 7204    0    0    0
     2457        7205 7206 7207    0    0    0
     2458        7208 7209 7210    0    0    0
     2459        7211 7212 7213    0    0    0
     2460        7214 7215 7216    0    0    0
     2461        7217 7218 7219    0    0    0
     2462        7220 7221 7222    0    0    0
     2463        7223 7224 7225    0    0    0
     2464        7226 7227 7228    0    0    0
     2465        7229 7230 7231    0    0    0
     2466        7232 7233 7234    0    0    0
     2467        7235 7236 7237    0    0    0
     2468        7238 7239 7240    0    0    0
     2469        7241 7242 7243    0    0    0
     2470        7244 7245 7246    0    0    0
     2471        7247 7248 7249    0    0    0
     2472        7250 7251 7252    0    0    0
     2473        7253 7254 7255    0    0    0
     2474        7256 7257 7258    0    0    0
     2475        7259 7260 7261    0    0    0
     2476        7262 7263 7264    0    0    0
     2477        7265 7266 7267    0    0    0
     2478        7268 7269 7270    0    0    0
     2479        7271 7272 7273    0    0    0
     2480        7274 7275 7276    0    0    0
     2481        7277 7278 7279    0    0    0
     2482        7280 7281 7282    0    0    0
     2483        7283 7284 7285    0    0    0
     2484        7286 7287 7288    0    0    0
     2485        7289 7290 7291    0    0    0
     2486        7292 7293 7294    0    0    0
     2487        7295 7296 7297    0    0    0
     2488        7298 7299 7300    0    0    0
     2489        7301 7302 7303    0    0    0
     2490        7304 7305 7306    0    0    0
     2491        7307 7308 7309    0    0    0
     2492        7310 7311 7312    0    0    0
     2493        7313 7314 7315    0    0    0
     2494        7316 7317 7318    0    0    0
     2495        7319 7320 7321    0    0    0
     2496        7322 7323 7324    0    0    0
     2497        7325 7326 7327    0    0    0
     2498        7328 7329 7330    0    0    0
     2499        7331 7332 7333    0    0    0
     2500        7334 7335 7336    0    0    0
     2501        7337 7338 7339    0    0    0
     2502        7340 7341 7342    0    0    0
     2503        7343 7344 7345    0    0    0
     2504        7346 7347 7348    0    0    0
     2505        7349 7350 7351    0    0    0
     2506        7352 7353 7354    0    0    0
     2507        7355 7356 7357    0    0    0
     2508        7358 7359 7360    0    0    0
     2509        7361 7362 7363    0    0    0
     2510        7364 7365 7366    0    0    0
     2511        7367 7368 7369    0    0    0
     2512        7370 7371 7372    0    0    0
     2513        7373 7374 7375    0    0    0
     2514        7376 7377 7378    0    0    0
     2515        7379 7380 7381    0    0    0
     2516        7382 7383 7384    0    0    0
     2517        7385 7386 7387    0    0    0
     2518        7388 7389 7390    0    0    0
     2519        7391 7392 7393    0    0    0
     2520        7394 7395 7396    0    0    0
     2521        7397 7398 7399    0    0    0
     2522        7400 7401 7402    0    0    0
     2523        7403 7404 7405    0    0    0
     2524        7406 7407 7408    0    0    0
     2525        7409 7410 7411    0    0    0
     2526        7412 7413 7414    0    0    0
     2527        7415 7416 7417    0    0    0
     2528        7418 7419 7420    0    0    0
     2529        7421 7422 7423    0    0    0
     2530        7424 7425 7426    0    0    0
     2531        7427 7428 7429    0    0    0
     2532        7430 7431 7432    0    0    0
     2533        7433 7434 7435    0    0    0
     2534        7436 7437 7438    0    0    0
     2535        7439 7440 7441    0    0    0
     2536        7442 7443 7444    0    0    0
     2537        7445 7446 7447    0    0    0
     2538        7448 7449 7450    0    0    0
     2539        7451 7452 7453    0    0    0
     2540        7454 7455 7456    0    0    0
     2541        7457 7458 7459    0    0    0
     2542        7460 7461 7462    0    0    0
     2543        7463 7464 7465    0    0    0
     2544        7466 7467 7468    0    0    0
     2545        7469 7470 7471    0    0    0
     2546        7472 7473 7474    0    0    0
     2547        7475 7476 7477    0    0    0
     2548        7478 7479 7480    0    0    0
     2549        7481 7482 7483    0    0    0
     2550        7484 7485 7486    0    0    0
     2551        7487 7488 7489    0    0    0
     2552        7490 7491 7492    0    0    0
     2553        7493 7494 7495    0    0    0
     2554        7496 7497 7498    0    0    0
     2555        7499 7500 7501    0    0    0
     2556        7502 7503 7504    0    0    0
     2557        7505 7506 7507    0    0    0
     2558        7508 7509 7510    0    0    0
     2559        7511 7512 7513    0    0    0
     2560        7514 7515 7516    0    0    0
     2561        7517 7518 7519    0    0    0
     2562        7520 7521 7522    0    0    0
     2563        7523 7524 7525    0    0    0
     2564        7526 7527 7528    0    0    0
     2565        7529 7530 7531    0    0    0
     2566        7532 7533 7534    0    0    0
     2567        7535 7536 7537    0    0    0
     2568        7538 7539 7540    0    0    0
     2569        7541 7542 7543    0    0    0
     2570        7544 7545 7546    0    0    0
     2571        7547 7548 7549    0    0    0
     2572        7550 7551 7552    0    0    0
     2573        7553 7554 7555    0    0    0
     2574        7556 7557 7558    0    0    0
     2575        7559 7560 7561    0    0    0
     2576        7562 7563 7564    0    0    0
     2577        7565 7566 7567    0    0    0
     2578        7568 7569 7570    0    0    0
     2579        7571 7572 7573    0    0    0
     2580        7574 7575 7576    0    0    0
     2581        7577 7578 7579    0    0    0
     2582        7580 7581 7582    0    0    0
     2583           0    0    0    0    0    0
     2584           0    0    0    0    0    0
     2585           0    0    0    0    0    0
     2586           0    0    0    0    0    0
     2587           0    0    0    0    0    0
     2588           0    0    0    0    0    0
     2589           0    0    0    0    0    0
     2590           0    0    0    0    0    0
     2591           0    0    0    0    0    0
     2592           0    0    0    0    0    0
     2593           0    0    0    0    0    0
     2594           0    0    0    0    0    0
     2595           0    0    0    0    0    0
     2596           0    0    0    0    0    0
     2597           0    0    0    0    0    0
     2598           0    0    0    0    0    0
     2599           0    0    0    0    0    0
     2600           0    0    0    0    0    0
     2601           0    0    0    0    0    0
     2602           0    0    0    0    0    0
     2603           0    0    0    0    0    0
     2604           0    0    0    0    0    0
     2605           0    0    0    0    0    0
     2606           0    0    0    0    0    0
     2607           0    0    0    0    0    0
     2608           0    0    0    0    0    0
     2609           0    0    0    0    0    0
     2610        7583 7584 7585    0    0    0
     2611        7586 7587 7588    0    0    0
     2612        7589 7590 7591    0    0    0
     2613        7592 7593 7594    0    0    0
     2614        7595 7596 7597    0    0    0
     2615        7598 7599 7600    0    0    0
     2616        7601 7602 7603    0    0    0
     2617        7604 7605 7606    0    0    0
     2618        7607 7608 7609    0    0    0
     2619        7610 7611 7612    0    0    0
     2620        7613 7614 7615    0    0    0
     2621        7616 7617 7618    0    0    0
     2622        7619 7620 7621    0    0    0
     2623        7622 7623 7624    0    0    0
     2624        7625 7626 7627    0    0    0
     2625        7628 7629 7630    0    0    0
     2626        7631 7632 7633    0    0    0
     2627        7634 7635 7636    0    0    0
     2628        7637 7638 7639    0    0    0
     2629        7640 7641 7642    0    0    0
     2630        7643 7644 7645    0    0    0
     2631        7646 7647 7648    0    0    0
     2632        7649 7650 7651    0    0    0
     2633        7652 7653 7654    0    0    0
     2634        7655 7656 7657    0    0    0
     2635        7658 7659 7660    0    0    0
     2636        7661 7662 7663    0    0    0
     2637        7664 7665 7666    0    0    0
     2638        7667 7668 7669    0    0    0
     2639        7670 7671 7672    0    0    0
     2640        7673 7674 7675    0    0    0
     2641        7676 7677 7678    0    0    0
     2642        7679 7680 7681    0    0    0
     2643        7682 7683 7684    0    0    0
     2644        7685 7686 7687    0    0    0
     2645        7688 7689 7690    0    0    0
     2646        7691 7692 7693    0    0    0
     2647        7694 7695 7696    0    0    0
     2648        7697 7698 7699    0    0    0
     2649        7700 7701 7702    0    0    0
     2650        7703 7704 7705    0    0    0
     2651        7706 7707 7708    0    0    0
     2652        7709 7710 7711    0    0    0
     2653        7712 7713 7714    0    0    0
     2654        7715 7716 7717    0    0    0
     2655        7718 7719 7720    0    0    0
     2656        7721 7722 7723    0    0    0
     2657        7724 7725 7726    0    0    0
     2658        7727 7728 7729    0    0    0
     2659        7730 7731 7732    0    0    0
     2660        7733 7734 7735    0    0    0
     2661        7736 7737 7738    0    0    0
     2662        7739 7740 7741    0    0    0
     2663        7742 7743 7744    0    0    0
     2664        7745 7746 7747    0    0    0
     2665        7748 7749 7750    0    0    0
     2666        7751 7752 7753    0    0    0
     2667        7754 7755 7756    0    0    0
     2668        7757 7758 7759    0    0    0
     2669        7760 7761 7762    0    0    0
     2670        7763 7764 7765    0    0    0
     2671        7766 7767 7768    0    0    0
     2672        7769 7770 7771    0    0    0
     2673        7772 7773 7774    0    0    0
     2674        7775 7776 7777    0    0    0
     2675        7778 7779 7780    0    0    0
     2676        7781 7782 7783    0    0    0
     2677        7784 7785 7786    0    0    0
     2678        7787 7788 7789    0    0    0
     2679        7790 7791 7792    0    0    0
     2680        7793 7794 7795    0    0    0
     2681        7796 7797 7798    0    0    0
     2682        7799 7800 7801    0    0    0
     2683        7802 7803 7804    0    0    0
     2684        7805 7806 7807    0    0    0
     2685        7808 7809 7810    0    0    0
     2686        7811 7812 7813    0    0    0
     2687        7814 7815 7816    0    0    0
     2688        7817 7818 7819    0    0    0
     2689        7820 7821 7822    0    0    0
     2690        7823 7824 7825    0    0    0
     2691        7826 7827 7828    0    0    0
     2692        7829 7830 7831    0    0    0
     2693        7832 7833 7834    0    0    0
     2694        7835 7836 7837    0    0    0
     2695        7838 7839 7840    0    0    0
     2696        7841 7842 7843    0    0    0
     2697        7844 7845 7846    0    0    0
     2698        7847 7848 7849    0    0    0
     2699        7850 7851 7852    0    0    0
     2700        7853 7854 7855    0    0    0
     2701        7856 7857 7858    0    0    0
     2702        7859 7860 7861    0    0    0
     2703        7862 7863 7864    0    0    0
     2704        7865 7866 7867    0    0    0
     2705        7868 7869 7870    0    0    0
     2706        7871 7872 7873    0    0    0
     2707        7874 7875 7876    0    0    0
     2708        7877 7878 7879    0    0    0
     2709        7880 7881 7882    0    0    0
     2710        7883 7884 7885    0    0    0
     2711        7886 7887 7888    0    0    0
     2712        7889 7890 7891    0    0    0
     2713        7892 7893 7894    0    0    0
     2714        7895 7896 7897    0    0    0
     2715        7898 7899 7900    0    0    0
     2716        7901 7902 7903    0    0    0
     2717        7904 7905 7906    0    0    0
     2718        7907 7908 7909    0    0    0
     2719        7910 7911 7912    0    0    0
     2720        7913 7914 7915    0    0    0
     2721        7916 7917 7918    0    0    0
     2722        7919 7920 7921    0    0    0
     2723        7922 7923 7924    0    0    0
     2724        7925 7926 7927    0    0    0
     2725        7928 7929 7930    0    0    0
     2726        7931 7932 7933    0    0    0
     2727        7934 7935 7936    0    0    0
     2728        7937 7938 7939    0    0    0
     2729        7940 7941 7942    0    0    0
     2730        7943 7944 7945    0    0    0
     2731        7946 7947 7948    0    0    0
     2732        7949 7950 7951    0    0    0
     2733        7952 7953 7954    0    0    0
     2734        7955 7956 7957    0    0    0
     2735        7958 7959 7960    0    0    0
     2736        7961 7962 7963    0    0    0
     2737        7964 7965 7966    0    0    0
     2738        7967 7968 7969    0    0    0
     2739        7970 7971 7972    0    0    0
     2740        7973 7974 7975    0    0    0
     2741        7976 7977 7978    0    0    0
     2742        7979 7980 7981    0    0    0
     2743        7982 7983 7984    0    0    0
     2744        7985 7986 7987    0    0    0
     2745        7988 7989 7990    0    0    0
     2746        7991 7992 7993    0    0    0
     2747        7994 7995 7996    0    0    0
     2748        7997 7998 7999    0    0    0
     2749        8000 8001 8002    0    0    0
     2750        8003 8004 8005    0    0    0
     2751        8006 8007 8008    0    0    0
     2752        8009 8010 8011    0    0    0
     2753        8012 8013 8014    0    0    0
     2754        8015 8016 8017    0    0    0
     2755        8018 8019 8020    0    0    0
     2756        8021 8022 8023    0    0    0
     2757        8024 8025 8026    0    0    0
     2758        8027 8028 8029    0    0    0
     2759        8030 8031 8032    0    0    0
     2760        8033 8034 8035    0    0    0
     2761        8036 8037 8038    0    0    0
     2762        8039 8040 8041    0    0    0
     2763        8042 8043 8044    0    0    0
     2764        8045 8046 8047    0    0    0
     2765        8048 8049 8050    0    0    0
     2766        8051 8052 8053    0    0    0
     2767        8054 8055 8056    0    0    0
     2768        8057 8058 8059    0    0    0
     2769        8060 8061 8062    0    0    0
     2770        8063 8064 8065    0    0    0
     2771        8066 8067 8068    0    0    0
     2772        8069 8070 8071    0    0    0
     2773        8072 8073 8074    0    0    0
     2774        8075 8076 8077    0    0    0
     2775        8078 8079 8080    0    0    0
     2776        8081 8082 8083    0    0    0
     2777        8084 8085 8086    0    0    0
     2778        8087 8088 8089    0    0    0
     2779        8090 8091 8092    0    0    0
     2780        8093 8094 8095    0    0    0
     2781        8096 8097 8098    0    0    0
     2782        8099 8100 8101    0    0    0
     2783        8102 8103 8104    0    0    0
     2784        8105 8106 8107    0    0    0
     2785        8108 8109 8110    0    0    0
     2786        8111 8112 8113    0    0    0
     2787        8114 8115 8116    0    0    0
     2788        8117 8118 8119    0    0    0
     2789        8120 8121 8122    0    0    0
     2790        8123 8124 8125    0    0    0
     2791        8126 8127 8128    0    0    0
     2792        8129 8130 8131    0    0    0
     2793        8132 8133 8134    0    0    0
     2794        8135 8136 8137    0    0    0
     2795        8138 8139 8140    0    0    0
     2796        8141 8142 8143    0    0    0
     2797        8144 8145 8146    0    0    0
     2798        8147 8148 8149    0    0    0
     2799        8150 8151 8152    0    0    0
     2800        8153 8154 8155    0    0    0
     2801        8156 8157 8158    0    0    0
     2802        8159 8160 8161    0    0    0
     2803        8162 8163 8164    0    0    0
     2804        8165 8166 8167    0    0    0
     2805        8168 8169 8170    0    0    0
     2806        8171 8172 8173    0    0    0
     2807        8174 8175 8176    0    0    0
     2808        8177 8178 8179    0    0    0
     2809        8180 8181 8182    0    0    0
     2810        8183 8184 8185    0    0    0
     2811        8186 8187 8188    0    0    0
     2812        8189 8190 8191    0    0    0
     2813        8192 8193 8194    0    0    0
     2814        8195 8196 8197    0    0    0
     2815        8198 8199 8200    0    0    0
     2816        8201 8202 8203    0    0    0
     2817        8204 8205 8206    0    0    0
     2818        8207 8208 8209    0    0    0
     2819        8210 8211 8212    0    0    0
     2820        8213 8214 8215    0    0    0
     2821        8216 8217 8218    0    0    0
     2822        8219 8220 8221    0    0    0
     2823        8222 8223 8224    0    0    0
     2824        8225 8226 8227    0    0    0
     2825        8228 8229 8230    0    0    0
     2826        8231 8232 8233    0 8234    0
     2827        8235 8236 8237    0 8238    0
     2828        8239 8240 8241    0    0    0
     2829        8242 8243 8244    0    0    0
     2830        8245 8246 8247    0    0    0
     2831        8248 8249 8250    0    0    0
     2832           0    0    0    0    0    0
     2833           0    0    0    0    0    0
     2834           0    0    0    0    0    0
     2835           0    0    0    0    0    0
     2836        8251 8252 8253    0    0    0
     2837        8254 8255 8256    0    0    0
     2838        8257 8258 8259    0    0    0
     2839        8260 8261 8262    0    0    0
     2840        8263 8264 8265    0    0    0
     2841        8266 8267 8268    0    0    0
     2842        8269 8270 8271    0    0    0
     2843        8272 8273 8274    0    0    0
     2844        8275 8276 8277    0    0    0
     2845        8278 8279 8280    0    0    0
     2846        8281 8282 8283    0    0    0
     2847        8284 8285 8286    0    0    0
     2848        8287 8288 8289    0    0    0
     2849        8290 8291 8292    0    0    0
     2850        8293 8294 8295    0    0    0
     2851        8296 8297 8298    0    0    0
     2852        8299 8300 8301    0    0    0
     2853        8302 8303 8304    0    0    0
     2854        8305 8306 8307    0    0    0
     2855        8308 8309 8310    0    0    0
     2856        8311 8312 8313    0    0    0
     2857        8314 8315 8316    0    0    0
     2858        8317 8318 8319    0    0    0
     2859        8320 8321 8322    0    0    0
     2860        8323 8324 8325    0    0    0
     2861        8326 8327 8328    0    0    0
     2862        8329 8330 8331    0    0    0
     2863        8332 8333 8334    0    0    0
     2864        8335 8336 8337    0    0    0
     2865        8338 8339 8340    0    0    0
     2866        8341 8342 8343    0    0    0
     2867        8344 8345 8346    0    0    0
     2868        8347 8348 8349    0    0    0
     2869        8350 8351 8352    0    0    0
     2870        8353 8354 8355    0    0    0
     2871        8356 8357 8358    0    0    0
     2872        8359 8360 8361    0    0    0
     2873        8362 8363 8364    0    0    0
     2874        8365 8366 8367    0    0    0
     2875        8368 8369 8370    0    0    0
     2876        8371 8372 8373    0    0    0
     2877        8374 8375 8376    0    0    0
     2878        8377 8378 8379    0    0    0
     2879        8380 8381 8382    0    0    0
     2880        8383 8384 8385    0    0    0
     2881        8386 8387 8388    0    0    0
     2882        8389 8390 8391    0    0    0
     2883        8392 8393 8394    0    0    0
     2884        8395 8396 8397    0    0    0
     2885        8398 8399 8400    0    0    0
     2886        8401 8402 8403    0    0    0
     2887        8404 8405 8406    0    0    0
     2888        8407 8408 8409    0    0    0
     2889        8410 8411 8412    0    0    0
     2890        8413 8414 8415    0    0    0
     2891        8416 8417 8418    0    0    0
     2892        8419 8420 8421    0    0    0
     2893        8422 8423 8424    0    0    0
     2894        8425 8426 8427    0    0    0
     2895        8428 8429 8430    0    0    0
     2896        8431 8432 8433    0    0    0
     2897        8434 8435 8436    0    0    0
     2898        8437 8438 8439    0    0    0
     2899        8440 8441 8442    0    0    0
     2900        8443 8444 8445    0    0    0
     2901        8446 8447 8448    0    0    0
     2902        8449 8450 8451    0    0    0
     2903        8452 8453 8454    0    0    0
     2904           0    0    0    0    0    0
     2905           0    0    0    0    0    0
     2906           0    0    0    0    0    0
     2907        8455 8456 8457    0    0    0
     2908        8458 8459 8460    0    0    0
     2909        8461 8462 8463    0    0    0
     2910        8464 8465 8466    0    0    0
     2911        8467 8468 8469    0    0    0
     2912        8470 8471 8472    0    0    0
     2913           0    0    0    0    0    0
     2914           0    0    0    0    0    0
     2915           0    0    0    0    0    0
     2916        8473 8474 8475    0    0    0
     2917        8476 8477 8478    0    0    0
     2918        8479 8480 8481    0    0    0
     2919           0    0    0    0    0    0
     2920           0    0    0    0    0    0
     2921           0    0    0    0    0    0
     2922           0    0    0    0    0    0
     2923           0    0    0    0    0    0
     2924           0    0    0    0    0    0
     2925           0    0    0    0    0    0
     2926           0    0    0    0    0    0
     2927           0    0    0    0    0    0
     2928           0    0    0    0    0    0
     2929           0    0    0    0    0    0
     2930           0    0    0    0    0    0
     2931           0    0    0    0    0    0
     2932           0    0    0    0    0    0
     2933           0    0    0    0    0    0
     2934           0    0    0    0    0    0
     2935           0    0    0    0    0    0
     2936           0    0    0    0    0    0
     2937        8482 8483 8484    0    0    0
     2938        8485 8486 8487    0    0    0
     2939        8488 8489 8490    0    0    0
     2940        8491 8492 8493    0    0    0
     2941        8494 8495 8496    0    0    0
     2942        8497 8498 8499    0    0    0
     2943        8500 8501 8502    0    0    0
     2944        8503 8504 8505    0    0    0
     2945        8506 8507 8508    0    0    0
     2946        8509 8510 8511    0    0    0
     2947        8512 8513 8514    0    0    0
     2948        8515 8516 8517    0    0    0
     2949        8518 8519 8520    0    0    0
     2950        8521 8522 8523    0    0    0
     2951        8524 8525 8526    0    0    0
     2952        8527 8528 8529    0    0    0
     2953        8530 8531 8532    0    0    0
     2954        8533 8534 8535    0    0    0
     2955        8536 8537 8538    0    0    0
     2956        8539 8540 8541    0    0    0
     2957        8542 8543 8544    0    0    0
     2958        8545 8546 8547    0    0    0
     2959        8548 8549 8550    0    0    0
     2960        8551 8552 8553    0    0    0
     2961        8554 8555 8556    0    0    0
     2962        8557 8558 8559    0    0    0
     2963        8560 8561 8562    0    0    0
     2964        8563 8564 8565    0    0    0
     2965        8566 8567 8568    0    0    0
     2966        8569 8570 8571    0    0    0
     2967        8572 8573 8574    0    0    0
     2968        8575 8576 8577    0    0    0
     2969        8578 8579 8580    0    0    0
     2970        8581 8582 8583    0    0    0
     2971        8584 8585 8586    0    0    0
     2972        8587 8588 8589    0    0    0
     2973        8590 8591 8592    0    0    0
     2974        8593 8594 8595    0    0    0
     2975        8596 8597 8598    0    0    0
     2976        8599 8600 8601    0    0    0
     2977        8602 8603 8604    0    0    0
     2978        8605 8606 8607    0    0    0
     2979        8608 8609 8610    0    0    0
     2980        8611 8612 8613    0    0    0
     2981        8614 8615 8616    0    0    0
     2982        8617 8618 8619    0    0    0
     2983        8620 8621 8622    0    0    0
     2984        8623 8624 8625    0    0    0
     2985        8626 8627 8628    0    0    0
     2986        8629 8630 8631    0    0    0
     2987        8632 8633 8634    0    0    0
     2988        8635 8636 8637    0    0    0
     2989        8638 8639 8640    0    0    0
     2990        8641 8642 8643    0    0    0
     2991        8644 8645 8646    0    0    0
     2992        8647 8648 8649    0    0    0
     2993        8650 8651 8652    0    0    0
     2994        8653 8654 8655    0    0    0
     2995        8656 8657 8658    0    0    0
     2996        8659 8660 8661    0    0    0
     2997        8662 8663 8664    0    0    0
     2998        8665 8666 8667    0    0    0
     2999        8668 8669 8670    0    0    0
     3000        8671 8672 8673    0    0    0
     3001        8674 8675 8676    0    0    0
     3002        8677 8678 8679    0    0    0
     3003        8680 8681 8682    0    0    0
     3004        8683 8684 8685    0    0    0
     3005        8686 8687 8688    0    0    0
     3006        8689 8690 8691    0    0    0
     3007        8692 8693 8694    0    0    0
     3008        8695 8696 8697    0    0    0
     3009        8698 8699 8700    0    0    0
     3010        8701 8702 8703    0    0    0
     3011        8704 8705 8706    0    0    0
     3012        8707 8708 8709    0    0    0
     3013        8710 8711 8712    0    0    0
     3014        8713 8714 8715    0    0    0
     3015        8716 8717 8718    0    0    0
     3016        8719 8720 8721    0    0    0
     3017        8722 8723 8724    0    0    0
     3018        8725 8726 8727    0    0    0
     3019        8728 8729 8730    0    0    0
     3020        8731 8732 8733    0    0    0
     3021        8734 8735 8736    0    0    0
     3022        8737 8738 8739    0    0    0
     3023        8740 8741 8742    0    0    0
     3024        8743 8744 8745    0    0    0
     3025        8746 8747 8748    0    0    0
     3026        8749 8750 8751    0    0    0
     3027        8752 8753 8754    0    0    0
     3028        8755 8756 8757    0    0    0
     3029        8758 8759 8760    0    0    0
     3030        8761 8762 8763    0    0    0
     3031        8764 8765 8766    0    0    0
     3032        8767 8768 8769    0    0    0
     3033        8770 8771 8772    0    0    0
     3034        8773 8774 8775    0    0    0
     3035        8776 8777 8778    0    0    0
     3036        8779 8780 8781    0    0    0
     3037        8782 8783 8784    0    0    0
     3038        8785 8786 8787    0    0    0
     3039        8788 8789 8790    0    0    0
     3040        8791 8792 8793    0    0    0
     3041        8794 8795 8796    0    0    0
     3042        8797 8798 8799    0    0    0
     3043        8800 8801 8802    0    0    0
     3044        8803 8804 8805    0    0    0
     3045        8806 8807 8808    0    0    0
     3046        8809 8810 8811    0    0    0
     3047        8812 8813 8814    0    0    0
     3048        8815 8816 8817    0    0    0
     3049        8818 8819 8820    0    0    0
     3050        8821 8822 8823    0    0    0
     3051        8824 8825 8826    0    0    0
     3052        8827 8828 8829    0    0    0
     3053        8830 8831 8832    0    0    0
     3054        8833 8834 8835    0    0    0
     3055        8836 8837 8838    0    0    0
     3056        8839 8840 8841    0    0    0
     3057        8842 8843 8844    0    0    0
     3058        8845 8846 8847    0    0    0
     3059        8848 8849 8850    0    0    0
     3060        8851 8852 8853    0    0    0
     3061        8854 8855 8856    0    0    0
     3062        8857 8858 8859    0    0    0
     3063        8860 8861 8862    0    0    0
     3064        8863 8864 8865    0    0    0
     3065        8866 8867 8868    0    0    0
     3066        8869 8870 8871    0    0    0
     3067        8872 8873 8874    0    0    0
     3068        8875 8876 8877    0    0    0
     3069        8878 8879 8880    0    0    0
     3070        8881 8882 8883    0    0    0
     3071        8884 8885 8886    0    0    0
     3072        8887 8888 8889    0    0    0
     3073        8890 8891 8892    0    0    0
     3074        8893 8894 8895    0    0    0
     3075        8896 8897 8898    0    0    0
     3076        8899 8900 8901    0    0    0
     3077        8902 8903 8904    0    0    0
     3078        8905 8906 8907    0    0    0
     3079        8908 8909 8910    0    0    0
     3080        8911 8912 8913    0    0    0
     3081        8914 8915 8916    0    0    0
     3082        8917 8918 8919    0    0    0
     3083        8920 8921 8922    0    0    0
     3084        8923 8924 8925    0    0    0
     3085        8926 8927 8928    0    0    0
     3086        8929 8930 8931    0    0    0
     3087        8932 8933 8934    0    0    0
     3088        8935 8936 8937    0    0    0
     3089        8938 8939 8940    0    0    0
     3090        8941 8942 8943    0    0    0
     3091        8944 8945 8946    0    0    0
     3092        8947 8948 8949    0    0    0
     3093        8950 8951 8952    0    0    0
     3094        8953 8954 8955    0    0    0
     3095        8956 8957 8958    0    0    0
     3096        8959 8960 8961    0    0    0
     3097        8962 8963 8964    0    0    0
     3098        8965 8966 8967    0    0    0
     3099        8968 8969 8970    0    0    0
     3100        8971 8972 8973    0    0    0
     3101        8974 8975 8976    0    0    0
     3102        8977 8978 8979    0    0    0
     3103        8980 8981 8982    0    0    0
     3104        8983 8984 8985    0    0    0
     3105        8986 8987 8988    0    0    0
     3106        8989 8990 8991    0    0    0
     3107        8992 8993 8994    0    0    0
     3108        8995 8996 8997    0    0    0
     3109        8998 8999 9000    0    0    0
     3110        9001 9002 9003    0    0    0
     3111        9004 9005 9006    0    0    0
     3112        9007 9008 9009    0    0    0
     3113        9010 9011 9012    0    0    0
     3114        9013 9014 9015    0    0    0
     3115        9016 9017 9018    0    0    0
     3116        9019 9020 9021    0    0    0
     3117        9022 9023 9024    0    0    0
     3118        9025 9026 9027    0    0    0
     3119        9028 9029 9030    0    0    0
     3120        9031 9032 9033    0    0    0
     3121        9034 9035 9036    0    0    0
     3122        9037 9038 9039    0    0    0
     3123        9040 9041 9042    0    0    0
     3124        9043 9044 9045    0    0    0
     3125        9046 9047 9048    0    0    0
     3126        9049 9050 9051    0    0    0
     3127        9052 9053 9054    0    0    0
     3128        9055 9056 9057    0    0    0
     3129        9058 9059 9060    0    0    0
     3130        9061 9062 9063    0    0    0
     3131        9064 9065 9066    0    0    0
     3132        9067 9068 9069    0    0    0
     3133        9070 9071 9072    0    0    0
     3134        9073 9074 9075    0    0    0
     3135        9076 9077 9078    0    0    0
     3136        9079 9080 9081    0    0    0
     3137        9082 9083 9084    0    0    0
     3138        9085 9086 9087    0    0    0
     3139        9088 9089 9090    0    0    0
     3140        9091 9092 9093    0    0    0
     3141        9094 9095 9096    0    0    0
     3142        9097 9098 9099    0    0    0
     3143        9100 9101 9102    0    0    0
     3144        9103 9104 9105    0    0    0
     3145        9106 9107 9108    0    0    0
     3146        9109 9110 9111    0    0    0
     3147        9112 9113 9114    0    0    0
     3148        9115 9116 9117    0    0    0
     3149        9118 9119 9120    0    0    0
     3150        9121 9122 9123    0    0    0
     3151        9124 9125 9126    0    0    0
     3152        9127 9128 9129    0    0    0
     3153        9130 9131 9132    0    0    0
     3154        9133 9134 9135    0    0    0
     3155        9136 9137 9138    0    0    0
     3156        9139 9140 9141    0    0    0
     3157        9142 9143 9144    0    0    0
     3158        9145 9146 9147    0    0    0
     3159        9148 9149 9150    0    0    0
     3160        9151 9152 9153    0    0    0
     3161        9154 9155 9156    0    0    0
     3162        9157 9158 9159    0    0    0
     3163        9160 9161 9162    0    0    0
     3164        9163 9164 9165    0    0    0
     3165        9166 9167 9168    0    0    0
     3166        9169 9170 9171    0    0    0
     3167        9172 9173 9174    0    0    0
     3168        9175 9176 9177    0    0    0
     3169        9178 9179 9180    0    0    0
     3170        9181 9182 9183    0    0    0
     3171        9184 9185 9186    0    0    0
     3172        9187 9188 9189    0    0    0
     3173        9190 9191 9192    0    0    0
     3174        9193 9194 9195    0    0    0
     3175        9196 9197 9198    0    0    0
     3176        9199 9200 9201    0    0    0
     3177        9202 9203 9204    0    0    0
     3178        9205 9206 9207    0    0    0
     3179        9208 9209 9210    0    0    0
     3180        9211 9212 9213    0    0    0
     3181        9214 9215 9216    0    0    0
     3182        9217 9218 9219    0    0    0
     3183           0    0    0    0    0    0
     3184           0    0    0    0    0    0
     3185           0    0    0    0    0    0
     3186           0    0    0    0    0    0
     3187           0    0    0    0    0    0
     3188           0    0    0    0    0    0
     3189           0    0    0    0    0    0
     3190           0    0    0    0    0    0
     3191           0    0    0    0    0    0
     3192           0    0    0    0    0    0
     3193           0    0    0    0    0    0
     3194           0    0    0    0    0    0
     3195           0    0    0    0    0    0
     3196           0    0    0    0    0    0
     3197           0    0    0    0    0    0
     3198           0    0    0    0    0    0
     3199           0    0    0    0    0    0
     3200           0    0    0    0    0    0
     3201           0    0    0    0    0    0
     3202           0    0    0    0    0    0
     3203           0    0    0    0    0    0
     3204           0    0    0    0    0    0
     3205           0    0    0    0    0    0
     3206           0    0    0    0    0    0
     3207           0    0    0    0    0    0
     3208           0    0    0    0    0    0
     3209           0    0    0    0    0    0
     3210        9220 9221 9222    0    0    0
     3211        9223 9224 9225    0    0    0
     3212        9226 9227 9228    0    0    0
     3213        9229 9230 9231    0    0    0
     3214        9232 9233 9234    0    0    0
     3215        9235 9236 9237    0    0    0
     3216        9238 9239 9240    0    0    0
     3217        9241 9242 9243    0    0    0
     3218        9244 9245 9246    0    0    0
     3219        9247 9248 9249    0    0    0
     3220        9250 9251 9252    0    0    0
     3221        9253 9254 9255    0    0    0
     3222        9256 9257 9258    0    0    0
     3223        9259 9260 9261    0    0    0
     3224        9262 9263 9264    0    0    0
     3225        9265 9266 9267    0    0    0
     3226        9268 9269 9270    0    0    0
     3227        9271 9272 9273    0    0    0
     3228        9274 9275 9276    0    0    0
     3229        9277 9278 9279    0    0    0
     3230        9280 9281 9282    0    0    0
     3231        9283 9284 9285    0    0    0
     3232        9286 9287 9288    0    0    0
     3233        9289 9290 9291    0    0    0
     3234        9292 9293 9294    0    0    0
     3235        9295 9296 9297    0    0    0
     3236        9298 9299 9300    0    0    0
     3237        9301 9302 9303    0    0    0
     3238        9304 9305 9306    0    0    0
     3239        9307 9308 9309    0    0    0
     3240        9310 9311 9312    0    0    0
     3241        9313 9314 9315    0    0    0
     3242        9316 9317 9318    0    0    0
     3243        9319 9320 9321    0    0    0
     3244        9322 9323 9324    0    0    0
     3245        9325 9326 9327    0    0    0
     3246        9328 9329 9330    0    0    0
     3247        9331 9332 9333    0    0    0
     3248        9334 9335 9336    0    0    0
     3249        9337 9338 9339    0    0    0
     3250        9340 9341 9342    0    0    0
     3251        9343 9344 9345    0    0    0
     3252        9346 9347 9348    0    0    0
     3253        9349 9350 9351    0    0    0
     3254        9352 9353 9354    0    0    0
     3255        9355 9356 9357    0    0    0
     3256        9358 9359 9360    0    0    0
     3257        9361 9362 9363    0    0    0
     3258        9364 9365 9366    0    0    0
     3259        9367 9368 9369    0    0    0
     3260        9370 9371 9372    0    0    0
     3261        9373 9374 9375    0    0    0
     3262        9376 9377 9378    0    0    0
     3263        9379 9380 9381    0    0    0
     3264        9382 9383 9384    0    0    0
     3265        9385 9386 9387    0    0    0
     3266        9388 9389 9390    0    0    0
     3267        9391 9392 9393    0    0    0
     3268        9394 9395 9396    0    0    0
     3269        9397 9398 9399    0    0    0
     3270        9400 9401 9402    0    0    0
     3271        9403 9404 9405    0    0    0
     3272        9406 9407 9408    0    0    0
     3273        9409 9410 9411    0    0    0
     3274        9412 9413 9414    0    0    0
     3275        9415 9416 9417    0    0    0
     3276        9418 9419 9420    0    0    0
     3277        9421 9422 9423    0    0    0
     3278        9424 9425 9426    0    0    0
     3279        9427 9428 9429    0    0    0
     3280        9430 9431 9432    0    0    0
     3281        9433 9434 9435    0    0    0
     3282        9436 9437 9438    0    0    0
     3283        9439 9440 9441    0    0    0
     3284        9442 9443 9444    0    0    0
     3285        9445 9446 9447    0    0    0
     3286        9448 9449 9450    0    0    0
     3287        9451 9452 9453    0    0    0
     3288        9454 9455 9456    0    0    0
     3289        9457 9458 9459    0    0    0
     3290        9460 9461 9462    0    0    0
     3291        9463 9464 9465    0    0    0
     3292        9466 9467 9468    0    0    0
     3293        9469 9470 9471    0    0    0
     3294        9472 9473 9474    0    0    0
     3295        9475 9476 9477    0    0    0
     3296        9478 9479 9480    0    0    0
     3297        9481 9482 9483    0    0    0
     3298        9484 9485 9486    0    0    0
     3299        9487 9488 9489    0    0    0
     3300        9490 9491 9492    0    0    0
     3301        9493 9494 9495    0    0    0
     3302        9496 9497 9498    0    0    0
     3303        9499 9500 9501    0    0    0
     3304        9502 9503 9504    0    0    0
     3305        9505 9506 9507    0    0    0
     3306        9508 9509 9510    0    0    0
     3307        9511 9512 9513    0    0    0
     3308        9514 9515 9516    0    0    0
     3309        9517 9518 9519    0    0    0
     3310        9520 9521 9522    0    0    0
     3311        9523 9524 9525    0    0    0
     3312        9526 9527 9528    0    0    0
     3313        9529 9530 9531    0    0    0
     3314        9532 9533 9534    0    0    0
     3315        9535 9536 9537    0    0    0
     3316        9538 9539 9540    0    0    0
     3317        9541 9542 9543    0    0    0
     3318        9544 9545 9546    0    0    0
     3319        9547 9548 9549    0    0    0
     3320        9550 9551 9552    0    0    0
     3321        9553 9554 9555    0    0    0
     3322        9556 9557 9558    0    0    0
     3323        9559 9560 9561    0    0    0
     3324        9562 9563 9564    0    0    0
     3325        9565 9566 9567    0    0    0
     3326        9568 9569 9570    0    0    0
     3327        9571 9572 9573    0    0    0
     3328        9574 9575 9576    0    0    0
     3329        9577 9578 9579    0    0    0
     3330        9580 9581 9582    0    0    0
     3331        9583 9584 9585    0    0    0
     3332        9586 9587 9588    0    0    0
     3333        9589 9590 9591    0    0    0
     3334        9592 9593 9594    0    0    0
     3335        9595 9596 9597    0    0    0
     3336        9598 9599 9600    0    0    0
     3337        9601 9602 9603    0    0    0
     3338        9604 9605 9606    0    0    0
     3339        9607 9608 9609    0    0    0
     3340        9610 9611 9612    0    0    0
     3341        9613 9614 9615    0    0    0
     3342        9616 9617 9618    0    0    0
     3343        9619 9620 9621    0    0    0
     3344        9622 9623 9624    0    0    0
     3345        9625 9626 9627    0    0    0
     3346        9628 9629 9630    0    0    0
     3347        9631 9632 9633    0    0    0
     3348        9634 9635 9636    0    0    0
     3349        9637 9638 9639    0    0    0
     3350        9640 9641 9642    0    0    0
     3351        9643 9644 9645    0    0    0
     3352        9646 9647 9648    0    0    0
     3353        9649 9650 9651    0    0    0
     3354        9652 9653 9654    0    0    0
     3355        9655 9656 9657    0    0    0
     3356        9658 9659 9660    0    0    0
     3357        9661 9662 9663    0    0    0
     3358        9664 9665 9666    0    0    0
     3359        9667 9668 9669    0    0    0
     3360        9670 9671 9672    0    0    0
     3361        9673 9674 9675    0    0    0
     3362        9676 9677 9678    0    0    0
     3363        9679 9680 9681    0    0    0
     3364        9682 9683 9684    0    0    0
     3365        9685 9686 9687    0    0    0
     3366        9688 9689 9690    0    0    0
     3367        9691 9692 9693    0    0    0
     3368        9694 9695 9696    0    0    0
     3369        9697 9698 9699    0    0    0
     3370        9700 9701 9702    0    0    0
     3371        9703 9704 9705    0    0    0
     3372        9706 9707 9708    0    0    0
     3373        9709 9710 9711    0    0    0
     3374        9712 9713 9714    0    0    0
     3375        9715 9716 9717    0    0    0
     3376        9718 9719 9720    0    0    0
     3377        9721 9722 9723    0    0    0
     3378        9724 9725 9726    0    0    0
     3379        9727 9728 9729    0    0    0
     3380        9730 9731 9732    0    0    0
     3381        9733 9734 9735    0    0    0
     3382        9736 9737 9738    0    0    0
     3383        9739 9740 9741    0    0    0
     3384        9742 9743 9744    0    0    0
     3385        9745 9746 9747    0    0    0
     3386        9748 9749 9750    0    0    0
     3387        9751 9752 9753    0    0    0
     3388        9754 9755 9756    0    0    0
     3389        9757 9758 9759    0    0    0
     3390        9760 9761 9762    0    0    0
     3391        9763 9764 9765    0    0    0
     3392        9766 9767 9768    0    0    0
     3393        9769 9770 9771    0    0    0
     3394        9772 9773 9774    0    0    0
     3395        9775 9776 9777    0    0    0
     3396        9778 9779 9780    0    0    0
     3397        9781 9782 9783    0    0    0
     3398        9784 9785 9786    0    0    0
     3399        9787 9788 9789    0    0    0
     3400        9790 9791 9792    0    0    0
     3401        9793 9794 9795    0    0    0
     3402        9796 9797 9798    0    0    0
     3403        9799 9800 9801    0    0    0
     3404        9802 9803 9804    0    0    0
     3405        9805 9806 9807    0    0    0
     3406        9808 9809 9810    0    0    0
     3407        9811 9812 9813    0    0    0
     3408        9814 9815 9816    0    0    0
     3409        9817 9818 9819    0    0    0
     3410        9820 9821 9822    0    0    0
     3411        9823 9824 9825    0    0    0
     3412        9826 9827 9828    0    0    0
     3413        9829 9830 9831    0    0    0
     3414        9832 9833 9834    0    0    0
     3415        9835 9836 9837    0    0    0
     3416        9838 9839 9840    0    0    0
     3417        9841 9842 9843    0    0    0
     3418        9844 9845 9846    0    0    0
     3419        9847 9848 9849    0    0    0
     3420        9850 9851 9852    0    0    0
     3421        9853 9854 9855    0    0    0
     3422        9856 9857 9858    0    0    0
     3423        9859 9860 9861    0    0    0
     3424        9862 9863 9864    0    0    0
     3425        9865 9866 9867    0    0    0
     3426        9868    0 9869    0 9870    0
     3427        9871    0 9872    0 9873    0
     3428        9874    0 9875    0 9876    0
     3429        9877    0 9878    0 9879    0
     3430        9880    0 9881    0 9882    0
     3431        9883    0 9884    0 9885    0
     3432        9886    0 9887    0 9888    0
     3433        9889    0 9890    0 9891    0
     3434        9892    0 9893    0 9894    0
     3435        9895    0 9896    0 9897    0
     3436        9898    0 9899    0 9900    0
     3437        9901    0 9902    0 9903    0
     3438        9904    0 9905    0 9906    0
     3439        9907    0 9908    0 9909    0
     3440        9910    0 9911    0 9912    0
     3441        9913    0 9914    0 9915    0
     3442        9916    0 9917    0 9918    0
     3443        9919    0 9920    0 9921    0
     3444        9922    0 9923    0 9924    0
     3445        9925    0 9926    0 9927    0
     3446        9928    0 9929    0 9930    0
     3447        9931    0 9932    0 9933    0
     3448        9934    0 9935    0 9936    0
     3449        9937    0 9938    0 9939    0
     3450        9940    0 9941    0 9942    0
     3451        9943    0 9944    0 9945    0
     3452        9946    0 9947    0 9948    0
     3453        9949    0 9950    0 9951    0
     3454        9952    0 9953    0 9954    0
     3455        9955    0 9956    0 9957    0
     3456        9958    0 9959    0 9960    0
     3457        9961    0 9962    0 9963    0
     3458        9964    0 9965    0 9966    0
     3459        9967    0 9968    0 9969    0
     3460        9970    0 9971    0 9972    0
     3461        9973    0 9974    0 9975    0
     3462        9976    0 9977    0 9978    0
     3463        9979    0 9980    0 9981    0
     3464        9982    0 9983    0 9984    0
     3465        9985    0 9986    0 9987    0
     3466        9988    0 9989    0 9990    0
     3467        9991    0 9992    0 9993    0
     3468        9994    0 9995    0 9996    0
     3469        9997    0 9998    0 9999    0
     3470       10000    010001    010002    0
     3471       10003    010004    010005    0
     3472       10006    010007    010008    0
     3473       10009    010010    010011    0
     3474       10012    010013    010014    0
     3475       10015    010016    010017    0
     3476       10018    010019    010020    0
     3477       10021    010022    010023    0
     3478       10024    010025    010026    0
     3479       10027    010028    010029    0
     3480       10030    010031    010032    0
     3481       10033    010034    010035    0
     3482       10036    010037    010038    0
     3483       10039    010040    010041    0
     3484       10042    010043    010044    0
     3485       10045    010046    010047    0
     3486       10048    010049    010050    0
     3487       10051    010052    010053    0
     3488       10054    010055    010056    0
     3489       10057    010058    010059    0
     3490       10060    010061    010062    0
     3491       10063    010064    010065    0
     3492       10066    010067    010068    0
     3493       10069    010070    010071    0
     3494       10072    010073    010074    0
     3495       10075    010076    010077    0
     3496       10078    010079    010080    0
     3497       10081    010082    010083    0
     3498       10084    010085    010086    0
     3499       10087    010088    010089    0
     3500       10090    010091    010092    0
     3501       10093    010094    010095    0
     3502       10096    010097    010098    0
     3503       10099    010100    010101    0
     3504       10102    010103    010104    0
     3505       10105    010106    010107    0
     3506       10108    010109    010110    0
     3507       10111    010112    010113    0
     3508       10114    010115    010116    0
     3509       10117    010118    010119    0
     3510       10120    010121    010122    0
     3511       10123    010124    010125    0
     3512       10126    010127    010128    0
     3513       10129    010130    010131    0
     3514       10132    010133    010134    0
     3515       10135    010136    010137    0
     3516       10138    010139    010140    0
     3517       10141    010142    010143    0
     3518       10144    010145    010146    0
     3519       10147    010148    010149    0
     3520       10150    010151    010152    0
     3521       10153    010154    010155    0
     3522       10156    010157    010158    0
     3523       10159    010160    010161    0
     3524       10162    010163    010164    0
     3525       10165    010166    010167    0
     3526       10168    010169    010170    0
     3527       10171    010172    010173    0
     3528       10174    010175    010176    0
     3529       10177    010178    010179    0
     3530       10180    010181    010182    0
     3531       10183    010184    010185    0
     3532       10186    010187    010188    0
     3533       10189    010190    010191    0
     3534       10192    010193    010194    0
     3535       10195    010196    010197    0
     3536       10198    010199    010200    0
     3537       10201    010202    010203    0
     3538       10204    010205    010206    0
     3539       10207    010208    010209    0
     3540       10210    010211    010212    0
     3541       10213    010214    010215    0
     3542       10216    010217    010218    0
     3543       10219    010220    010221    0
     3544       10222    010223    010224    0
     3545       10225    010226    010227    0
     3546       10228    010229    010230    0
     3547       10231    010232    010233    0
     3548       10234    010235    010236    0
     3549       10237    010238    010239    0
     3550       10240    010241    010242    0
     3551       10243    010244    010245    0
     3552       10246    010247    010248    0
     3553       10249    010250    010251    0
     3554       10252    010253    010254    0
     3555       10255    010256    010257    0
     3556       10258    010259    010260    0
     3557       10261    010262    010263    0
     3558       10264    010265    010266    0
     3559       10267    010268    010269    0
     3560       10270    010271    010272    0
     3561       10273    010274    010275    0
     3562       10276    010277    010278    0
     3563       10279    010280    010281    0
     3564       10282    010283    010284    0
     3565       10285    010286    010287    0
     3566       10288    010289    010290    0
     3567       10291    010292    010293    0
     3568       10294    010295    010296    0
     3569       10297    010298    010299    0
     3570       10300    010301    010302    0
     3571       10303    010304    010305    0
     3572       10306    010307    010308    0
     3573       10309    010310    010311    0
     3574       10312    010313    010314    0
     3575       10315    010316    010317    0
     3576       10318    010319    010320    0
     3577       10321    010322    010323    0
     3578       10324    010325    010326    0
     3579       10327    010328    010329    0
     3580       10330    010331    010332    0
     3581       10333    010334    010335    0
     3582       10336    010337    010338    0
     3583       10339    010340    010341    0
     3584       10342    010343    010344    0
     3585       10345    010346    010347    0
     3586       10348    010349    010350    0
     3587       10351    010352    010353    0
     3588       10354    010355    010356    0
     3589       10357    010358    010359    0
     3590       10360    010361    010362    0
     3591       10363    010364    010365    0
     3592       10366    010367    010368    0
     3593       10369    010370    010371    0
     3594       10372    010373    010374    0
     3595       10375    010376    010377    0
     3596       10378    010379    010380    0
     3597       10381    010382    010383    0
     3598       10384    010385    010386    0
     3599       10387    010388    010389    0
     3600       10390    010391    010392    0
     3601       10393    010394    010395    0
     3602       10396    010397    010398    0
     3603       10399    010400    010401    0
     3604       10402    010403    010404    0
     3605       10405    010406    010407    0
     3606       10408    010409    010410    0
     3607       10411    010412    010413    0
     3608       10414    010415    010416    0
     3609       10417    010418    010419    0
     3610       10420    010421    010422    0
     3611       10423    010424    010425    0
     3612       10426    010427    010428    0
     3613       10429    010430    010431    0
     3614       10432    010433    010434    0
     3615       10435    010436    010437    0
     3616       10438    010439    010440    0
     3617       10441    010442    010443    0
     3618       10444    010445    010446    0
     3619       10447    010448    010449    0
     3620       10450    010451    010452    0
     3621       10453    010454    010455    0
     3622       10456    010457    010458    0
     3623       10459    010460    010461    0
     3624       10462    010463    010464    0
     3625       10465    010466    010467    0
     3626       10468    010469    010470    0
     3627       10471    010472    010473    0
     3628       10474    010475    010476    0
     3629       10477    010478    010479    0
     3630       10480    010481    010482    0
     3631       10483    010484    010485    0
     3632       10486    010487    010488    0
     3633       10489    010490    010491    0
     3634       10492    010493    010494    0
     3635       10495    010496    010497    0
     3636       10498    010499    010500    0
     3637       10501    010502    010503    0
     3638       10504    010505    010506    0
     3639       10507    010508    010509    0
     3640       10510    010511    010512    0
     3641       10513    010514    010515    0
     3642       10516    010517    010518    0
     3643       10519    010520    010521    0
     3644       10522    010523    010524    0
     3645       10525    010526    010527    0
     3646       10528    010529    010530    0
     3647       10531    010532    010533    0
     3648       10534    010535    010536    0
     3649       10537    010538    010539    0
     3650       10540    010541    010542    0
     3651       10543    010544    010545    0
     3652       10546    010547    010548    0
     3653       10549    010550    010551    0
     3654       10552    010553    010554    0
     3655       10555    010556    010557    0
     3656       10558    010559    010560    0
     3657       10561    010562    010563    0
     3658       10564    010565    010566    0
     3659       10567    010568    010569    0
     3660       10570    010571    010572    0
     3661       10573    010574    010575    0
     3662       10576    010577    010578    0
     3663       10579    010580    010581    0
     3664       10582    010583    010584    0
     3665       10585    010586    010587    0
     3666       10588    010589    010590    0
     3667       10591    010592    010593    0
     3668       10594    010595    010596    0
     3669       10597    010598    010599    0
     3670       10600    010601    010602    0
     3671       10603    010604    010605    0
     3672       10606    010607    010608    0
     3673       10609    010610    010611    0
     3674       10612    010613    010614    0
     3675       10615    010616    010617    0
     3676       10618    010619    010620    0
     3677       10621    010622    010623    0
     3678       10624    010625    010626    0
     3679       10627    010628    010629    0
     3680       10630    010631    010632    0
     3681       10633    010634    010635    0
     3682       10636    010637    010638    0
     3683       10639    010640    010641    0
     3684       10642    010643    010644    0
     3685       10645    010646    010647    0
     3686       10648    010649    010650    0
     3687       10651    010652    010653    0
     3688       10654    010655    010656    0
     3689       10657    010658    010659    0
     3690       10660    010661    010662    0
     3691       10663    010664    010665    0
     3692       10666    010667    010668    0
     3693       10669    010670    010671    0
     3694       10672    010673    010674    0
     3695       10675    010676    010677    0
     3696       10678    010679    010680    0
     3697       10681    010682    010683    0
     3698       10684    010685    010686    0
     3699       10687    010688    010689    0
     3700       10690    010691    010692    0
     3701       10693    010694    010695    0
     3702       10696    010697    010698    0
     3703       10699    010700    010701    0
     3704       10702    010703    010704    0
     3705       10705    010706    010707    0
     3706       10708    010709    010710    0
     3707       10711    010712    010713    0
     3708       10714    010715    010716    0
     3709       10717    010718    010719    0
     3710       10720    010721    010722    0
     3711       10723    010724    010725    0
     3712       10726    010727    010728    0
     3713       10729    010730    010731    0
     3714       10732    010733    010734    0
     3715       10735    010736    010737    0
     3716       10738    010739    010740    0
     3717       10741    010742    010743    0
     3718       10744    010745    010746    0
     3719       10747    010748    010749    0
     3720       10750    010751    010752    0
     3721       10753    010754    010755    0
     3722       10756    010757    010758    0
     3723       10759    010760    010761    0
     3724       10762    010763    010764    0
     3725       10765    010766    010767    0
     3726       10768    010769    010770    0
     3727       10771    010772    010773    0
     3728       10774    010775    010776    0
     3729       10777    010778    010779    0
     3730       10780    010781    010782    0
     3731       10783    010784    010785    0
     3732       10786    010787    010788    0
     3733       10789    010790    010791    0
     3734       10792    010793    010794    0
     3735       10795    010796    010797    0
     3736       10798    010799    010800    0
     3737       10801    010802    010803    0
     3738       10804    010805    010806    0
     3739       10807    010808    010809    0
     3740       10810    010811    010812    0
     3741       10813    010814    010815    0
     3742       10816    010817    010818    0
     3743       10819    010820    010821    0
     3744       10822    010823    010824    0
     3745       10825    010826    010827    0
     3746       10828    010829    010830    0
     3747       10831    010832    010833    0
     3748       10834    010835    010836    0
     3749       10837    010838    010839    0
     3750       10840    010841    010842    0
     3751       10843    010844    010845    0
     3752       10846    010847    010848    0
     3753       10849    010850    010851    0
     3754       10852    010853    010854    0
     3755       10855    010856    010857    0
     3756       10858    010859    010860    0
     3757       10861    010862    010863    0
     3758       10864    010865    010866    0
     3759       10867    010868    010869    0
     3760       10870    010871    010872    0
     3761       10873    010874    010875    0
     3762       10876    010877    010878    0
     3763       10879    010880    010881    0
     3764       10882    010883    010884    0
     3765       10885    010886    010887    0
     3766       10888    010889    010890    0
     3767       10891    010892    010893    0
     3768       10894    010895    010896    0
     3769       10897    010898    010899    0
     3770       10900    010901    010902    0
     3771       10903    010904    010905    0
     3772       10906    010907    010908    0
     3773       10909    010910    010911    0
     3774       10912    010913    010914    0
     3775       10915    010916    010917    0
     3776       10918    010919    010920    0
     3777       10921    010922    010923    0
     3778       10924    010925    010926    0
     3779       10927    010928    010929    0
     3780       10930    010931    010932    0
     3781       10933    010934    010935    0
     3782       10936    010937    010938    0
     3783       10939    010940    010941    0
     3784       10942    010943    010944    0
     3785       10945    010946    010947    0
     3786       10948    010949    010950    0
     3787       10951    010952    010953    0
     3788       10954    010955    010956    0
     3789       10957    010958    010959    0
     3790       10960    010961    010962    0
     3791       10963    010964    010965    0
     3792       10966    010967    010968    0
     3793       10969    010970    010971    0
     3794       10972    010973    010974    0
     3795       10975    010976    010977    0
     3796       10978    010979    010980    0
     3797       10981    010982    010983    0
     3798       10984    010985    010986    0
     3799       10987    010988    010989    0
     3800       10990    010991    010992    0
     3801       10993    010994    010995    0
     3802       10996    010997    010998    0
     3803       10999    011000    011001    0
     3804       11002    011003    011004    0
     3805       11005    011006    011007    0
     3806       11008    011009    011010    0
     3807       11011    011012    011013    0
     3808       11014    011015    011016    0
     3809       11017    011018    011019    0
     3810       11020    011021    011022    0
     3811       11023    011024    011025    0
     3812       11026    011027    011028    0
     3813       11029    011030    011031    0
     3814       11032    011033    011034    0
     3815       11035    011036    011037    0
     3816       11038    011039    011040    0
     3817       11041    011042    011043    0
     3818       11044    011045    011046    0
     3819       11047    011048    011049    0
     3820       11050    011051    011052    0
     3821       11053    011054    011055    0
     3822       11056    011057    011058    0
     3823       11059    011060    011061    0
     3824       11062    011063    011064    0
     3825       11065    011066    011067    0
     3826       11068    011069    011070    0
     3827       11071    011072    011073    0
     3828       11074    011075    011076    0
     3829       11077    011078    011079    0
     3830       11080    011081    011082    0
     3831       11083    011084    011085    0
     3832       11086    011087    011088    0
     3833       11089    011090    011091    0
     3834       11092    011093    011094    0
     3835       11095    011096    011097    0
     3836       11098    011099    011100    0
     3837       11101    011102    011103    0
     3838       11104    011105    011106    0
     3839       11107    011108    011109    0
     3840       11110    011111    011112    0
     3841       11113    011114    011115    0
     3842       11116    011117    011118    0
     3843       11119    011120    011121    0
     3844       11122    011123    011124    0
     3845       11125    011126    011127    0
     3846       11128    011129    011130    0
     3847       11131    011132    011133    0
     3848       11134    011135    011136    0
     3849       11137    011138    011139    0
     3850       11140    011141    011142    0
     3851       11143    011144    011145    0
     3852       11146    011147    011148    0
     3853       11149    011150    011151    0
     3854       11152    011153    011154    0
     3855       11155    011156    011157    0
     3856       11158    011159    011160    0
     3857       11161    011162    011163    0
     3858       11164    011165    011166    0
     3859       11167    011168    011169    0
     3860       11170    011171    011172    0
     3861       11173    011174    011175    0
     3862       11176    011177    011178    0
     3863       11179    011180    011181    0
     3864       11182    011183    011184    0
     3865       11185    011186    011187    0
     3866       11188    011189    011190    0
     3867       11191    011192    011193    0
     3868       11194    011195    011196    0
     3869       11197    011198    011199    0
     3870       11200    011201    011202    0
     3871       11203    011204    011205    0
     3872       11206    011207    011208    0
     3873       11209    011210    011211    0
     3874       11212    011213    011214    0
     3875       11215    011216    011217    0
     3876       11218    011219    011220    0
     3877       11221    011222    011223    0
     3878       11224    011225    011226    0
     3879       11227    011228    011229    0
     3880       11230    011231    011232    0
     3881       11233    011234    011235    0
     3882       11236    011237    011238    0
     3883       11239    011240    011241    0
     3884       11242    011243    011244    0
     3885       11245    011246    011247    0
     3886       11248    011249    011250    0
     3887       11251    011252    011253    0
     3888       11254    011255    011256    0
     3889       11257    011258    011259    0
     3890       11260    011261    011262    0
     3891       11263    011264    011265    0
     3892       11266    011267    011268    0
     3893       11269    011270    011271    0
     3894       11272    011273    011274    0
     3895       11275    011276    011277    0
     3896       11278    011279    011280    0
     3897       11281    011282    011283    0
     3898       11284    011285    011286    0
     3899       11287    011288    011289    0
     3900       11290    011291    011292    0
     3901       11293    011294    011295    0
     3902       11296    011297    011298    0
     3903       11299    011300    011301    0
     3904       11302    011303    011304    0
     3905       11305    011306    011307    0
     3906       11308    011309    011310    0
     3907       11311    011312    011313    0
     3908       11314    011315    011316    0
     3909       11317    011318    011319    0
     3910       11320    011321    011322    0
     3911       11323    011324    011325    0
     3912       11326    011327    011328    0
     3913       11329    011330    011331    0
     3914       11332    011333    011334    0
     3915       11335    011336    011337    0
     3916       11338    011339    011340    0
     3917       11341    011342    011343    0
     3918       11344    011345    011346    0
     3919       11347    011348    011349    0
     3920       11350    011351    011352    0
     3921       11353    011354    011355    0
     3922       11356    011357    011358    0
     3923       11359    011360    011361    0
     3924       11362    011363    011364    0
     3925       11365    011366    011367    0
     3926       11368    011369    011370    0
     3927       11371    011372    011373    0
     3928       11374    011375    011376    0
     3929       11377    011378    011379    0
     3930       11380    011381    011382    0
     3931       11383    011384    011385    0
     3932       11386    011387    011388    0
     3933       11389    011390    011391    0
     3934       11392    011393    011394    0
     3935       11395    011396    011397    0
     3936       11398    011399    011400    0
     3937       11401    011402    011403    0
     3938       11404    011405    011406    0
     3939       11407    011408    011409    0
     3940       11410    011411    011412    0
     3941       11413    011414    011415    0
     3942       11416    011417    011418    0
     3943       11419    011420    011421    0
     3944       11422    011423    011424    0
     3945       11425    011426    011427    0
     3946       11428    011429    011430    0
     3947       11431    011432    011433    0
     3948       11434    011435    011436    0
     3949       11437    011438    011439    0
     3950       11440    011441    011442    0
     3951       11443    011444    011445    0
     3952       11446    011447    011448    0
     3953       11449    011450    011451    0
     3954       11452    011453    011454    0
     3955       11455    011456    011457    0
     3956       11458    011459    011460    0
     3957       11461    011462    011463    0
     3958       11464    011465    011466    0
     3959       11467    011468    011469    0
     3960       11470    011471    011472    0
     3961       11473    011474    011475    0
     3962       11476    011477    011478    0
     3963       11479    011480    011481    0
     3964       11482    011483    011484    0
     3965       11485    011486    011487    0
     3966       11488    011489    011490    0
     3967       11491    011492    011493    0
     3968       11494    011495    011496    0
     3969       11497    011498    011499    0
     3970       11500    011501    011502    0
     3971       11503    011504    011505    0
     3972       11506    011507    011508    0
     3973       11509    011510    011511    0
     3974       11512    011513    011514    0
     3975       11515    011516    011517    0
     3976       11518    011519    011520    0
     3977       11521    011522    011523    0
     3978       11524    011525    011526    0
     3979       11527    011528    011529    0
     3980       11530    011531    011532    0
     3981       11533    011534    011535    0
     3982       11536    011537    011538    0
     3983       11539    011540    011541    0
     3984       11542    011543    011544    0
     3985       11545    011546    011547    0
     3986       11548    011549    011550    0
     3987       11551    011552    011553    0
     3988       11554    011555    011556    0
     3989       11557    011558    011559    0
     3990       11560    011561    011562    0
     3991       11563    011564    011565    0
     3992       11566    011567    011568    0
     3993       11569    011570    011571    0
     3994       11572    011573    011574    0
     3995       11575    011576    011577    0
     3996       11578    011579    011580    0
     3997       11581    011582    011583    0
     3998       11584    011585    011586    0
     3999       11587    011588    011589    0
     4000       11590    011591    011592    0
     4001       11593    011594    011595    0
     4002       11596    011597    011598    0
     4003       11599    011600    011601    0
     4004       11602    011603    011604    0
     4005       11605    011606    011607    0
     4006       11608    011609    011610    0
     4007       11611    011612    011613    0
     4008       11614    011615    011616    0
     4009       11617    011618    011619    0
     4010       11620    011621    011622    0
     4011       11623    011624    011625    0
     4012       11626    011627    011628    0
     4013       11629    011630    011631    0
     4014       11632    011633    011634    0
     4015       11635    011636    011637    0
     4016       11638    011639    011640    0
     4017       11641    011642    011643    0
     4018       11644    011645    011646    0
     4019       11647    011648    011649    0
     4020       11650    011651    011652    0
     4021       11653    011654    011655    0
     4022       11656    011657    011658    0
     4023       11659    011660    011661    0
     4024       11662    011663    011664    0
     4025       11665    011666    011667    0
     4026       11668    011669    011670    0
     4027       11671    011672    011673    0
     4028       11674    011675    011676    0
     4029       11677    011678    011679    0
     4030       11680    011681    011682    0
     4031       11683    011684    011685    0
     4032       11686    011687    011688    0
     4033       11689    011690    011691    0
     4034       11692    011693    011694    0
     4035       11695    011696    011697    0
     4036       11698    011699    011700    0
     4037       11701    011702    011703    0
     4038       11704    011705    011706    0
     4039       11707    011708    011709    0
     4040       11710    011711    011712    0
     4041       11713    011714    011715    0
     4042       11716    011717    011718    0
     4043       11719    011720    011721    0
     4044       11722    011723    011724    0
     4045       11725    011726    011727    0
     4046       11728    011729    011730    0
     4047       11731    011732    011733    0
     4048       11734    011735    011736    0
     4049       11737    011738    011739    0
     4050       11740    011741    011742    0
     4051       11743    011744    011745    0
     4052       11746    011747    011748    0
     4053       11749    011750    011751    0
     4054       11752    011753    011754    0
     4055       11755    011756    011757    0
     4056       11758    011759    011760    0
     4057       11761    011762    011763    0
     4058       11764    011765    011766    0
     4059       11767    011768    011769    0
     4060       11770    011771    011772    0
     4061       11773    011774    011775    0
     4062       11776    011777    011778    0
     4063       11779    011780    011781    0
     4064       11782    011783    011784    0
     4065       11785    011786    011787    0
     4066       11788    011789    011790    0
     4067       11791    011792    011793    0
     4068       11794    011795    011796    0
     4069       11797    011798    011799    0
     4070       11800    011801    011802    0
     4071       11803    011804    011805    0
     4072       11806    011807    011808    0
     4073       11809    011810    011811    0
     4074       11812    011813    011814    0
     4075       11815    011816    011817    0
     4076       11818    011819    011820    0
     4077       11821    011822    011823    0
     4078       11824    011825    011826    0
     4079       11827    011828    011829    0
     4080       11830    011831    011832    0
     4081       11833    011834    011835    0
     4082       11836    011837    011838    0
     4083       11839    011840    011841    0
     4084       11842    011843    011844    0
     4085       11845    011846    011847    0

 G R A V I T Y

     LOAD CASE NUMBER . . . . . . . =     2
     GRAVITY ACCELERATION . . . . . =    1.000000e+01


 E L E M E N T   G R O U P   D A T A


 E L E M E N T   D E F I N I T I O N

 ELEMENT TYPE  . . . . . . . . . . . . .( NPAR(1) ) . . =    1
     EQ.1, TRUSS ELEMENTS
     EQ.2, ELEMENTS CURRENTLY
     EQ.3, NOT AVAILABLE

 NUMBER OF ELEMENTS. . . . . . . . . . .( NPAR(2) ) . . =   20

 M A T E R I A L   D E F I N I T I O N

 NUMBER OF DIFFERENT SETS OF MATERIAL
 AND CROSS-SECTIONAL  CONSTANTS  . . . .( NPAR(3) ) . . =    1

  SET       YOUNG'S     DENSITY       CROSS-SECTIONAL
 NUMBER     MODULUS                        AREA
               E          rho               A
    1    1.170000e+11    7.860000e+03    2.500000e-01


 E L E M E N T   I N F O R M A T I O N
 ELEMENT     NODE     NODE       MATERIAL
 NUMBER-N      I        J       SET NUMBER
    1         12      513           1
    2         14      513           1
    3         16      513           1
    4         18      513           1
    5         20      513           1
    6         11     1370           1
    7         13     1370           1
    8         15     1370           1
    9         17     1370           1
   10         19     1370           1
   11          8      513           1
   12          6      513           1
   13          4      513           1
   14          1      513           1
   15         21      513           1
   16          7     1370           1
   17          5     1370           1
   18          3     1370           1
   19          2     1370           1
   20         22     1370           1

 E L E M E N T   D E F I N I T I O N

 ELEMENT TYPE  . . . . . . . . . . . . .( NPAR(1) ) . . =    5
     EQ.1, TRUSS ELEMENTS
     EQ.2, ELEMENTS CURRENTLY
     EQ.3, NOT AVAILABLE

 NUMBER OF ELEMENTS. . . . . . . . . . .( NPAR(2) ) . . =  704

 M A T E R I A L   D E F I N I T I O N

 NUMBER OF DIFFERENT SETS OF MATERIAL
 AND SECTION PROPERTIES . . . . . . . .( NPAR(3) ) . . =    1

  SET       YOUNG'S     DENSITY       AREA        INERTIA      BENDING-PLANE NORMAL
 NUMBER     MODULUS                   (AREA)     (Izz / Iyy)      (nx    ny    nz)
               E          rho
    1    7.000000e+10    2.710000e+03    7.600000e-01    4.585330e-01   0.000   1.000   0.000


 E L E M E N T   I N F O R M A T I O N
 ELEMENT     NODE     NODE       MATERIAL
 NUMBER-N      I        J       SET NUMBER
    1       3426     3434           1
    2       3434     3435           1
    3       3435     3436           1
    4       3436     3437           1
    5       3437     3438           1
    6       3438     3439           1
    7       3439     3440           1
    8       3440     3441           1
    9       3441     3442           1
   10       3442     3443           1
   11       3443     3444           1
   12       3444     3445           1
   13       3445     2230           1
   14         18     3446           1
   15       3446     3447           1
   16       3447     3448           1
   17       3448     3449           1
   18       3449     3450           1
   19       3450     3451           1
   20       3451     3452           1
   21       3452     3453           1
   22       3453     3454           1
   23       3454     3455           1
   24       3455     3456           1
   25       3456     3457           1
   26       3457     3458           1
   27       3458     3459           1
   28       3459     2230           1
   29       3427     3460           1
   30       3460     3461           1
   31       3461     3462           1
   32       3462     3463           1
   33       3463     3464           1
   34       3464     3465           1
   35       3465     3466           1
   36       3466     3467           1
   37       3467     3468           1
   38       3468     3469           1
   39       3469     3470           1
   40       3470     3471           1
   41       3471     3472           1
   42       3472     3473           1
   43       3473       18           1
   44       3427     3474           1
   45       3474     3475           1
   46       3475     3476           1
   47       3476     3477           1
   48       3477     3478           1
   49       3478     3479           1
   50       3479     3480           1
   51       3480       16           1
   52         18     3481           1
   53       3481     3482           1
   54       3482     3483           1
   55       3483     3484           1
   56       3484     3485           1
   57       3485     3486           1
   58       3486     3487           1
   59       3487     3426           1
   60         14     3488           1
   61       3488     3489           1
   62       3489     3490           1
   63       3490     3491           1
   64       3491     3492           1
   65       3492     3493           1
   66       3493     3494           1
   67       3494     3495           1
   68       3495     3496           1
   69       3496     3497           1
   70       3497     3498           1
   71       3498     3499           1
   72       3499     3500           1
   73       3500     3501           1
   74       3501     3427           1
   75       3428     3502           1
   76       3502     3503           1
   77       3503     3504           1
   78       3504     3505           1
   79       3505     3506           1
   80       3506     3507           1
   81       3507     3508           1
   82       3508     3509           1
   83       3509     3510           1
   84       3510     3511           1
   85       3511     3512           1
   86       3512     3513           1
   87       3513     3514           1
   88       3514     3515           1
   89       3515       14           1
   90       3428     3516           1
   91       3516     3517           1
   92       3517     3518           1
   93       3518     3519           1
   94       3519     3520           1
   95       3520     3521           1
   96       3521     3522           1
   97       3522       12           1
   98       3427     3523           1
   99       3523     3524           1
  100       3524     3525           1
  101       3525     3526           1
  102       3526     3527           1
  103       3527     3528           1
  104       3528     3529           1
  105       3529     3530           1
  106       3530     3531           1
  107       3531     3532           1
  108       3532     3533           1
  109       3533     3534           1
  110       3534     3426           1
  111       3429     3535           1
  112       3535     3536           1
  113       3536     3537           1
  114       3537     3538           1
  115       3538     3539           1
  116       3539     3540           1
  117       3540     3541           1
  118       3541     3542           1
  119       3542     3543           1
  120       3543     3544           1
  121       3544     3545           1
  122       3545     3546           1
  123       3546     3427           1
  124         14     3547           1
  125       3547     3548           1
  126       3548     3549           1
  127       3549     3550           1
  128       3550     3551           1
  129       3551     3552           1
  130       3552     3553           1
  131       3553     3429           1
  132         10     3554           1
  133       3554     3555           1
  134       3555     3556           1
  135       3556     3557           1
  136       3557     3558           1
  137       3558     3559           1
  138       3559     3560           1
  139       3560     3561           1
  140       3561     3562           1
  141       3562     3563           1
  142       3563     3564           1
  143       3564     3565           1
  144       3565     3566           1
  145       3566     3567           1
  146       3567     3428           1
  147         10     3568           1
  148       3568     3569           1
  149       3569     3570           1
  150       3570     3571           1
  151       3571     3572           1
  152       3572     3573           1
  153       3573     3574           1
  154       3574     3575           1
  155       3575     3576           1
  156       3576     3577           1
  157       3577     3578           1
  158       3578     3579           1
  159       3579     3580           1
  160       3580     3581           1
  161       3581     3430           1
  162        603     3582           1
  163       3582     3583           1
  164       3583     3584           1
  165       3584     3585           1
  166       3585     3586           1
  167       3586     3587           1
  168       3587     3588           1
  169       3588     3589           1
  170       3589     3590           1
  171       3590     3591           1
  172       3591     3592           1
  173       3592     3593           1
  174       3593     3430           1
  175        603     3594           1
  176       3594     3595           1
  177       3595     3596           1
  178       3596      600           1
  179        600     3597           1
  180       3597     3598           1
  181       3598     3599           1
  182       3599       10           1
  183       3428     3600           1
  184       3600     3601           1
  185       3601     3602           1
  186       3602     3603           1
  187       3603     3604           1
  188       3604     3605           1
  189       3605     3606           1
  190       3606     3607           1
  191       3607     3608           1
  192       3608     3609           1
  193       3609     3610           1
  194       3610     3611           1
  195       3611     3429           1
  196        603     3612           1
  197       3612     3613           1
  198       3613     3614           1
  199       3614     3615           1
  200       3615     3616           1
  201       3616     3617           1
  202       3617     3618           1
  203       3618     3619           1
  204       3619     3620           1
  205       3620     3621           1
  206       3621     3622           1
  207       3622     3623           1
  208       3623     3428           1
  209       3430     3624           1
  210       3624     3625           1
  211       3625     3626           1
  212       3626     3627           1
  213       3627     3628           1
  214       3628     3629           1
  215       3629     3630           1
  216       3630     3631           1
  217       3631     3632           1
  218       3632     3633           1
  219       3633     3634           1
  220       3634     3635           1
  221       3635     3431           1
  222       3430     3636           1
  223       3636     3637           1
  224       3637     3638           1
  225       3638     3639           1
  226       3639     3640           1
  227       3640     3641           1
  228       3641     3642           1
  229       3642     3643           1
  230       3643     3644           1
  231       3644     3645           1
  232       3645     3646           1
  233       3646     3647           1
  234       3647     3648           1
  235       3648     3649           1
  236       3649        6           1
  237          6     3650           1
  238       3650     3651           1
  239       3651     3652           1
  240       3652     3653           1
  241       3653     3654           1
  242       3654     3655           1
  243       3655     3656           1
  244       3656     3431           1
  245       3431     3657           1
  246       3657     3658           1
  247       3658     3659           1
  248       3659     3660           1
  249       3660     3661           1
  250       3661     3662           1
  251       3662     3663           1
  252       3663     3664           1
  253       3664     3665           1
  254       3665     3666           1
  255       3666     3667           1
  256       3667     3668           1
  257       3668     3432           1
  258       3430     3669           1
  259       3669     3670           1
  260       3670     3671           1
  261       3671     3672           1
  262       3672     3673           1
  263       3673     3674           1
  264       3674     3675           1
  265       3675        8           1
  266          6     3676           1
  267       3676     3677           1
  268       3677     3678           1
  269       3678     3679           1
  270       3679     3680           1
  271       3680     3681           1
  272       3681     3682           1
  273       3682     3683           1
  274       3683     3684           1
  275       3684     3685           1
  276       3685     3686           1
  277       3686     3687           1
  278       3687     3688           1
  279       3688     3689           1
  280       3689     3432           1
  281       3432     3690           1
  282       3690     3691           1
  283       3691     3692           1
  284       3692     3693           1
  285       3693     3694           1
  286       3694     3695           1
  287       3695     3696           1
  288       3696     3697           1
  289       3697     3698           1
  290       3698     3699           1
  291       3699     3700           1
  292       3700     3701           1
  293       3701     3433           1
  294       3432     3702           1
  295       3702     3703           1
  296       3703     3704           1
  297       3704     3705           1
  298       3705     3706           1
  299       3706     3707           1
  300       3707     3708           1
  301       3708     3709           1
  302       3709     3710           1
  303       3710     3711           1
  304       3711     3712           1
  305       3712     3713           1
  306       3713     3714           1
  307       3714     3715           1
  308       3715        1           1
  309          1     3716           1
  310       3716     3717           1
  311       3717     3718           1
  312       3718     3719           1
  313       3719     3720           1
  314       3720     3721           1
  315       3721     3722           1
  316       3722     3433           1
  317       3433     3723           1
  318       3723     3724           1
  319       3724     3725           1
  320       3725     3726           1
  321       3726     3727           1
  322       3727     3728           1
  323       3728     3729           1
  324       3729     3730           1
  325       3730     3731           1
  326       3731     3732           1
  327       3732     3733           1
  328       3733     3734           1
  329       3734     2827           1
  330       3432     3735           1
  331       3735     3736           1
  332       3736     3737           1
  333       3737     3738           1
  334       3738     3739           1
  335       3739     3740           1
  336       3740     3741           1
  337       3741        4           1
  338          1     3742           1
  339       3742     3743           1
  340       3743     3744           1
  341       3744     3745           1
  342       3745     3746           1
  343       3746     3747           1
  344       3747     3748           1
  345       3748     3749           1
  346       3749     3750           1
  347       3750     3751           1
  348       3751     3752           1
  349       3752     3753           1
  350       3753     3754           1
  351       3754     3755           1
  352       3755     2827           1
  353       3756     3764           1
  354       3764     3765           1
  355       3765     3766           1
  356       3766     3767           1
  357       3767     3768           1
  358       3768     3769           1
  359       3769     3770           1
  360       3770     3771           1
  361       3771     3772           1
  362       3772     3773           1
  363       3773     3774           1
  364       3774     3775           1
  365       3775     2231           1
  366         17     3776           1
  367       3776     3777           1
  368       3777     3778           1
  369       3778     3779           1
  370       3779     3780           1
  371       3780     3781           1
  372       3781     3782           1
  373       3782     3783           1
  374       3783     3784           1
  375       3784     3785           1
  376       3785     3786           1
  377       3786     3787           1
  378       3787     3788           1
  379       3788     3789           1
  380       3789     2231           1
  381       3757     3790           1
  382       3790     3791           1
  383       3791     3792           1
  384       3792     3793           1
  385       3793     3794           1
  386       3794     3795           1
  387       3795     3796           1
  388       3796     3797           1
  389       3797     3798           1
  390       3798     3799           1
  391       3799     3800           1
  392       3800     3801           1
  393       3801     3802           1
  394       3802     3803           1
  395       3803       17           1
  396       3757     3804           1
  397       3804     3805           1
  398       3805     3806           1
  399       3806     3807           1
  400       3807     3808           1
  401       3808     3809           1
  402       3809     3810           1
  403       3810       15           1
  404         17     3811           1
  405       3811     3812           1
  406       3812     3813           1
  407       3813     3814           1
  408       3814     3815           1
  409       3815     3816           1
  410       3816     3817           1
  411       3817     3756           1
  412         13     3818           1
  413       3818     3819           1
  414       3819     3820           1
  415       3820     3821           1
  416       3821     3822           1
  417       3822     3823           1
  418       3823     3824           1
  419       3824     3825           1
  420       3825     3826           1
  421       3826     3827           1
  422       3827     3828           1
  423       3828     3829           1
  424       3829     3830           1
  425       3830     3831           1
  426       3831     3757           1
  427       3758     3832           1
  428       3832     3833           1
  429       3833     3834           1
  430       3834     3835           1
  431       3835     3836           1
  432       3836     3837           1
  433       3837     3838           1
  434       3838     3839           1
  435       3839     3840           1
  436       3840     3841           1
  437       3841     3842           1
  438       3842     3843           1
  439       3843     3844           1
  440       3844     3845           1
  441       3845       13           1
  442       3758     3846           1
  443       3846     3847           1
  444       3847     3848           1
  445       3848     3849           1
  446       3849     3850           1
  447       3850     3851           1
  448       3851     3852           1
  449       3852       11           1
  450       3757     3853           1
  451       3853     3854           1
  452       3854     3855           1
  453       3855     3856           1
  454       3856     3857           1
  455       3857     3858           1
  456       3858     3859           1
  457       3859     3860           1
  458       3860     3861           1
  459       3861     3862           1
  460       3862     3863           1
  461       3863     3864           1
  462       3864     3756           1
  463       3759     3865           1
  464       3865     3866           1
  465       3866     3867           1
  466       3867     3868           1
  467       3868     3869           1
  468       3869     3870           1
  469       3870     3871           1
  470       3871     3872           1
  471       3872     3873           1
  472       3873     3874           1
  473       3874     3875           1
  474       3875     3876           1
  475       3876     3757           1
  476         13     3877           1
  477       3877     3878           1
  478       3878     3879           1
  479       3879     3880           1
  480       3880     3881           1
  481       3881     3882           1
  482       3882     3883           1
  483       3883     3759           1
  484          9     3884           1
  485       3884     3885           1
  486       3885     3886           1
  487       3886     3887           1
  488       3887     3888           1
  489       3888     3889           1
  490       3889     3890           1
  491       3890     3891           1
  492       3891     3892           1
  493       3892     3893           1
  494       3893     3894           1
  495       3894     3895           1
  496       3895     3896           1
  497       3896     3897           1
  498       3897     3758           1
  499          9     3898           1
  500       3898     3899           1
  501       3899     3900           1
  502       3900     3901           1
  503       3901     3902           1
  504       3902     3903           1
  505       3903     3904           1
  506       3904     3905           1
  507       3905     3906           1
  508       3906     3907           1
  509       3907     3908           1
  510       3908     3909           1
  511       3909     3910           1
  512       3910     3911           1
  513       3911     3760           1
  514       1510     3912           1
  515       3912     3913           1
  516       3913     3914           1
  517       3914     3915           1
  518       3915     3916           1
  519       3916     3917           1
  520       3917     3918           1
  521       3918     3919           1
  522       3919     3920           1
  523       3920     3921           1
  524       3921     3922           1
  525       3922     3923           1
  526       3923     3760           1
  527       1510     3924           1
  528       3924     3925           1
  529       3925     3926           1
  530       3926     1513           1
  531       1513     3927           1
  532       3927     3928           1
  533       3928     3929           1
  534       3929        9           1
  535       3758     3930           1
  536       3930     3931           1
  537       3931     3932           1
  538       3932     3933           1
  539       3933     3934           1
  540       3934     3935           1
  541       3935     3936           1
  542       3936     3937           1
  543       3937     3938           1
  544       3938     3939           1
  545       3939     3940           1
  546       3940     3941           1
  547       3941     3759           1
  548       1510     3942           1
  549       3942     3943           1
  550       3943     3944           1
  551       3944     3945           1
  552       3945     3946           1
  553       3946     3947           1
  554       3947     3948           1
  555       3948     3949           1
  556       3949     3950           1
  557       3950     3951           1
  558       3951     3952           1
  559       3952     3953           1
  560       3953     3758           1
  561       3760     3954           1
  562       3954     3955           1
  563       3955     3956           1
  564       3956     3957           1
  565       3957     3958           1
  566       3958     3959           1
  567       3959     3960           1
  568       3960     3961           1
  569       3961     3962           1
  570       3962     3963           1
  571       3963     3964           1
  572       3964     3965           1
  573       3965     3761           1
  574       3760     3966           1
  575       3966     3967           1
  576       3967     3968           1
  577       3968     3969           1
  578       3969     3970           1
  579       3970     3971           1
  580       3971     3972           1
  581       3972     3973           1
  582       3973     3974           1
  583       3974     3975           1
  584       3975     3976           1
  585       3976     3977           1
  586       3977     3978           1
  587       3978     3979           1
  588       3979        5           1
  589          5     3980           1
  590       3980     3981           1
  591       3981     3982           1
  592       3982     3983           1
  593       3983     3984           1
  594       3984     3985           1
  595       3985     3986           1
  596       3986     3761           1
  597       3761     3987           1
  598       3987     3988           1
  599       3988     3989           1
  600       3989     3990           1
  601       3990     3991           1
  602       3991     3992           1
  603       3992     3993           1
  604       3993     3994           1
  605       3994     3995           1
  606       3995     3996           1
  607       3996     3997           1
  608       3997     3998           1
  609       3998     3762           1
  610       3760     3999           1
  611       3999     4000           1
  612       4000     4001           1
  613       4001     4002           1
  614       4002     4003           1
  615       4003     4004           1
  616       4004     4005           1
  617       4005        7           1
  618          5     4006           1
  619       4006     4007           1
  620       4007     4008           1
  621       4008     4009           1
  622       4009     4010           1
  623       4010     4011           1
  624       4011     4012           1
  625       4012     4013           1
  626       4013     4014           1
  627       4014     4015           1
  628       4015     4016           1
  629       4016     4017           1
  630       4017     4018           1
  631       4018     4019           1
  632       4019     3762           1
  633       3762     4020           1
  634       4020     4021           1
  635       4021     4022           1
  636       4022     4023           1
  637       4023     4024           1
  638       4024     4025           1
  639       4025     4026           1
  640       4026     4027           1
  641       4027     4028           1
  642       4028     4029           1
  643       4029     4030           1
  644       4030     4031           1
  645       4031     3763           1
  646       3762     4032           1
  647       4032     4033           1
  648       4033     4034           1
  649       4034     4035           1
  650       4035     4036           1
  651       4036     4037           1
  652       4037     4038           1
  653       4038     4039           1
  654       4039     4040           1
  655       4040     4041           1
  656       4041     4042           1
  657       4042     4043           1
  658       4043     4044           1
  659       4044     4045           1
  660       4045        2           1
  661          2     4046           1
  662       4046     4047           1
  663       4047     4048           1
  664       4048     4049           1
  665       4049     4050           1
  666       4050     4051           1
  667       4051     4052           1
  668       4052     3763           1
  669       3763     4053           1
  670       4053     4054           1
  671       4054     4055           1
  672       4055     4056           1
  673       4056     4057           1
  674       4057     4058           1
  675       4058     4059           1
  676       4059     4060           1
  677       4060     4061           1
  678       4061     4062           1
  679       4062     4063           1
  680       4063     4064           1
  681       4064     2826           1
  682       3762     4065           1
  683       4065     4066           1
  684       4066     4067           1
  685       4067     4068           1
  686       4068     4069           1
  687       4069     4070           1
  688       4070     4071           1
  689       4071        3           1
  690          2     4072           1
  691       4072     4073           1
  692       4073     4074           1
  693       4074     4075           1
  694       4075     4076           1
  695       4076     4077           1
  696       4077     4078           1
  697       4078     4079           1
  698       4079     4080           1
  699       4080     4081           1
  700       4081     4082           1
  701       4082     4083           1
  702       4083     4084           1
  703       4084     4085           1
  704       4085     2826           1

 E L E M E N T   D E F I N I T I O N

 ELEMENT TYPE  . . . . . . . . . . . . .( NPAR(1) ) . . =    6
     EQ.1, TRUSS ELEMENTS
     EQ.2, ELEMENTS CURRENTLY
     EQ.3, NOT AVAILABLE

 NUMBER OF ELEMENTS. . . . . . . . . . .( NPAR(2) ) . . =  400

 M A T E R I A L   D E F I N I T I O N

 NUMBER OF DIFFERENT SETS OF MATERIAL
 AND THICKNESS CONSTANTS . . . . . . . .( NPAR(3) ) . . =    1

  SET       YOUNG'S       DENSITY       POISSON         THICKNESS
 NUMBER     MODULUS                      RATIO          (THICK)
               E            rho           NU               T
    1    2.500000e+10    2.320000e+03    3.000000e-01    1.000000e+00


 E L E M E N T   I N F O R M A T I O N
 ELEMENT     NODE     NODE     NODE     NODE       MATERIAL
 NUMBER-N      I        J        K        L       SET NUMBER
    1         23      236       46        1           1
    2         24      237      236       23           1
    3         25      238      237       24           1
    4          2       26      238       25           1
    5        236      239       45       46           1
    6        237      240      239      236           1
    7        238      241      240      237           1
    8         26       27      241      238           1
    9        239      242       44       45           1
   10        240      243      242      239           1
   11        241      244      243      240           1
   12         27       28      244      241           1
   13        242      245       43       44           1
   14        243      246      245      242           1
   15        244      247      246      243           1
   16         28       29      247      244           1
   17        245      248       42       43           1
   18        246      249      248      245           1
   19        247      250      249      246           1
   20         29       30      250      247           1
   21        248      251       41       42           1
   22        249      252      251      248           1
   23        250      253      252      249           1
   24         30       31      253      250           1
   25        251      254       40       41           1
   26        252      255      254      251           1
   27        253      256      255      252           1
   28         31       32      256      253           1
   29        254      257       39       40           1
   30        255      258      257      254           1
   31        256      259      258      255           1
   32         32       33      259      256           1
   33        257      260       38       39           1
   34        258      261      260      257           1
   35        259      262      261      258           1
   36         33       34      262      259           1
   37        260       37        4       38           1
   38        261       36       37      260           1
   39        262       35       36      261           1
   40         34        3       35      262           1
   41         37      263       67        4           1
   42         36      264      263       37           1
   43         35      265      264       36           1
   44          3       47      265       35           1
   45        263      266       66       67           1
   46        264      267      266      263           1
   47        265      268      267      264           1
   48         47       48      268      265           1
   49        266      269       65       66           1
   50        267      270      269      266           1
   51        268      271      270      267           1
   52         48       49      271      268           1
   53        269      272       64       65           1
   54        270      273      272      269           1
   55        271      274      273      270           1
   56         49       50      274      271           1
   57        272      275       63       64           1
   58        273      276      275      272           1
   59        274      277      276      273           1
   60         50       51      277      274           1
   61        275      278       62       63           1
   62        276      279      278      275           1
   63        277      280      279      276           1
   64         51       52      280      277           1
   65        278      281       61       62           1
   66        279      282      281      278           1
   67        280      283      282      279           1
   68         52       53      283      280           1
   69        281      284       60       61           1
   70        282      285      284      281           1
   71        283      286      285      282           1
   72         53       54      286      283           1
   73        284      287       59       60           1
   74        285      288      287      284           1
   75        286      289      288      285           1
   76         54       55      289      286           1
   77        287       58        6       59           1
   78        288       57       58      287           1
   79        289       56       57      288           1
   80         55        5       56      289           1
   81         58      290       88        6           1
   82         57      291      290       58           1
   83         56      292      291       57           1
   84          5       68      292       56           1
   85        290      293       87       88           1
   86        291      294      293      290           1
   87        292      295      294      291           1
   88         68       69      295      292           1
   89        293      296       86       87           1
   90        294      297      296      293           1
   91        295      298      297      294           1
   92         69       70      298      295           1
   93        296      299       85       86           1
   94        297      300      299      296           1
   95        298      301      300      297           1
   96         70       71      301      298           1
   97        299      302       84       85           1
   98        300      303      302      299           1
   99        301      304      303      300           1
  100         71       72      304      301           1
  101        302      305       83       84           1
  102        303      306      305      302           1
  103        304      307      306      303           1
  104         72       73      307      304           1
  105        305      308       82       83           1
  106        306      309      308      305           1
  107        307      310      309      306           1
  108         73       74      310      307           1
  109        308      311       81       82           1
  110        309      312      311      308           1
  111        310      313      312      309           1
  112         74       75      313      310           1
  113        311      314       80       81           1
  114        312      315      314      311           1
  115        313      316      315      312           1
  116         75       76      316      313           1
  117        314       79        8       80           1
  118        315       78       79      314           1
  119        316       77       78      315           1
  120         76        7       77      316           1
  121         79      317      109        8           1
  122         78      318      317       79           1
  123         77      319      318       78           1
  124          7       89      319       77           1
  125        317      320      108      109           1
  126        318      321      320      317           1
  127        319      322      321      318           1
  128         89       90      322      319           1
  129        320      323      107      108           1
  130        321      324      323      320           1
  131        322      325      324      321           1
  132         90       91      325      322           1
  133        323      326      106      107           1
  134        324      327      326      323           1
  135        325      328      327      324           1
  136         91       92      328      325           1
  137        326      329      105      106           1
  138        327      330      329      326           1
  139        328      331      330      327           1
  140         92       93      331      328           1
  141        329      332      104      105           1
  142        330      333      332      329           1
  143        331      334      333      330           1
  144         93       94      334      331           1
  145        332      335      103      104           1
  146        333      336      335      332           1
  147        334      337      336      333           1
  148         94       95      337      334           1
  149        335      338      102      103           1
  150        336      339      338      335           1
  151        337      340      339      336           1
  152         95       96      340      337           1
  153        338      341      101      102           1
  154        339      342      341      338           1
  155        340      343      342      339           1
  156         96       97      343      340           1
  157        341      100       10      101           1
  158        342       99      100      341           1
  159        343       98       99      342           1
  160         97        9       98      343           1
  161        100      344      130       10           1
  162         99      345      344      100           1
  163         98      346      345       99           1
  164          9      110      346       98           1
  165        344      347      129      130           1
  166        345      348      347      344           1
  167        346      349      348      345           1
  168        110      111      349      346           1
  169        347      350      128      129           1
  170        348      351      350      347           1
  171        349      352      351      348           1
  172        111      112      352      349           1
  173        350      353      127      128           1
  174        351      354      353      350           1
  175        352      355      354      351           1
  176        112      113      355      352           1
  177        353      356      126      127           1
  178        354      357      356      353           1
  179        355      358      357      354           1
  180        113      114      358      355           1
  181        356      359      125      126           1
  182        357      360      359      356           1
  183        358      361      360      357           1
  184        114      115      361      358           1
  185        359      362      124      125           1
  186        360      363      362      359           1
  187        361      364      363      360           1
  188        115      116      364      361           1
  189        362      365      123      124           1
  190        363      366      365      362           1
  191        364      367      366      363           1
  192        116      117      367      364           1
  193        365      368      122      123           1
  194        366      369      368      365           1
  195        367      370      369      366           1
  196        117      118      370      367           1
  197        368      121       12      122           1
  198        369      120      121      368           1
  199        370      119      120      369           1
  200        118       11      119      370           1
  201        121      371      151       12           1
  202        120      372      371      121           1
  203        119      373      372      120           1
  204         11      131      373      119           1
  205        371      374      150      151           1
  206        372      375      374      371           1
  207        373      376      375      372           1
  208        131      132      376      373           1
  209        374      377      149      150           1
  210        375      378      377      374           1
  211        376      379      378      375           1
  212        132      133      379      376           1
  213        377      380      148      149           1
  214        378      381      380      377           1
  215        379      382      381      378           1
  216        133      134      382      379           1
  217        380      383      147      148           1
  218        381      384      383      380           1
  219        382      385      384      381           1
  220        134      135      385      382           1
  221        383      386      146      147           1
  222        384      387      386      383           1
  223        385      388      387      384           1
  224        135      136      388      385           1
  225        386      389      145      146           1
  226        387      390      389      386           1
  227        388      391      390      387           1
  228        136      137      391      388           1
  229        389      392      144      145           1
  230        390      393      392      389           1
  231        391      394      393      390           1
  232        137      138      394      391           1
  233        392      395      143      144           1
  234        393      396      395      392           1
  235        394      397      396      393           1
  236        138      139      397      394           1
  237        395      142       14      143           1
  238        396      141      142      395           1
  239        397      140      141      396           1
  240        139       13      140      397           1
  241        142      398      172       14           1
  242        141      399      398      142           1
  243        140      400      399      141           1
  244         13      152      400      140           1
  245        398      401      171      172           1
  246        399      402      401      398           1
  247        400      403      402      399           1
  248        152      153      403      400           1
  249        401      404      170      171           1
  250        402      405      404      401           1
  251        403      406      405      402           1
  252        153      154      406      403           1
  253        404      407      169      170           1
  254        405      408      407      404           1
  255        406      409      408      405           1
  256        154      155      409      406           1
  257        407      410      168      169           1
  258        408      411      410      407           1
  259        409      412      411      408           1
  260        155      156      412      409           1
  261        410      413      167      168           1
  262        411      414      413      410           1
  263        412      415      414      411           1
  264        156      157      415      412           1
  265        413      416      166      167           1
  266        414      417      416      413           1
  267        415      418      417      414           1
  268        157      158      418      415           1
  269        416      419      165      166           1
  270        417      420      419      416           1
  271        418      421      420      417           1
  272        158      159      421      418           1
  273        419      422      164      165           1
  274        420      423      422      419           1
  275        421      424      423      420           1
  276        159      160      424      421           1
  277        422      163       16      164           1
  278        423      162      163      422           1
  279        424      161      162      423           1
  280        160       15      161      424           1
  281        163      425      193       16           1
  282        162      426      425      163           1
  283        161      427      426      162           1
  284         15      173      427      161           1
  285        425      428      192      193           1
  286        426      429      428      425           1
  287        427      430      429      426           1
  288        173      174      430      427           1
  289        428      431      191      192           1
  290        429      432      431      428           1
  291        430      433      432      429           1
  292        174      175      433      430           1
  293        431      434      190      191           1
  294        432      435      434      431           1
  295        433      436      435      432           1
  296        175      176      436      433           1
  297        434      437      189      190           1
  298        435      438      437      434           1
  299        436      439      438      435           1
  300        176      177      439      436           1
  301        437      440      188      189           1
  302        438      441      440      437           1
  303        439      442      441      438           1
  304        177      178      442      439           1
  305        440      443      187      188           1
  306        441      444      443      440           1
  307        442      445      444      441           1
  308        178      179      445      442           1
  309        443      446      186      187           1
  310        444      447      446      443           1
  311        445      448      447      444           1
  312        179      180      448      445           1
  313        446      449      185      186           1
  314        447      450      449      446           1
  315        448      451      450      447           1
  316        180      181      451      448           1
  317        449      184       18      185           1
  318        450      183      184      449           1
  319        451      182      183      450           1
  320        181       17      182      451           1
  321        184      452      214       18           1
  322        183      453      452      184           1
  323        182      454      453      183           1
  324         17      194      454      182           1
  325        452      455      213      214           1
  326        453      456      455      452           1
  327        454      457      456      453           1
  328        194      195      457      454           1
  329        455      458      212      213           1
  330        456      459      458      455           1
  331        457      460      459      456           1
  332        195      196      460      457           1
  333        458      461      211      212           1
  334        459      462      461      458           1
  335        460      463      462      459           1
  336        196      197      463      460           1
  337        461      464      210      211           1
  338        462      465      464      461           1
  339        463      466      465      462           1
  340        197      198      466      463           1
  341        464      467      209      210           1
  342        465      468      467      464           1
  343        466      469      468      465           1
  344        198      199      469      466           1
  345        467      470      208      209           1
  346        468      471      470      467           1
  347        469      472      471      468           1
  348        199      200      472      469           1
  349        470      473      207      208           1
  350        471      474      473      470           1
  351        472      475      474      471           1
  352        200      201      475      472           1
  353        473      476      206      207           1
  354        474      477      476      473           1
  355        475      478      477      474           1
  356        201      202      478      475           1
  357        476      205       20      206           1
  358        477      204      205      476           1
  359        478      203      204      477           1
  360        202       19      203      478           1
  361         25      479      235        2           1
  362         24      480      479       25           1
  363         23      481      480       24           1
  364          1      215      481       23           1
  365        479      482      234      235           1
  366        480      483      482      479           1
  367        481      484      483      480           1
  368        215      216      484      481           1
  369        482      485      233      234           1
  370        483      486      485      482           1
  371        484      487      486      483           1
  372        216      217      487      484           1
  373        485      488      232      233           1
  374        486      489      488      485           1
  375        487      490      489      486           1
  376        217      218      490      487           1
  377        488      491      231      232           1
  378        489      492      491      488           1
  379        490      493      492      489           1
  380        218      219      493      490           1
  381        491      494      230      231           1
  382        492      495      494      491           1
  383        493      496      495      492           1
  384        219      220      496      493           1
  385        494      497      229      230           1
  386        495      498      497      494           1
  387        496      499      498      495           1
  388        220      221      499      496           1
  389        497      500      228      229           1
  390        498      501      500      497           1
  391        499      502      501      498           1
  392        221      222      502      499           1
  393        500      503      227      228           1
  394        501      504      503      500           1
  395        502      505      504      501           1
  396        222      223      505      502           1
  397        503      226       22      227           1
  398        504      225      226      503           1
  399        505      224      225      504           1
  400        223       21      224      505           1

 E L E M E N T   D E F I N I T I O N

 ELEMENT TYPE  . . . . . . . . . . . . .( NPAR(1) ) . . =    4
     EQ.1, TRUSS ELEMENTS
     EQ.2, ELEMENTS CURRENTLY
     EQ.3, NOT AVAILABLE

 NUMBER OF ELEMENTS. . . . . . . . . . .( NPAR(2) ) . . = 1760

 M A T E R I A L   D E F I N I T I O N

 NUMBER OF DIFFERENT SETS OF MATERIAL
 AND MATERIAL CONSTANTS . . . . . . . . .( NPAR(3) ) . . =    2

  SET       YOUNG'S     POISSON'S      DENSITY
 NUMBER     MODULUS       RATIO          (rho)
               E            NU             rho
    1    2.500000e+103.000000e-012.320000e+03
    2    6.000000e+102.700000e-012.770000e+03


 E L E M E N T   I N F O R M A T I O N
 ELEMENT       NODE       NODE       NODE       NODE       NODE       NODE       NODE       NODE       MATERIAL
 NUMBER-N        1         2         3         4         5         6         7         8       SET NUMBER
    1       606       933      1210       777       506       518       773       523           1
    2       933       646       855      1210       518       507       519       773           1
    3       777      1210      1211       778       523       773       774       522           1
    4      1210       855       856      1211       773       519       520       774           1
    5       778      1211       972       530       522       774       521       509           1
    6      1211       856       645       972       774       520       508       521           1
    7       605       934      1212       779       606       933      1210       777           1
    8       934       647       857      1212       933       646       855      1210           1
    9       779      1212      1213       780       777      1210      1211       778           1
   10      1212       857       858      1213      1210       855       856      1211           1
   11       780      1213       973       531       778      1211       972       530           1
   12      1213       858       644       973      1211       856       645       972           1
   13       604       935      1214       781       605       934      1212       779           1
   14       935       648       859      1214       934       647       857      1212           1
   15       781      1214      1215       782       779      1212      1213       780           1
   16      1214       859       860      1215      1212       857       858      1213           1
   17       782      1215       974       532       780      1213       973       531           1
   18      1215       860       643       974      1213       858       644       973           1
   19       603       936      1216       783       604       935      1214       781           1
   20       936       649       861      1216       935       648       859      1214           1
   21       783      1216      1217       784       781      1214      1215       782           1
   22      1216       861       862      1217      1214       859       860      1215           1
   23       784      1217       975       533       782      1215       974       532           1
   24      1217       862       642       975      1215       860       643       974           1
   25       602       937      1218       785       603       936      1216       783           1
   26       937       650       863      1218       936       649       861      1216           1
   27       785      1218      1219       786       783      1216      1217       784           1
   28      1218       863       864      1219      1216       861       862      1217           1
   29       786      1219       976       534       784      1217       975       533           1
   30      1219       864       641       976      1217       862       642       975           1
   31       601       938      1220       787       602       937      1218       785           1
   32       938       651       865      1220       937       650       863      1218           1
   33       787      1220      1221       788       785      1218      1219       786           1
   34      1220       865       866      1221      1218       863       864      1219           1
   35       788      1221       977       535       786      1219       976       534           1
   36      1221       866       640       977      1219       864       641       976           1
   37       600       939      1222       789       601       938      1220       787           1
   38       939       652       867      1222       938       651       865      1220           1
   39       789      1222      1223       790       787      1220      1221       788           1
   40      1222       867       868      1223      1220       865       866      1221           1
   41       790      1223       978       536       788      1221       977       535           1
   42      1223       868       639       978      1221       866       640       977           1
   43       599       940      1224       791       600       939      1222       789           1
   44       940       653       869      1224       939       652       867      1222           1
   45       791      1224      1225       792       789      1222      1223       790           1
   46      1224       869       870      1225      1222       867       868      1223           1
   47       792      1225       979       537       790      1223       978       536           1
   48      1225       870       638       979      1223       868       639       978           1
   49       598       941      1226       793       599       940      1224       791           1
   50       941       654       871      1226       940       653       869      1224           1
   51       793      1226      1227       794       791      1224      1225       792           1
   52      1226       871       872      1227      1224       869       870      1225           1
   53       794      1227       980       538       792      1225       979       537           1
   54      1227       872       637       980      1225       870       638       979           1
   55        10       942      1228       795       598       941      1226       793           1
   56       942       655       873      1228       941       654       871      1226           1
   57       795      1228      1229       796       793      1226      1227       794           1
   58      1228       873       874      1229      1226       871       872      1227           1
   59       796      1229       981       539       794      1227       980       538           1
   60      1229       874       636       981      1227       872       637       980           1
   61       597       943      1230       797        10       942      1228       795           1
   62       943       656       875      1230       942       655       873      1228           1
   63       797      1230      1231       798       795      1228      1229       796           1
   64      1230       875       876      1231      1228       873       874      1229           1
   65       798      1231       982       540       796      1229       981       539           1
   66      1231       876       635       982      1229       874       636       981           1
   67       596       944      1232       799       597       943      1230       797           1
   68       944       657       877      1232       943       656       875      1230           1
   69       799      1232      1233       800       797      1230      1231       798           1
   70      1232       877       878      1233      1230       875       876      1231           1
   71       800      1233       983       541       798      1231       982       540           1
   72      1233       878       634       983      1231       876       635       982           1
   73       595       945      1234       801       596       944      1232       799           1
   74       945       658       879      1234       944       657       877      1232           1
   75       801      1234      1235       802       799      1232      1233       800           1
   76      1234       879       880      1235      1232       877       878      1233           1
   77       802      1235       984       542       800      1233       983       541           1
   78      1235       880       633       984      1233       878       634       983           1
   79       594       946      1236       803       595       945      1234       801           1
   80       946       659       881      1236       945       658       879      1234           1
   81       803      1236      1237       804       801      1234      1235       802           1
   82      1236       881       882      1237      1234       879       880      1235           1
   83       804      1237       985       543       802      1235       984       542           1
   84      1237       882       632       985      1235       880       633       984           1
   85       593       947      1238       805       594       946      1236       803           1
   86       947       660       883      1238       946       659       881      1236           1
   87       805      1238      1239       806       803      1236      1237       804           1
   88      1238       883       884      1239      1236       881       882      1237           1
   89       806      1239       986       544       804      1237       985       543           1
   90      1239       884       631       986      1237       882       632       985           1
   91       592       948      1240       807       593       947      1238       805           1
   92       948       661       885      1240       947       660       883      1238           1
   93       807      1240      1241       808       805      1238      1239       806           1
   94      1240       885       886      1241      1238       883       884      1239           1
   95       808      1241       987       545       806      1239       986       544           1
   96      1241       886       630       987      1239       884       631       986           1
   97       591       949      1242       809       592       948      1240       807           1
   98       949       662       887      1242       948       661       885      1240           1
   99       809      1242      1243       810       807      1240      1241       808           1
  100      1242       887       888      1243      1240       885       886      1241           1
  101       810      1243       988       546       808      1241       987       545           1
  102      1243       888       629       988      1241       886       630       987           1
  103       590       950      1244       811       591       949      1242       809           1
  104       950       663       889      1244       949       662       887      1242           1
  105       811      1244      1245       812       809      1242      1243       810           1
  106      1244       889       890      1245      1242       887       888      1243           1
  107       812      1245       989       547       810      1243       988       546           1
  108      1245       890       628       989      1243       888       629       988           1
  109       589       951      1246       813       590       950      1244       811           1
  110       951       664       891      1246       950       663       889      1244           1
  111       813      1246      1247       814       811      1244      1245       812           1
  112      1246       891       892      1247      1244       889       890      1245           1
  113       814      1247       990       548       812      1245       989       547           1
  114      1247       892       627       990      1245       890       628       989           1
  115       588       952      1248       815       589       951      1246       813           1
  116       952       665       893      1248       951       664       891      1246           1
  117       815      1248      1249       816       813      1246      1247       814           1
  118      1248       893       894      1249      1246       891       892      1247           1
  119       816      1249       991       549       814      1247       990       548           1
  120      1249       894       626       991      1247       892       627       990           1
  121       587       953      1250       817       588       952      1248       815           1
  122       953       666       895      1250       952       665       893      1248           1
  123       817      1250      1251       818       815      1248      1249       816           1
  124      1250       895       896      1251      1248       893       894      1249           1
  125       818      1251       992       550       816      1249       991       549           1
  126      1251       896       625       992      1249       894       626       991           1
  127       586       954      1252       819       587       953      1250       817           1
  128       954       667       897      1252       953       666       895      1250           1
  129       819      1252      1253       820       817      1250      1251       818           1
  130      1252       897       898      1253      1250       895       896      1251           1
  131       820      1253       993       551       818      1251       992       550           1
  132      1253       898       624       993      1251       896       625       992           1
  133       585       955      1254       821       586       954      1252       819           1
  134       955       668       899      1254       954       667       897      1252           1
  135       821      1254      1255       822       819      1252      1253       820           1
  136      1254       899       900      1255      1252       897       898      1253           1
  137       822      1255       994       552       820      1253       993       551           1
  138      1255       900       623       994      1253       898       624       993           1
  139       584       956      1256       823       585       955      1254       821           1
  140       956       669       901      1256       955       668       899      1254           1
  141       823      1256      1257       824       821      1254      1255       822           1
  142      1256       901       902      1257      1254       899       900      1255           1
  143       824      1257       995       553       822      1255       994       552           1
  144      1257       902       622       995      1255       900       623       994           1
  145       583       957      1258       825       584       956      1256       823           1
  146       957       670       903      1258       956       669       901      1256           1
  147       825      1258      1259       826       823      1256      1257       824           1
  148      1258       903       904      1259      1256       901       902      1257           1
  149       826      1259       996       554       824      1257       995       553           1
  150      1259       904       621       996      1257       902       622       995           1
  151       582       958      1260       827       583       957      1258       825           1
  152       958       671       905      1260       957       670       903      1258           1
  153       827      1260      1261       828       825      1258      1259       826           1
  154      1260       905       906      1261      1258       903       904      1259           1
  155       828      1261       997       555       826      1259       996       554           1
  156      1261       906       620       997      1259       904       621       996           1
  157       581       959      1262       829       582       958      1260       827           1
  158       959       672       907      1262       958       671       905      1260           1
  159       829      1262      1263       830       827      1260      1261       828           1
  160      1262       907       908      1263      1260       905       906      1261           1
  161       830      1263       998       556       828      1261       997       555           1
  162      1263       908       619       998      1261       906       620       997           1
  163       580       960      1264       831       581       959      1262       829           1
  164       960       673       909      1264       959       672       907      1262           1
  165       831      1264      1265       832       829      1262      1263       830           1
  166      1264       909       910      1265      1262       907       908      1263           1
  167       832      1265       999       557       830      1263       998       556           1
  168      1265       910       618       999      1263       908       619       998           1
  169       579       961      1266       833       580       960      1264       831           1
  170       961       674       911      1266       960       673       909      1264           1
  171       833      1266      1267       834       831      1264      1265       832           1
  172      1266       911       912      1267      1264       909       910      1265           1
  173       834      1267      1000       558       832      1265       999       557           1
  174      1267       912       617      1000      1265       910       618       999           1
  175       578       962      1268       835       579       961      1266       833           1
  176       962       675       913      1268       961       674       911      1266           1
  177       835      1268      1269       836       833      1266      1267       834           1
  178      1268       913       914      1269      1266       911       912      1267           1
  179       836      1269      1001       559       834      1267      1000       558           1
  180      1269       914       616      1001      1267       912       617      1000           1
  181       577       963      1270       837       578       962      1268       835           1
  182       963       676       915      1270       962       675       913      1268           1
  183       837      1270      1271       838       835      1268      1269       836           1
  184      1270       915       916      1271      1268       913       914      1269           1
  185       838      1271      1002       560       836      1269      1001       559           1
  186      1271       916       615      1002      1269       914       616      1001           1
  187       576       964      1272       839       577       963      1270       837           1
  188       964       677       917      1272       963       676       915      1270           1
  189       839      1272      1273       840       837      1270      1271       838           1
  190      1272       917       918      1273      1270       915       916      1271           1
  191       840      1273      1003       561       838      1271      1002       560           1
  192      1273       918       614      1003      1271       916       615      1002           1
  193       575       965      1274       841       576       964      1272       839           1
  194       965       678       919      1274       964       677       917      1272           1
  195       841      1274      1275       842       839      1272      1273       840           1
  196      1274       919       920      1275      1272       917       918      1273           1
  197       842      1275      1004       562       840      1273      1003       561           1
  198      1275       920       613      1004      1273       918       614      1003           1
  199       574       966      1276       843       575       965      1274       841           1
  200       966       679       921      1276       965       678       919      1274           1
  201       843      1276      1277       844       841      1274      1275       842           1
  202      1276       921       922      1277      1274       919       920      1275           1
  203       844      1277      1005       563       842      1275      1004       562           1
  204      1277       922       612      1005      1275       920       613      1004           1
  205       573       967      1278       845       574       966      1276       843           1
  206       967       680       923      1278       966       679       921      1276           1
  207       845      1278      1279       846       843      1276      1277       844           1
  208      1278       923       924      1279      1276       921       922      1277           1
  209       846      1279      1006       564       844      1277      1005       563           1
  210      1279       924       611      1006      1277       922       612      1005           1
  211       572       968      1280       847       573       967      1278       845           1
  212       968       681       925      1280       967       680       923      1278           1
  213       847      1280      1281       848       845      1278      1279       846           1
  214      1280       925       926      1281      1278       923       924      1279           1
  215       848      1281      1007       565       846      1279      1006       564           1
  216      1281       926       610      1007      1279       924       611      1006           1
  217       571       969      1282       849       572       968      1280       847           1
  218       969       682       927      1282       968       681       925      1280           1
  219       849      1282      1283       850       847      1280      1281       848           1
  220      1282       927       928      1283      1280       925       926      1281           1
  221       850      1283      1008       566       848      1281      1007       565           1
  222      1283       928       609      1008      1281       926       610      1007           1
  223       570       970      1284       851       571       969      1282       849           1
  224       970       683       929      1284       969       682       927      1282           1
  225       851      1284      1285       852       849      1282      1283       850           1
  226      1284       929       930      1285      1282       927       928      1283           1
  227       852      1285      1009       567       850      1283      1008       566           1
  228      1285       930       608      1009      1283       928       609      1008           1
  229       569       971      1286       853       570       970      1284       851           1
  230       971       684       931      1286       970       683       929      1284           1
  231       853      1286      1287       854       851      1284      1285       852           1
  232      1286       931       932      1287      1284       929       930      1285           1
  233       854      1287      1010       568       852      1285      1009       567           1
  234      1287       932       607      1010      1285       930       608      1009           1
  235       513       524       775       528       569       971      1286       853           1
  236       524       510       526       775       971       684       931      1286           1
  237       528       775       776       529       853      1286      1287       854           1
  238       775       526       525       776      1286       931       932      1287           1
  239       529       776       527       512       854      1287      1010       568           1
  240       776       525       511       527      1287       932       607      1010           1
  241       646       933      1288      1015       507       518      1011       689           1
  242       933       606      1093      1288       518       506       685      1011           1
  243      1015      1288      1289      1016       689      1011      1012       688           1
  244      1288      1093      1094      1289      1011       685       686      1012           1
  245      1016      1289      1171       695       688      1012       687       515           1
  246      1289      1094       772      1171      1012       686       514       687           1
  247       647       934      1290      1017       646       933      1288      1015           1
  248       934       605      1095      1290       933       606      1093      1288           1
  249      1017      1290      1291      1018      1015      1288      1289      1016           1
  250      1290      1095      1096      1291      1288      1093      1094      1289           1
  251      1018      1291      1172       696      1016      1289      1171       695           1
  252      1291      1096       771      1172      1289      1094       772      1171           1
  253       648       935      1292      1019       647       934      1290      1017           1
  254       935       604      1097      1292       934       605      1095      1290           1
  255      1019      1292      1293      1020      1017      1290      1291      1018           1
  256      1292      1097      1098      1293      1290      1095      1096      1291           1
  257      1020      1293      1173       697      1018      1291      1172       696           1
  258      1293      1098       770      1173      1291      1096       771      1172           1
  259       649       936      1294      1021       648       935      1292      1019           1
  260       936       603      1099      1294       935       604      1097      1292           1
  261      1021      1294      1295      1022      1019      1292      1293      1020           1
  262      1294      1099      1100      1295      1292      1097      1098      1293           1
  263      1022      1295      1174       698      1020      1293      1173       697           1
  264      1295      1100       769      1174      1293      1098       770      1173           1
  265       650       937      1296      1023       649       936      1294      1021           1
  266       937       602      1101      1296       936       603      1099      1294           1
  267      1023      1296      1297      1024      1021      1294      1295      1022           1
  268      1296      1101      1102      1297      1294      1099      1100      1295           1
  269      1024      1297      1175       699      1022      1295      1174       698           1
  270      1297      1102       768      1175      1295      1100       769      1174           1
  271       651       938      1298      1025       650       937      1296      1023           1
  272       938       601      1103      1298       937       602      1101      1296           1
  273      1025      1298      1299      1026      1023      1296      1297      1024           1
  274      1298      1103      1104      1299      1296      1101      1102      1297           1
  275      1026      1299      1176       700      1024      1297      1175       699           1
  276      1299      1104       767      1176      1297      1102       768      1175           1
  277       652       939      1300      1027       651       938      1298      1025           1
  278       939       600      1105      1300       938       601      1103      1298           1
  279      1027      1300      1301      1028      1025      1298      1299      1026           1
  280      1300      1105      1106      1301      1298      1103      1104      1299           1
  281      1028      1301      1177       701      1026      1299      1176       700           1
  282      1301      1106       766      1177      1299      1104       767      1176           1
  283       653       940      1302      1029       652       939      1300      1027           1
  284       940       599      1107      1302       939       600      1105      1300           1
  285      1029      1302      1303      1030      1027      1300      1301      1028           1
  286      1302      1107      1108      1303      1300      1105      1106      1301           1
  287      1030      1303      1178       702      1028      1301      1177       701           1
  288      1303      1108       765      1178      1301      1106       766      1177           1
  289       654       941      1304      1031       653       940      1302      1029           1
  290       941       598      1109      1304       940       599      1107      1302           1
  291      1031      1304      1305      1032      1029      1302      1303      1030           1
  292      1304      1109      1110      1305      1302      1107      1108      1303           1
  293      1032      1305      1179       703      1030      1303      1178       702           1
  294      1305      1110       764      1179      1303      1108       765      1178           1
  295       655       942      1306      1033       654       941      1304      1031           1
  296       942        10      1111      1306       941       598      1109      1304           1
  297      1033      1306      1307      1034      1031      1304      1305      1032           1
  298      1306      1111      1112      1307      1304      1109      1110      1305           1
  299      1034      1307      1180       704      1032      1305      1179       703           1
  300      1307      1112       763      1180      1305      1110       764      1179           1
  301       656       943      1308      1035       655       942      1306      1033           1
  302       943       597      1113      1308       942        10      1111      1306           1
  303      1035      1308      1309      1036      1033      1306      1307      1034           1
  304      1308      1113      1114      1309      1306      1111      1112      1307           1
  305      1036      1309      1181       705      1034      1307      1180       704           1
  306      1309      1114       762      1181      1307      1112       763      1180           1
  307       657       944      1310      1037       656       943      1308      1035           1
  308       944       596      1115      1310       943       597      1113      1308           1
  309      1037      1310      1311      1038      1035      1308      1309      1036           1
  310      1310      1115      1116      1311      1308      1113      1114      1309           1
  311      1038      1311      1182       706      1036      1309      1181       705           1
  312      1311      1116       761      1182      1309      1114       762      1181           1
  313       658       945      1312      1039       657       944      1310      1037           1
  314       945       595      1117      1312       944       596      1115      1310           1
  315      1039      1312      1313      1040      1037      1310      1311      1038           1
  316      1312      1117      1118      1313      1310      1115      1116      1311           1
  317      1040      1313      1183       707      1038      1311      1182       706           1
  318      1313      1118       760      1183      1311      1116       761      1182           1
  319       659       946      1314      1041       658       945      1312      1039           1
  320       946       594      1119      1314       945       595      1117      1312           1
  321      1041      1314      1315      1042      1039      1312      1313      1040           1
  322      1314      1119      1120      1315      1312      1117      1118      1313           1
  323      1042      1315      1184       708      1040      1313      1183       707           1
  324      1315      1120       759      1184      1313      1118       760      1183           1
  325       660       947      1316      1043       659       946      1314      1041           1
  326       947       593      1121      1316       946       594      1119      1314           1
  327      1043      1316      1317      1044      1041      1314      1315      1042           1
  328      1316      1121      1122      1317      1314      1119      1120      1315           1
  329      1044      1317      1185       709      1042      1315      1184       708           1
  330      1317      1122       758      1185      1315      1120       759      1184           1
  331       661       948      1318      1045       660       947      1316      1043           1
  332       948       592      1123      1318       947       593      1121      1316           1
  333      1045      1318      1319      1046      1043      1316      1317      1044           1
  334      1318      1123      1124      1319      1316      1121      1122      1317           1
  335      1046      1319      1186       710      1044      1317      1185       709           1
  336      1319      1124       757      1186      1317      1122       758      1185           1
  337       662       949      1320      1047       661       948      1318      1045           1
  338       949       591      1125      1320       948       592      1123      1318           1
  339      1047      1320      1321      1048      1045      1318      1319      1046           1
  340      1320      1125      1126      1321      1318      1123      1124      1319           1
  341      1048      1321      1187       711      1046      1319      1186       710           1
  342      1321      1126       756      1187      1319      1124       757      1186           1
  343       663       950      1322      1049       662       949      1320      1047           1
  344       950       590      1127      1322       949       591      1125      1320           1
  345      1049      1322      1323      1050      1047      1320      1321      1048           1
  346      1322      1127      1128      1323      1320      1125      1126      1321           1
  347      1050      1323      1188       712      1048      1321      1187       711           1
  348      1323      1128       755      1188      1321      1126       756      1187           1
  349       664       951      1324      1051       663       950      1322      1049           1
  350       951       589      1129      1324       950       590      1127      1322           1
  351      1051      1324      1325      1052      1049      1322      1323      1050           1
  352      1324      1129      1130      1325      1322      1127      1128      1323           1
  353      1052      1325      1189       713      1050      1323      1188       712           1
  354      1325      1130       754      1189      1323      1128       755      1188           1
  355       665       952      1326      1053       664       951      1324      1051           1
  356       952       588      1131      1326       951       589      1129      1324           1
  357      1053      1326      1327      1054      1051      1324      1325      1052           1
  358      1326      1131      1132      1327      1324      1129      1130      1325           1
  359      1054      1327      1190       714      1052      1325      1189       713           1
  360      1327      1132       753      1190      1325      1130       754      1189           1
  361       666       953      1328      1055       665       952      1326      1053           1
  362       953       587      1133      1328       952       588      1131      1326           1
  363      1055      1328      1329      1056      1053      1326      1327      1054           1
  364      1328      1133      1134      1329      1326      1131      1132      1327           1
  365      1056      1329      1191       715      1054      1327      1190       714           1
  366      1329      1134       752      1191      1327      1132       753      1190           1
  367       667       954      1330      1057       666       953      1328      1055           1
  368       954       586      1135      1330       953       587      1133      1328           1
  369      1057      1330      1331      1058      1055      1328      1329      1056           1
  370      1330      1135      1136      1331      1328      1133      1134      1329           1
  371      1058      1331      1192       716      1056      1329      1191       715           1
  372      1331      1136       751      1192      1329      1134       752      1191           1
  373       668       955      1332      1059       667       954      1330      1057           1
  374       955       585      1137      1332       954       586      1135      1330           1
  375      1059      1332      1333      1060      1057      1330      1331      1058           1
  376      1332      1137      1138      1333      1330      1135      1136      1331           1
  377      1060      1333      1193       717      1058      1331      1192       716           1
  378      1333      1138       750      1193      1331      1136       751      1192           1
  379       669       956      1334      1061       668       955      1332      1059           1
  380       956       584      1139      1334       955       585      1137      1332           1
  381      1061      1334      1335      1062      1059      1332      1333      1060           1
  382      1334      1139      1140      1335      1332      1137      1138      1333           1
  383      1062      1335      1194       718      1060      1333      1193       717           1
  384      1335      1140       749      1194      1333      1138       750      1193           1
  385       670       957      1336      1063       669       956      1334      1061           1
  386       957       583      1141      1336       956       584      1139      1334           1
  387      1063      1336      1337      1064      1061      1334      1335      1062           1
  388      1336      1141      1142      1337      1334      1139      1140      1335           1
  389      1064      1337      1195       719      1062      1335      1194       718           1
  390      1337      1142       748      1195      1335      1140       749      1194           1
  391       671       958      1338      1065       670       957      1336      1063           1
  392       958       582      1143      1338       957       583      1141      1336           1
  393      1065      1338      1339      1066      1063      1336      1337      1064           1
  394      1338      1143      1144      1339      1336      1141      1142      1337           1
  395      1066      1339      1196       720      1064      1337      1195       719           1
  396      1339      1144       747      1196      1337      1142       748      1195           1
  397       672       959      1340      1067       671       958      1338      1065           1
  398       959       581      1145      1340       958       582      1143      1338           1
  399      1067      1340      1341      1068      1065      1338      1339      1066           1
  400      1340      1145      1146      1341      1338      1143      1144      1339           1
  401      1068      1341      1197       721      1066      1339      1196       720           1
  402      1341      1146       746      1197      1339      1144       747      1196           1
  403       673       960      1342      1069       672       959      1340      1067           1
  404       960       580      1147      1342       959       581      1145      1340           1
  405      1069      1342      1343      1070      1067      1340      1341      1068           1
  406      1342      1147      1148      1343      1340      1145      1146      1341           1
  407      1070      1343      1198       722      1068      1341      1197       721           1
  408      1343      1148       745      1198      1341      1146       746      1197           1
  409       674       961      1344      1071       673       960      1342      1069           1
  410       961       579      1149      1344       960       580      1147      1342           1
  411      1071      1344      1345      1072      1069      1342      1343      1070           1
  412      1344      1149      1150      1345      1342      1147      1148      1343           1
  413      1072      1345      1199       723      1070      1343      1198       722           1
  414      1345      1150       744      1199      1343      1148       745      1198           1
  415       675       962      1346      1073       674       961      1344      1071           1
  416       962       578      1151      1346       961       579      1149      1344           1
  417      1073      1346      1347      1074      1071      1344      1345      1072           1
  418      1346      1151      1152      1347      1344      1149      1150      1345           1
  419      1074      1347      1200       724      1072      1345      1199       723           1
  420      1347      1152       743      1200      1345      1150       744      1199           1
  421       676       963      1348      1075       675       962      1346      1073           1
  422       963       577      1153      1348       962       578      1151      1346           1
  423      1075      1348      1349      1076      1073      1346      1347      1074           1
  424      1348      1153      1154      1349      1346      1151      1152      1347           1
  425      1076      1349      1201       725      1074      1347      1200       724           1
  426      1349      1154       742      1201      1347      1152       743      1200           1
  427       677       964      1350      1077       676       963      1348      1075           1
  428       964       576      1155      1350       963       577      1153      1348           1
  429      1077      1350      1351      1078      1075      1348      1349      1076           1
  430      1350      1155      1156      1351      1348      1153      1154      1349           1
  431      1078      1351      1202       726      1076      1349      1201       725           1
  432      1351      1156       741      1202      1349      1154       742      1201           1
  433       678       965      1352      1079       677       964      1350      1077           1
  434       965       575      1157      1352       964       576      1155      1350           1
  435      1079      1352      1353      1080      1077      1350      1351      1078           1
  436      1352      1157      1158      1353      1350      1155      1156      1351           1
  437      1080      1353      1203       727      1078      1351      1202       726           1
  438      1353      1158       740      1203      1351      1156       741      1202           1
  439       679       966      1354      1081       678       965      1352      1079           1
  440       966       574      1159      1354       965       575      1157      1352           1
  441      1081      1354      1355      1082      1079      1352      1353      1080           1
  442      1354      1159      1160      1355      1352      1157      1158      1353           1
  443      1082      1355      1204       728      1080      1353      1203       727           1
  444      1355      1160       739      1204      1353      1158       740      1203           1
  445       680       967      1356      1083       679       966      1354      1081           1
  446       967       573      1161      1356       966       574      1159      1354           1
  447      1083      1356      1357      1084      1081      1354      1355      1082           1
  448      1356      1161      1162      1357      1354      1159      1160      1355           1
  449      1084      1357      1205       729      1082      1355      1204       728           1
  450      1357      1162       738      1205      1355      1160       739      1204           1
  451       681       968      1358      1085       680       967      1356      1083           1
  452       968       572      1163      1358       967       573      1161      1356           1
  453      1085      1358      1359      1086      1083      1356      1357      1084           1
  454      1358      1163      1164      1359      1356      1161      1162      1357           1
  455      1086      1359      1206       730      1084      1357      1205       729           1
  456      1359      1164       737      1206      1357      1162       738      1205           1
  457       682       969      1360      1087       681       968      1358      1085           1
  458       969       571      1165      1360       968       572      1163      1358           1
  459      1087      1360      1361      1088      1085      1358      1359      1086           1
  460      1360      1165      1166      1361      1358      1163      1164      1359           1
  461      1088      1361      1207       731      1086      1359      1206       730           1
  462      1361      1166       736      1207      1359      1164       737      1206           1
  463       683       970      1362      1089       682       969      1360      1087           1
  464       970       570      1167      1362       969       571      1165      1360           1
  465      1089      1362      1363      1090      1087      1360      1361      1088           1
  466      1362      1167      1168      1363      1360      1165      1166      1361           1
  467      1090      1363      1208       732      1088      1361      1207       731           1
  468      1363      1168       735      1208      1361      1166       736      1207           1
  469       684       971      1364      1091       683       970      1362      1089           1
  470       971       569      1169      1364       970       570      1167      1362           1
  471      1091      1364      1365      1092      1089      1362      1363      1090           1
  472      1364      1169      1170      1365      1362      1167      1168      1363           1
  473      1092      1365      1209       733      1090      1363      1208       732           1
  474      1365      1170       734      1209      1363      1168       735      1208           1
  475       510       524      1013       693       684       971      1364      1091           1
  476       524       513       691      1013       971       569      1169      1364           1
  477       693      1013      1014       694      1091      1364      1365      1092           1
  478      1013       691       690      1014      1364      1169      1170      1365           1
  479       694      1014       692       517      1092      1365      1209       733           1
  480      1014       690       516       692      1365      1170       734      1209           1
  481      1467      1793      2070      1637      1366      1378      1633      1383           1
  482      1793      1507      1715      2070      1378      1367      1379      1633           1
  483      1637      2070      2071      1638      1383      1633      1634      1382           1
  484      2070      1715      1716      2071      1633      1379      1380      1634           1
  485      1638      2071      1832      1390      1382      1634      1381      1369           1
  486      2071      1716      1506      1832      1634      1380      1368      1381           1
  487      1466      1794      2072      1639      1467      1793      2070      1637           1
  488      1794      1508      1717      2072      1793      1507      1715      2070           1
  489      1639      2072      2073      1640      1637      2070      2071      1638           1
  490      2072      1717      1718      2073      2070      1715      1716      2071           1
  491      1640      2073      1833      1391      1638      2071      1832      1390           1
  492      2073      1718      1505      1833      2071      1716      1506      1832           1
  493      1465      1795      2074      1641      1466      1794      2072      1639           1
  494      1795      1509      1719      2074      1794      1508      1717      2072           1
  495      1641      2074      2075      1642      1639      2072      2073      1640           1
  496      2074      1719      1720      2075      2072      1717      1718      2073           1
  497      1642      2075      1834      1392      1640      2073      1833      1391           1
  498      2075      1720      1504      1834      2073      1718      1505      1833           1
  499      1464      1796      2076      1643      1465      1795      2074      1641           1
  500      1796      1510      1721      2076      1795      1509      1719      2074           1
  501      1643      2076      2077      1644      1641      2074      2075      1642           1
  502      2076      1721      1722      2077      2074      1719      1720      2075           1
  503      1644      2077      1835      1393      1642      2075      1834      1392           1
  504      2077      1722      1503      1835      2075      1720      1504      1834           1
  505      1463      1797      2078      1645      1464      1796      2076      1643           1
  506      1797      1511      1723      2078      1796      1510      1721      2076           1
  507      1645      2078      2079      1646      1643      2076      2077      1644           1
  508      2078      1723      1724      2079      2076      1721      1722      2077           1
  509      1646      2079      1836      1394      1644      2077      1835      1393           1
  510      2079      1724      1502      1836      2077      1722      1503      1835           1
  511      1462      1798      2080      1647      1463      1797      2078      1645           1
  512      1798      1512      1725      2080      1797      1511      1723      2078           1
  513      1647      2080      2081      1648      1645      2078      2079      1646           1
  514      2080      1725      1726      2081      2078      1723      1724      2079           1
  515      1648      2081      1837      1395      1646      2079      1836      1394           1
  516      2081      1726      1501      1837      2079      1724      1502      1836           1
  517      1461      1799      2082      1649      1462      1798      2080      1647           1
  518      1799      1513      1727      2082      1798      1512      1725      2080           1
  519      1649      2082      2083      1650      1647      2080      2081      1648           1
  520      2082      1727      1728      2083      2080      1725      1726      2081           1
  521      1650      2083      1838      1396      1648      2081      1837      1395           1
  522      2083      1728      1500      1838      2081      1726      1501      1837           1
  523      1460      1800      2084      1651      1461      1799      2082      1649           1
  524      1800      1514      1729      2084      1799      1513      1727      2082           1
  525      1651      2084      2085      1652      1649      2082      2083      1650           1
  526      2084      1729      1730      2085      2082      1727      1728      2083           1
  527      1652      2085      1839      1397      1650      2083      1838      1396           1
  528      2085      1730      1499      1839      2083      1728      1500      1838           1
  529      1459      1801      2086      1653      1460      1800      2084      1651           1
  530      1801      1515      1731      2086      1800      1514      1729      2084           1
  531      1653      2086      2087      1654      1651      2084      2085      1652           1
  532      2086      1731      1732      2087      2084      1729      1730      2085           1
  533      1654      2087      1840      1398      1652      2085      1839      1397           1
  534      2087      1732      1498      1840      2085      1730      1499      1839           1
  535      1458      1802      2088      1655      1459      1801      2086      1653           1
  536      1802         9      1733      2088      1801      1515      1731      2086           1
  537      1655      2088      2089      1656      1653      2086      2087      1654           1
  538      2088      1733      1734      2089      2086      1731      1732      2087           1
  539      1656      2089      1841      1399      1654      2087      1840      1398           1
  540      2089      1734      1497      1841      2087      1732      1498      1840           1
  541      1457      1803      2090      1657      1458      1802      2088      1655           1
  542      1803      1516      1735      2090      1802         9      1733      2088           1
  543      1657      2090      2091      1658      1655      2088      2089      1656           1
  544      2090      1735      1736      2091      2088      1733      1734      2089           1
  545      1658      2091      1842      1400      1656      2089      1841      1399           1
  546      2091      1736      1496      1842      2089      1734      1497      1841           1
  547      1456      1804      2092      1659      1457      1803      2090      1657           1
  548      1804      1517      1737      2092      1803      1516      1735      2090           1
  549      1659      2092      2093      1660      1657      2090      2091      1658           1
  550      2092      1737      1738      2093      2090      1735      1736      2091           1
  551      1660      2093      1843      1401      1658      2091      1842      1400           1
  552      2093      1738      1495      1843      2091      1736      1496      1842           1
  553      1455      1805      2094      1661      1456      1804      2092      1659           1
  554      1805      1518      1739      2094      1804      1517      1737      2092           1
  555      1661      2094      2095      1662      1659      2092      2093      1660           1
  556      2094      1739      1740      2095      2092      1737      1738      2093           1
  557      1662      2095      1844      1402      1660      2093      1843      1401           1
  558      2095      1740      1494      1844      2093      1738      1495      1843           1
  559      1454      1806      2096      1663      1455      1805      2094      1661           1
  560      1806      1519      1741      2096      1805      1518      1739      2094           1
  561      1663      2096      2097      1664      1661      2094      2095      1662           1
  562      2096      1741      1742      2097      2094      1739      1740      2095           1
  563      1664      2097      1845      1403      1662      2095      1844      1402           1
  564      2097      1742      1493      1845      2095      1740      1494      1844           1
  565      1453      1807      2098      1665      1454      1806      2096      1663           1
  566      1807      1520      1743      2098      1806      1519      1741      2096           1
  567      1665      2098      2099      1666      1663      2096      2097      1664           1
  568      2098      1743      1744      2099      2096      1741      1742      2097           1
  569      1666      2099      1846      1404      1664      2097      1845      1403           1
  570      2099      1744      1492      1846      2097      1742      1493      1845           1
  571      1452      1808      2100      1667      1453      1807      2098      1665           1
  572      1808      1521      1745      2100      1807      1520      1743      2098           1
  573      1667      2100      2101      1668      1665      2098      2099      1666           1
  574      2100      1745      1746      2101      2098      1743      1744      2099           1
  575      1668      2101      1847      1405      1666      2099      1846      1404           1
  576      2101      1746      1491      1847      2099      1744      1492      1846           1
  577      1451      1809      2102      1669      1452      1808      2100      1667           1
  578      1809      1522      1747      2102      1808      1521      1745      2100           1
  579      1669      2102      2103      1670      1667      2100      2101      1668           1
  580      2102      1747      1748      2103      2100      1745      1746      2101           1
  581      1670      2103      1848      1406      1668      2101      1847      1405           1
  582      2103      1748      1490      1848      2101      1746      1491      1847           1
  583      1450      1810      2104      1671      1451      1809      2102      1669           1
  584      1810      1523      1749      2104      1809      1522      1747      2102           1
  585      1671      2104      2105      1672      1669      2102      2103      1670           1
  586      2104      1749      1750      2105      2102      1747      1748      2103           1
  587      1672      2105      1849      1407      1670      2103      1848      1406           1
  588      2105      1750      1489      1849      2103      1748      1490      1848           1
  589      1449      1811      2106      1673      1450      1810      2104      1671           1
  590      1811      1524      1751      2106      1810      1523      1749      2104           1
  591      1673      2106      2107      1674      1671      2104      2105      1672           1
  592      2106      1751      1752      2107      2104      1749      1750      2105           1
  593      1674      2107      1850      1408      1672      2105      1849      1407           1
  594      2107      1752      1488      1850      2105      1750      1489      1849           1
  595      1448      1812      2108      1675      1449      1811      2106      1673           1
  596      1812      1525      1753      2108      1811      1524      1751      2106           1
  597      1675      2108      2109      1676      1673      2106      2107      1674           1
  598      2108      1753      1754      2109      2106      1751      1752      2107           1
  599      1676      2109      1851      1409      1674      2107      1850      1408           1
  600      2109      1754      1487      1851      2107      1752      1488      1850           1
  601      1447      1813      2110      1677      1448      1812      2108      1675           1
  602      1813      1526      1755      2110      1812      1525      1753      2108           1
  603      1677      2110      2111      1678      1675      2108      2109      1676           1
  604      2110      1755      1756      2111      2108      1753      1754      2109           1
  605      1678      2111      1852      1410      1676      2109      1851      1409           1
  606      2111      1756      1486      1852      2109      1754      1487      1851           1
  607      1446      1814      2112      1679      1447      1813      2110      1677           1
  608      1814      1527      1757      2112      1813      1526      1755      2110           1
  609      1679      2112      2113      1680      1677      2110      2111      1678           1
  610      2112      1757      1758      2113      2110      1755      1756      2111           1
  611      1680      2113      1853      1411      1678      2111      1852      1410           1
  612      2113      1758      1485      1853      2111      1756      1486      1852           1
  613      1445      1815      2114      1681      1446      1814      2112      1679           1
  614      1815      1528      1759      2114      1814      1527      1757      2112           1
  615      1681      2114      2115      1682      1679      2112      2113      1680           1
  616      2114      1759      1760      2115      2112      1757      1758      2113           1
  617      1682      2115      1854      1412      1680      2113      1853      1411           1
  618      2115      1760      1484      1854      2113      1758      1485      1853           1
  619      1444      1816      2116      1683      1445      1815      2114      1681           1
  620      1816      1529      1761      2116      1815      1528      1759      2114           1
  621      1683      2116      2117      1684      1681      2114      2115      1682           1
  622      2116      1761      1762      2117      2114      1759      1760      2115           1
  623      1684      2117      1855      1413      1682      2115      1854      1412           1
  624      2117      1762      1483      1855      2115      1760      1484      1854           1
  625      1443      1817      2118      1685      1444      1816      2116      1683           1
  626      1817      1530      1763      2118      1816      1529      1761      2116           1
  627      1685      2118      2119      1686      1683      2116      2117      1684           1
  628      2118      1763      1764      2119      2116      1761      1762      2117           1
  629      1686      2119      1856      1414      1684      2117      1855      1413           1
  630      2119      1764      1482      1856      2117      1762      1483      1855           1
  631      1442      1818      2120      1687      1443      1817      2118      1685           1
  632      1818      1531      1765      2120      1817      1530      1763      2118           1
  633      1687      2120      2121      1688      1685      2118      2119      1686           1
  634      2120      1765      1766      2121      2118      1763      1764      2119           1
  635      1688      2121      1857      1415      1686      2119      1856      1414           1
  636      2121      1766      1481      1857      2119      1764      1482      1856           1
  637      1441      1819      2122      1689      1442      1818      2120      1687           1
  638      1819      1532      1767      2122      1818      1531      1765      2120           1
  639      1689      2122      2123      1690      1687      2120      2121      1688           1
  640      2122      1767      1768      2123      2120      1765      1766      2121           1
  641      1690      2123      1858      1416      1688      2121      1857      1415           1
  642      2123      1768      1480      1858      2121      1766      1481      1857           1
  643      1440      1820      2124      1691      1441      1819      2122      1689           1
  644      1820      1533      1769      2124      1819      1532      1767      2122           1
  645      1691      2124      2125      1692      1689      2122      2123      1690           1
  646      2124      1769      1770      2125      2122      1767      1768      2123           1
  647      1692      2125      1859      1417      1690      2123      1858      1416           1
  648      2125      1770      1479      1859      2123      1768      1480      1858           1
  649      1439      1821      2126      1693      1440      1820      2124      1691           1
  650      1821      1534      1771      2126      1820      1533      1769      2124           1
  651      1693      2126      2127      1694      1691      2124      2125      1692           1
  652      2126      1771      1772      2127      2124      1769      1770      2125           1
  653      1694      2127      1860      1418      1692      2125      1859      1417           1
  654      2127      1772      1478      1860      2125      1770      1479      1859           1
  655      1438      1822      2128      1695      1439      1821      2126      1693           1
  656      1822      1535      1773      2128      1821      1534      1771      2126           1
  657      1695      2128      2129      1696      1693      2126      2127      1694           1
  658      2128      1773      1774      2129      2126      1771      1772      2127           1
  659      1696      2129      1861      1419      1694      2127      1860      1418           1
  660      2129      1774      1477      1861      2127      1772      1478      1860           1
  661      1437      1823      2130      1697      1438      1822      2128      1695           1
  662      1823      1536      1775      2130      1822      1535      1773      2128           1
  663      1697      2130      2131      1698      1695      2128      2129      1696           1
  664      2130      1775      1776      2131      2128      1773      1774      2129           1
  665      1698      2131      1862      1420      1696      2129      1861      1419           1
  666      2131      1776      1476      1862      2129      1774      1477      1861           1
  667      1436      1824      2132      1699      1437      1823      2130      1697           1
  668      1824      1537      1777      2132      1823      1536      1775      2130           1
  669      1699      2132      2133      1700      1697      2130      2131      1698           1
  670      2132      1777      1778      2133      2130      1775      1776      2131           1
  671      1700      2133      1863      1421      1698      2131      1862      1420           1
  672      2133      1778      1475      1863      2131      1776      1476      1862           1
  673      1435      1825      2134      1701      1436      1824      2132      1699           1
  674      1825      1538      1779      2134      1824      1537      1777      2132           1
  675      1701      2134      2135      1702      1699      2132      2133      1700           1
  676      2134      1779      1780      2135      2132      1777      1778      2133           1
  677      1702      2135      1864      1422      1700      2133      1863      1421           1
  678      2135      1780      1474      1864      2133      1778      1475      1863           1
  679      1434      1826      2136      1703      1435      1825      2134      1701           1
  680      1826      1539      1781      2136      1825      1538      1779      2134           1
  681      1703      2136      2137      1704      1701      2134      2135      1702           1
  682      2136      1781      1782      2137      2134      1779      1780      2135           1
  683      1704      2137      1865      1423      1702      2135      1864      1422           1
  684      2137      1782      1473      1865      2135      1780      1474      1864           1
  685      1433      1827      2138      1705      1434      1826      2136      1703           1
  686      1827      1540      1783      2138      1826      1539      1781      2136           1
  687      1705      2138      2139      1706      1703      2136      2137      1704           1
  688      2138      1783      1784      2139      2136      1781      1782      2137           1
  689      1706      2139      1866      1424      1704      2137      1865      1423           1
  690      2139      1784      1472      1866      2137      1782      1473      1865           1
  691      1432      1828      2140      1707      1433      1827      2138      1705           1
  692      1828      1541      1785      2140      1827      1540      1783      2138           1
  693      1707      2140      2141      1708      1705      2138      2139      1706           1
  694      2140      1785      1786      2141      2138      1783      1784      2139           1
  695      1708      2141      1867      1425      1706      2139      1866      1424           1
  696      2141      1786      1471      1867      2139      1784      1472      1866           1
  697      1431      1829      2142      1709      1432      1828      2140      1707           1
  698      1829      1542      1787      2142      1828      1541      1785      2140           1
  699      1709      2142      2143      1710      1707      2140      2141      1708           1
  700      2142      1787      1788      2143      2140      1785      1786      2141           1
  701      1710      2143      1868      1426      1708      2141      1867      1425           1
  702      2143      1788      1470      1868      2141      1786      1471      1867           1
  703      1430      1830      2144      1711      1431      1829      2142      1709           1
  704      1830      1543      1789      2144      1829      1542      1787      2142           1
  705      1711      2144      2145      1712      1709      2142      2143      1710           1
  706      2144      1789      1790      2145      2142      1787      1788      2143           1
  707      1712      2145      1869      1427      1710      2143      1868      1426           1
  708      2145      1790      1469      1869      2143      1788      1470      1868           1
  709      1429      1831      2146      1713      1430      1830      2144      1711           1
  710      1831      1544      1791      2146      1830      1543      1789      2144           1
  711      1713      2146      2147      1714      1711      2144      2145      1712           1
  712      2146      1791      1792      2147      2144      1789      1790      2145           1
  713      1714      2147      1870      1428      1712      2145      1869      1427           1
  714      2147      1792      1468      1870      2145      1790      1469      1869           1
  715      1373      1384      1635      1388      1429      1831      2146      1713           1
  716      1384      1370      1386      1635      1831      1544      1791      2146           1
  717      1388      1635      1636      1389      1713      2146      2147      1714           1
  718      1635      1386      1385      1636      2146      1791      1792      2147           1
  719      1389      1636      1387      1372      1714      2147      1870      1428           1
  720      1636      1385      1371      1387      2147      1792      1468      1870           1
  721      1507      1793      2148      1875      1367      1378      1871      1549           1
  722      1793      1467      1953      2148      1378      1366      1545      1871           1
  723      1875      2148      2149      1876      1549      1871      1872      1548           1
  724      2148      1953      1954      2149      1871      1545      1546      1872           1
  725      1876      2149      2031      1555      1548      1872      1547      1375           1
  726      2149      1954      1632      2031      1872      1546      1374      1547           1
  727      1508      1794      2150      1877      1507      1793      2148      1875           1
  728      1794      1466      1955      2150      1793      1467      1953      2148           1
  729      1877      2150      2151      1878      1875      2148      2149      1876           1
  730      2150      1955      1956      2151      2148      1953      1954      2149           1
  731      1878      2151      2032      1556      1876      2149      2031      1555           1
  732      2151      1956      1631      2032      2149      1954      1632      2031           1
  733      1509      1795      2152      1879      1508      1794      2150      1877           1
  734      1795      1465      1957      2152      1794      1466      1955      2150           1
  735      1879      2152      2153      1880      1877      2150      2151      1878           1
  736      2152      1957      1958      2153      2150      1955      1956      2151           1
  737      1880      2153      2033      1557      1878      2151      2032      1556           1
  738      2153      1958      1630      2033      2151      1956      1631      2032           1
  739      1510      1796      2154      1881      1509      1795      2152      1879           1
  740      1796      1464      1959      2154      1795      1465      1957      2152           1
  741      1881      2154      2155      1882      1879      2152      2153      1880           1
  742      2154      1959      1960      2155      2152      1957      1958      2153           1
  743      1882      2155      2034      1558      1880      2153      2033      1557           1
  744      2155      1960      1629      2034      2153      1958      1630      2033           1
  745      1511      1797      2156      1883      1510      1796      2154      1881           1
  746      1797      1463      1961      2156      1796      1464      1959      2154           1
  747      1883      2156      2157      1884      1881      2154      2155      1882           1
  748      2156      1961      1962      2157      2154      1959      1960      2155           1
  749      1884      2157      2035      1559      1882      2155      2034      1558           1
  750      2157      1962      1628      2035      2155      1960      1629      2034           1
  751      1512      1798      2158      1885      1511      1797      2156      1883           1
  752      1798      1462      1963      2158      1797      1463      1961      2156           1
  753      1885      2158      2159      1886      1883      2156      2157      1884           1
  754      2158      1963      1964      2159      2156      1961      1962      2157           1
  755      1886      2159      2036      1560      1884      2157      2035      1559           1
  756      2159      1964      1627      2036      2157      1962      1628      2035           1
  757      1513      1799      2160      1887      1512      1798      2158      1885           1
  758      1799      1461      1965      2160      1798      1462      1963      2158           1
  759      1887      2160      2161      1888      1885      2158      2159      1886           1
  760      2160      1965      1966      2161      2158      1963      1964      2159           1
  761      1888      2161      2037      1561      1886      2159      2036      1560           1
  762      2161      1966      1626      2037      2159      1964      1627      2036           1
  763      1514      1800      2162      1889      1513      1799      2160      1887           1
  764      1800      1460      1967      2162      1799      1461      1965      2160           1
  765      1889      2162      2163      1890      1887      2160      2161      1888           1
  766      2162      1967      1968      2163      2160      1965      1966      2161           1
  767      1890      2163      2038      1562      1888      2161      2037      1561           1
  768      2163      1968      1625      2038      2161      1966      1626      2037           1
  769      1515      1801      2164      1891      1514      1800      2162      1889           1
  770      1801      1459      1969      2164      1800      1460      1967      2162           1
  771      1891      2164      2165      1892      1889      2162      2163      1890           1
  772      2164      1969      1970      2165      2162      1967      1968      2163           1
  773      1892      2165      2039      1563      1890      2163      2038      1562           1
  774      2165      1970      1624      2039      2163      1968      1625      2038           1
  775         9      1802      2166      1893      1515      1801      2164      1891           1
  776      1802      1458      1971      2166      1801      1459      1969      2164           1
  777      1893      2166      2167      1894      1891      2164      2165      1892           1
  778      2166      1971      1972      2167      2164      1969      1970      2165           1
  779      1894      2167      2040      1564      1892      2165      2039      1563           1
  780      2167      1972      1623      2040      2165      1970      1624      2039           1
  781      1516      1803      2168      1895         9      1802      2166      1893           1
  782      1803      1457      1973      2168      1802      1458      1971      2166           1
  783      1895      2168      2169      1896      1893      2166      2167      1894           1
  784      2168      1973      1974      2169      2166      1971      1972      2167           1
  785      1896      2169      2041      1565      1894      2167      2040      1564           1
  786      2169      1974      1622      2041      2167      1972      1623      2040           1
  787      1517      1804      2170      1897      1516      1803      2168      1895           1
  788      1804      1456      1975      2170      1803      1457      1973      2168           1
  789      1897      2170      2171      1898      1895      2168      2169      1896           1
  790      2170      1975      1976      2171      2168      1973      1974      2169           1
  791      1898      2171      2042      1566      1896      2169      2041      1565           1
  792      2171      1976      1621      2042      2169      1974      1622      2041           1
  793      1518      1805      2172      1899      1517      1804      2170      1897           1
  794      1805      1455      1977      2172      1804      1456      1975      2170           1
  795      1899      2172      2173      1900      1897      2170      2171      1898           1
  796      2172      1977      1978      2173      2170      1975      1976      2171           1
  797      1900      2173      2043      1567      1898      2171      2042      1566           1
  798      2173      1978      1620      2043      2171      1976      1621      2042           1
  799      1519      1806      2174      1901      1518      1805      2172      1899           1
  800      1806      1454      1979      2174      1805      1455      1977      2172           1
  801      1901      2174      2175      1902      1899      2172      2173      1900           1
  802      2174      1979      1980      2175      2172      1977      1978      2173           1
  803      1902      2175      2044      1568      1900      2173      2043      1567           1
  804      2175      1980      1619      2044      2173      1978      1620      2043           1
  805      1520      1807      2176      1903      1519      1806      2174      1901           1
  806      1807      1453      1981      2176      1806      1454      1979      2174           1
  807      1903      2176      2177      1904      1901      2174      2175      1902           1
  808      2176      1981      1982      2177      2174      1979      1980      2175           1
  809      1904      2177      2045      1569      1902      2175      2044      1568           1
  810      2177      1982      1618      2045      2175      1980      1619      2044           1
  811      1521      1808      2178      1905      1520      1807      2176      1903           1
  812      1808      1452      1983      2178      1807      1453      1981      2176           1
  813      1905      2178      2179      1906      1903      2176      2177      1904           1
  814      2178      1983      1984      2179      2176      1981      1982      2177           1
  815      1906      2179      2046      1570      1904      2177      2045      1569           1
  816      2179      1984      1617      2046      2177      1982      1618      2045           1
  817      1522      1809      2180      1907      1521      1808      2178      1905           1
  818      1809      1451      1985      2180      1808      1452      1983      2178           1
  819      1907      2180      2181      1908      1905      2178      2179      1906           1
  820      2180      1985      1986      2181      2178      1983      1984      2179           1
  821      1908      2181      2047      1571      1906      2179      2046      1570           1
  822      2181      1986      1616      2047      2179      1984      1617      2046           1
  823      1523      1810      2182      1909      1522      1809      2180      1907           1
  824      1810      1450      1987      2182      1809      1451      1985      2180           1
  825      1909      2182      2183      1910      1907      2180      2181      1908           1
  826      2182      1987      1988      2183      2180      1985      1986      2181           1
  827      1910      2183      2048      1572      1908      2181      2047      1571           1
  828      2183      1988      1615      2048      2181      1986      1616      2047           1
  829      1524      1811      2184      1911      1523      1810      2182      1909           1
  830      1811      1449      1989      2184      1810      1450      1987      2182           1
  831      1911      2184      2185      1912      1909      2182      2183      1910           1
  832      2184      1989      1990      2185      2182      1987      1988      2183           1
  833      1912      2185      2049      1573      1910      2183      2048      1572           1
  834      2185      1990      1614      2049      2183      1988      1615      2048           1
  835      1525      1812      2186      1913      1524      1811      2184      1911           1
  836      1812      1448      1991      2186      1811      1449      1989      2184           1
  837      1913      2186      2187      1914      1911      2184      2185      1912           1
  838      2186      1991      1992      2187      2184      1989      1990      2185           1
  839      1914      2187      2050      1574      1912      2185      2049      1573           1
  840      2187      1992      1613      2050      2185      1990      1614      2049           1
  841      1526      1813      2188      1915      1525      1812      2186      1913           1
  842      1813      1447      1993      2188      1812      1448      1991      2186           1
  843      1915      2188      2189      1916      1913      2186      2187      1914           1
  844      2188      1993      1994      2189      2186      1991      1992      2187           1
  845      1916      2189      2051      1575      1914      2187      2050      1574           1
  846      2189      1994      1612      2051      2187      1992      1613      2050           1
  847      1527      1814      2190      1917      1526      1813      2188      1915           1
  848      1814      1446      1995      2190      1813      1447      1993      2188           1
  849      1917      2190      2191      1918      1915      2188      2189      1916           1
  850      2190      1995      1996      2191      2188      1993      1994      2189           1
  851      1918      2191      2052      1576      1916      2189      2051      1575           1
  852      2191      1996      1611      2052      2189      1994      1612      2051           1
  853      1528      1815      2192      1919      1527      1814      2190      1917           1
  854      1815      1445      1997      2192      1814      1446      1995      2190           1
  855      1919      2192      2193      1920      1917      2190      2191      1918           1
  856      2192      1997      1998      2193      2190      1995      1996      2191           1
  857      1920      2193      2053      1577      1918      2191      2052      1576           1
  858      2193      1998      1610      2053      2191      1996      1611      2052           1
  859      1529      1816      2194      1921      1528      1815      2192      1919           1
  860      1816      1444      1999      2194      1815      1445      1997      2192           1
  861      1921      2194      2195      1922      1919      2192      2193      1920           1
  862      2194      1999      2000      2195      2192      1997      1998      2193           1
  863      1922      2195      2054      1578      1920      2193      2053      1577           1
  864      2195      2000      1609      2054      2193      1998      1610      2053           1
  865      1530      1817      2196      1923      1529      1816      2194      1921           1
  866      1817      1443      2001      2196      1816      1444      1999      2194           1
  867      1923      2196      2197      1924      1921      2194      2195      1922           1
  868      2196      2001      2002      2197      2194      1999      2000      2195           1
  869      1924      2197      2055      1579      1922      2195      2054      1578           1
  870      2197      2002      1608      2055      2195      2000      1609      2054           1
  871      1531      1818      2198      1925      1530      1817      2196      1923           1
  872      1818      1442      2003      2198      1817      1443      2001      2196           1
  873      1925      2198      2199      1926      1923      2196      2197      1924           1
  874      2198      2003      2004      2199      2196      2001      2002      2197           1
  875      1926      2199      2056      1580      1924      2197      2055      1579           1
  876      2199      2004      1607      2056      2197      2002      1608      2055           1
  877      1532      1819      2200      1927      1531      1818      2198      1925           1
  878      1819      1441      2005      2200      1818      1442      2003      2198           1
  879      1927      2200      2201      1928      1925      2198      2199      1926           1
  880      2200      2005      2006      2201      2198      2003      2004      2199           1
  881      1928      2201      2057      1581      1926      2199      2056      1580           1
  882      2201      2006      1606      2057      2199      2004      1607      2056           1
  883      1533      1820      2202      1929      1532      1819      2200      1927           1
  884      1820      1440      2007      2202      1819      1441      2005      2200           1
  885      1929      2202      2203      1930      1927      2200      2201      1928           1
  886      2202      2007      2008      2203      2200      2005      2006      2201           1
  887      1930      2203      2058      1582      1928      2201      2057      1581           1
  888      2203      2008      1605      2058      2201      2006      1606      2057           1
  889      1534      1821      2204      1931      1533      1820      2202      1929           1
  890      1821      1439      2009      2204      1820      1440      2007      2202           1
  891      1931      2204      2205      1932      1929      2202      2203      1930           1
  892      2204      2009      2010      2205      2202      2007      2008      2203           1
  893      1932      2205      2059      1583      1930      2203      2058      1582           1
  894      2205      2010      1604      2059      2203      2008      1605      2058           1
  895      1535      1822      2206      1933      1534      1821      2204      1931           1
  896      1822      1438      2011      2206      1821      1439      2009      2204           1
  897      1933      2206      2207      1934      1931      2204      2205      1932           1
  898      2206      2011      2012      2207      2204      2009      2010      2205           1
  899      1934      2207      2060      1584      1932      2205      2059      1583           1
  900      2207      2012      1603      2060      2205      2010      1604      2059           1
  901      1536      1823      2208      1935      1535      1822      2206      1933           1
  902      1823      1437      2013      2208      1822      1438      2011      2206           1
  903      1935      2208      2209      1936      1933      2206      2207      1934           1
  904      2208      2013      2014      2209      2206      2011      2012      2207           1
  905      1936      2209      2061      1585      1934      2207      2060      1584           1
  906      2209      2014      1602      2061      2207      2012      1603      2060           1
  907      1537      1824      2210      1937      1536      1823      2208      1935           1
  908      1824      1436      2015      2210      1823      1437      2013      2208           1
  909      1937      2210      2211      1938      1935      2208      2209      1936           1
  910      2210      2015      2016      2211      2208      2013      2014      2209           1
  911      1938      2211      2062      1586      1936      2209      2061      1585           1
  912      2211      2016      1601      2062      2209      2014      1602      2061           1
  913      1538      1825      2212      1939      1537      1824      2210      1937           1
  914      1825      1435      2017      2212      1824      1436      2015      2210           1
  915      1939      2212      2213      1940      1937      2210      2211      1938           1
  916      2212      2017      2018      2213      2210      2015      2016      2211           1
  917      1940      2213      2063      1587      1938      2211      2062      1586           1
  918      2213      2018      1600      2063      2211      2016      1601      2062           1
  919      1539      1826      2214      1941      1538      1825      2212      1939           1
  920      1826      1434      2019      2214      1825      1435      2017      2212           1
  921      1941      2214      2215      1942      1939      2212      2213      1940           1
  922      2214      2019      2020      2215      2212      2017      2018      2213           1
  923      1942      2215      2064      1588      1940      2213      2063      1587           1
  924      2215      2020      1599      2064      2213      2018      1600      2063           1
  925      1540      1827      2216      1943      1539      1826      2214      1941           1
  926      1827      1433      2021      2216      1826      1434      2019      2214           1
  927      1943      2216      2217      1944      1941      2214      2215      1942           1
  928      2216      2021      2022      2217      2214      2019      2020      2215           1
  929      1944      2217      2065      1589      1942      2215      2064      1588           1
  930      2217      2022      1598      2065      2215      2020      1599      2064           1
  931      1541      1828      2218      1945      1540      1827      2216      1943           1
  932      1828      1432      2023      2218      1827      1433      2021      2216           1
  933      1945      2218      2219      1946      1943      2216      2217      1944           1
  934      2218      2023      2024      2219      2216      2021      2022      2217           1
  935      1946      2219      2066      1590      1944      2217      2065      1589           1
  936      2219      2024      1597      2066      2217      2022      1598      2065           1
  937      1542      1829      2220      1947      1541      1828      2218      1945           1
  938      1829      1431      2025      2220      1828      1432      2023      2218           1
  939      1947      2220      2221      1948      1945      2218      2219      1946           1
  940      2220      2025      2026      2221      2218      2023      2024      2219           1
  941      1948      2221      2067      1591      1946      2219      2066      1590           1
  942      2221      2026      1596      2067      2219      2024      1597      2066           1
  943      1543      1830      2222      1949      1542      1829      2220      1947           1
  944      1830      1430      2027      2222      1829      1431      2025      2220           1
  945      1949      2222      2223      1950      1947      2220      2221      1948           1
  946      2222      2027      2028      2223      2220      2025      2026      2221           1
  947      1950      2223      2068      1592      1948      2221      2067      1591           1
  948      2223      2028      1595      2068      2221      2026      1596      2067           1
  949      1544      1831      2224      1951      1543      1830      2222      1949           1
  950      1831      1429      2029      2224      1830      1430      2027      2222           1
  951      1951      2224      2225      1952      1949      2222      2223      1950           1
  952      2224      2029      2030      2225      2222      2027      2028      2223           1
  953      1952      2225      2069      1593      1950      2223      2068      1592           1
  954      2225      2030      1594      2069      2223      2028      1595      2068           1
  955      1370      1384      1873      1553      1544      1831      2224      1951           1
  956      1384      1373      1551      1873      1831      1429      2029      2224           1
  957      1553      1873      1874      1554      1951      2224      2225      1952           1
  958      1873      1551      1550      1874      2224      2029      2030      2225           1
  959      1554      1874      1552      1377      1952      2225      2069      1593           1
  960      1874      1550      1376      1552      2225      2030      1594      2069           1
  961      2282      2457      2610      2367      2226      2236      2337      2251           2
  962      2457      2458      2611      2610      2236      2237      2338      2337           2
  963      2458      2459      2612      2611      2237      2238      2339      2338           2
  964      2459      2292      2412      2612      2238      2227      2239      2339           2
  965      2367      2610      2613      2368      2251      2337      2340      2250           2
  966      2610      2611      2614      2613      2337      2338      2341      2340           2
  967      2611      2612      2615      2614      2338      2339      2342      2341           2
  968      2612      2412      2413      2615      2339      2239      2240      2342           2
  969      2368      2613      2616      2369      2250      2340      2343      2249           2
  970      2613      2614      2617      2616      2340      2341      2344      2343           2
  971      2614      2615      2618      2617      2341      2342      2345      2344           2
  972      2615      2413      2414      2618      2342      2240      2241      2345           2
  973      2369      2616      2619      2370      2249      2343      2346      2248           2
  974      2616      2617      2620      2619      2343      2344      2347      2346           2
  975      2617      2618      2621      2620      2344      2345      2348      2347           2
  976      2618      2414      2415      2621      2345      2241      2242      2348           2
  977      2370      2619      2622      2371      2248      2346      2349      2247           2
  978      2619      2620      2623      2622      2346      2347      2350      2349           2
  979      2620      2621      2624      2623      2347      2348      2351      2350           2
  980      2621      2415      2416      2624      2348      2242      2243      2351           2
  981      2371      2622      2484      2265      2247      2349      2246      2229           2
  982      2622      2623      2485      2484      2349      2350      2245      2246           2
  983      2623      2624      2486      2485      2350      2351      2244      2245           2
  984      2624      2416      2291      2486      2351      2243      2228      2244           2
  985      2281      2460      2625      2372      2282      2457      2610      2367           2
  986      2460      2461      2626      2625      2457      2458      2611      2610           2
  987      2461      2462      2627      2626      2458      2459      2612      2611           2
  988      2462      2293      2417      2627      2459      2292      2412      2612           2
  989      2372      2625      2628      2373      2367      2610      2613      2368           2
  990      2625      2626      2629      2628      2610      2611      2614      2613           2
  991      2626      2627      2630      2629      2611      2612      2615      2614           2
  992      2627      2417      2418      2630      2612      2412      2413      2615           2
  993      2373      2628      2631      2374      2368      2613      2616      2369           2
  994      2628      2629      2632      2631      2613      2614      2617      2616           2
  995      2629      2630      2633      2632      2614      2615      2618      2617           2
  996      2630      2418      2419      2633      2615      2413      2414      2618           2
  997      2374      2631      2634      2375      2369      2616      2619      2370           2
  998      2631      2632      2635      2634      2616      2617      2620      2619           2
  999      2632      2633      2636      2635      2617      2618      2621      2620           2
 1000      2633      2419      2420      2636      2618      2414      2415      2621           2
 1001      2375      2634      2637      2376      2370      2619      2622      2371           2
 1002      2634      2635      2638      2637      2619      2620      2623      2622           2
 1003      2635      2636      2639      2638      2620      2621      2624      2623           2
 1004      2636      2420      2421      2639      2621      2415      2416      2624           2
 1005      2376      2637      2487      2266      2371      2622      2484      2265           2
 1006      2637      2638      2488      2487      2622      2623      2485      2484           2
 1007      2638      2639      2489      2488      2623      2624      2486      2485           2
 1008      2639      2421      2290      2489      2624      2416      2291      2486           2
 1009      2280      2463      2640      2377      2281      2460      2625      2372           2
 1010      2463      2464      2641      2640      2460      2461      2626      2625           2
 1011      2464      2465      2642      2641      2461      2462      2627      2626           2
 1012      2465      2294      2422      2642      2462      2293      2417      2627           2
 1013      2377      2640      2643      2378      2372      2625      2628      2373           2
 1014      2640      2641      2644      2643      2625      2626      2629      2628           2
 1015      2641      2642      2645      2644      2626      2627      2630      2629           2
 1016      2642      2422      2423      2645      2627      2417      2418      2630           2
 1017      2378      2643      2646      2379      2373      2628      2631      2374           2
 1018      2643      2644      2647      2646      2628      2629      2632      2631           2
 1019      2644      2645      2648      2647      2629      2630      2633      2632           2
 1020      2645      2423      2424      2648      2630      2418      2419      2633           2
 1021      2379      2646      2649      2380      2374      2631      2634      2375           2
 1022      2646      2647      2650      2649      2631      2632      2635      2634           2
 1023      2647      2648      2651      2650      2632      2633      2636      2635           2
 1024      2648      2424      2425      2651      2633      2419      2420      2636           2
 1025      2380      2649      2652      2381      2375      2634      2637      2376           2
 1026      2649      2650      2653      2652      2634      2635      2638      2637           2
 1027      2650      2651      2654      2653      2635      2636      2639      2638           2
 1028      2651      2425      2426      2654      2636      2420      2421      2639           2
 1029      2381      2652      2490      2267      2376      2637      2487      2266           2
 1030      2652      2653      2491      2490      2637      2638      2488      2487           2
 1031      2653      2654      2492      2491      2638      2639      2489      2488           2
 1032      2654      2426      2289      2492      2639      2421      2290      2489           2
 1033      2279      2466      2655      2382      2280      2463      2640      2377           2
 1034      2466      2467      2656      2655      2463      2464      2641      2640           2
 1035      2467      2468      2657      2656      2464      2465      2642      2641           2
 1036      2468      2295      2427      2657      2465      2294      2422      2642           2
 1037      2382      2655      2658      2383      2377      2640      2643      2378           2
 1038      2655      2656      2659      2658      2640      2641      2644      2643           2
 1039      2656      2657      2660      2659      2641      2642      2645      2644           2
 1040      2657      2427      2428      2660      2642      2422      2423      2645           2
 1041      2383      2658      2661      2384      2378      2643      2646      2379           2
 1042      2658      2659      2662      2661      2643      2644      2647      2646           2
 1043      2659      2660      2663      2662      2644      2645      2648      2647           2
 1044      2660      2428      2429      2663      2645      2423      2424      2648           2
 1045      2384      2661      2664      2385      2379      2646      2649      2380           2
 1046      2661      2662      2665      2664      2646      2647      2650      2649           2
 1047      2662      2663      2666      2665      2647      2648      2651      2650           2
 1048      2663      2429      2430      2666      2648      2424      2425      2651           2
 1049      2385      2664      2667      2386      2380      2649      2652      2381           2
 1050      2664      2665      2668      2667      2649      2650      2653      2652           2
 1051      2665      2666      2669      2668      2650      2651      2654      2653           2
 1052      2666      2430      2431      2669      2651      2425      2426      2654           2
 1053      2386      2667      2493      2268      2381      2652      2490      2267           2
 1054      2667      2668      2494      2493      2652      2653      2491      2490           2
 1055      2668      2669      2495      2494      2653      2654      2492      2491           2
 1056      2669      2431      2288      2495      2654      2426      2289      2492           2
 1057      2278      2469      2670      2387      2279      2466      2655      2382           2
 1058      2469      2470      2671      2670      2466      2467      2656      2655           2
 1059      2470      2471      2672      2671      2467      2468      2657      2656           2
 1060      2471      2296      2432      2672      2468      2295      2427      2657           2
 1061      2387      2670      2673      2388      2382      2655      2658      2383           2
 1062      2670      2671      2674      2673      2655      2656      2659      2658           2
 1063      2671      2672      2675      2674      2656      2657      2660      2659           2
 1064      2672      2432      2433      2675      2657      2427      2428      2660           2
 1065      2388      2673      2676      2389      2383      2658      2661      2384           2
 1066      2673      2674      2677      2676      2658      2659      2662      2661           2
 1067      2674      2675      2678      2677      2659      2660      2663      2662           2
 1068      2675      2433      2434      2678      2660      2428      2429      2663           2
 1069      2389      2676      2679      2390      2384      2661      2664      2385           2
 1070      2676      2677      2680      2679      2661      2662      2665      2664           2
 1071      2677      2678      2681      2680      2662      2663      2666      2665           2
 1072      2678      2434      2435      2681      2663      2429      2430      2666           2
 1073      2390      2679      2682      2391      2385      2664      2667      2386           2
 1074      2679      2680      2683      2682      2664      2665      2668      2667           2
 1075      2680      2681      2684      2683      2665      2666      2669      2668           2
 1076      2681      2435      2436      2684      2666      2430      2431      2669           2
 1077      2391      2682      2496      2269      2386      2667      2493      2268           2
 1078      2682      2683      2497      2496      2667      2668      2494      2493           2
 1079      2683      2684      2498      2497      2668      2669      2495      2494           2
 1080      2684      2436      2287      2498      2669      2431      2288      2495           2
 1081      2277      2472      2685      2392      2278      2469      2670      2387           2
 1082      2472      2473      2686      2685      2469      2470      2671      2670           2
 1083      2473      2474      2687      2686      2470      2471      2672      2671           2
 1084      2474      2297      2437      2687      2471      2296      2432      2672           2
 1085      2392      2685      2688      2393      2387      2670      2673      2388           2
 1086      2685      2686      2689      2688      2670      2671      2674      2673           2
 1087      2686      2687      2690      2689      2671      2672      2675      2674           2
 1088      2687      2437      2438      2690      2672      2432      2433      2675           2
 1089      2393      2688      2691      2394      2388      2673      2676      2389           2
 1090      2688      2689      2692      2691      2673      2674      2677      2676           2
 1091      2689      2690      2693      2692      2674      2675      2678      2677           2
 1092      2690      2438      2439      2693      2675      2433      2434      2678           2
 1093      2394      2691      2694      2395      2389      2676      2679      2390           2
 1094      2691      2692      2695      2694      2676      2677      2680      2679           2
 1095      2692      2693      2696      2695      2677      2678      2681      2680           2
 1096      2693      2439      2440      2696      2678      2434      2435      2681           2
 1097      2395      2694      2697      2396      2390      2679      2682      2391           2
 1098      2694      2695      2698      2697      2679      2680      2683      2682           2
 1099      2695      2696      2699      2698      2680      2681      2684      2683           2
 1100      2696      2440      2441      2699      2681      2435      2436      2684           2
 1101      2396      2697      2499      2270      2391      2682      2496      2269           2
 1102      2697      2698      2500      2499      2682      2683      2497      2496           2
 1103      2698      2699      2501      2500      2683      2684      2498      2497           2
 1104      2699      2441      2286      2501      2684      2436      2287      2498           2
 1105      2276      2475      2700      2397      2277      2472      2685      2392           2
 1106      2475      2476      2701      2700      2472      2473      2686      2685           2
 1107      2476      2477      2702      2701      2473      2474      2687      2686           2
 1108      2477      2298      2442      2702      2474      2297      2437      2687           2
 1109      2397      2700      2703      2398      2392      2685      2688      2393           2
 1110      2700      2701      2704      2703      2685      2686      2689      2688           2
 1111      2701      2702      2705      2704      2686      2687      2690      2689           2
 1112      2702      2442      2443      2705      2687      2437      2438      2690           2
 1113      2398      2703      2706      2399      2393      2688      2691      2394           2
 1114      2703      2704      2707      2706      2688      2689      2692      2691           2
 1115      2704      2705      2708      2707      2689      2690      2693      2692           2
 1116      2705      2443      2444      2708      2690      2438      2439      2693           2
 1117      2399      2706      2709      2400      2394      2691      2694      2395           2
 1118      2706      2707      2710      2709      2691      2692      2695      2694           2
 1119      2707      2708      2711      2710      2692      2693      2696      2695           2
 1120      2708      2444      2445      2711      2693      2439      2440      2696           2
 1121      2400      2709      2712      2401      2395      2694      2697      2396           2
 1122      2709      2710      2713      2712      2694      2695      2698      2697           2
 1123      2710      2711      2714      2713      2695      2696      2699      2698           2
 1124      2711      2445      2446      2714      2696      2440      2441      2699           2
 1125      2401      2712      2502      2271      2396      2697      2499      2270           2
 1126      2712      2713      2503      2502      2697      2698      2500      2499           2
 1127      2713      2714      2504      2503      2698      2699      2501      2500           2
 1128      2714      2446      2285      2504      2699      2441      2286      2501           2
 1129      2275      2478      2715      2402      2276      2475      2700      2397           2
 1130      2478      2479      2716      2715      2475      2476      2701      2700           2
 1131      2479      2480      2717      2716      2476      2477      2702      2701           2
 1132      2480      2299      2447      2717      2477      2298      2442      2702           2
 1133      2402      2715      2718      2403      2397      2700      2703      2398           2
 1134      2715      2716      2719      2718      2700      2701      2704      2703           2
 1135      2716      2717      2720      2719      2701      2702      2705      2704           2
 1136      2717      2447      2448      2720      2702      2442      2443      2705           2
 1137      2403      2718      2721      2404      2398      2703      2706      2399           2
 1138      2718      2719      2722      2721      2703      2704      2707      2706           2
 1139      2719      2720      2723      2722      2704      2705      2708      2707           2
 1140      2720      2448      2449      2723      2705      2443      2444      2708           2
 1141      2404      2721      2724      2405      2399      2706      2709      2400           2
 1142      2721      2722      2725      2724      2706      2707      2710      2709           2
 1143      2722      2723      2726      2725      2707      2708      2711      2710           2
 1144      2723      2449      2450      2726      2708      2444      2445      2711           2
 1145      2405      2724      2727      2406      2400      2709      2712      2401           2
 1146      2724      2725      2728      2727      2709      2710      2713      2712           2
 1147      2725      2726      2729      2728      2710      2711      2714      2713           2
 1148      2726      2450      2451      2729      2711      2445      2446      2714           2
 1149      2406      2727      2505      2272      2401      2712      2502      2271           2
 1150      2727      2728      2506      2505      2712      2713      2503      2502           2
 1151      2728      2729      2507      2506      2713      2714      2504      2503           2
 1152      2729      2451      2284      2507      2714      2446      2285      2504           2
 1153      2274      2481      2730      2407      2275      2478      2715      2402           2
 1154      2481      2482      2731      2730      2478      2479      2716      2715           2
 1155      2482      2483      2732      2731      2479      2480      2717      2716           2
 1156      2483      2300      2452      2732      2480      2299      2447      2717           2
 1157      2407      2730      2733      2408      2402      2715      2718      2403           2
 1158      2730      2731      2734      2733      2715      2716      2719      2718           2
 1159      2731      2732      2735      2734      2716      2717      2720      2719           2
 1160      2732      2452      2453      2735      2717      2447      2448      2720           2
 1161      2408      2733      2736      2409      2403      2718      2721      2404           2
 1162      2733      2734      2737      2736      2718      2719      2722      2721           2
 1163      2734      2735      2738      2737      2719      2720      2723      2722           2
 1164      2735      2453      2454      2738      2720      2448      2449      2723           2
 1165      2409      2736      2739      2410      2404      2721      2724      2405           2
 1166      2736      2737      2740      2739      2721      2722      2725      2724           2
 1167      2737      2738      2741      2740      2722      2723      2726      2725           2
 1168      2738      2454      2455      2741      2723      2449      2450      2726           2
 1169      2410      2739      2742      2411      2405      2724      2727      2406           2
 1170      2739      2740      2743      2742      2724      2725      2728      2727           2
 1171      2740      2741      2744      2743      2725      2726      2729      2728           2
 1172      2741      2455      2456      2744      2726      2450      2451      2729           2
 1173      2411      2742      2508      2273      2406      2727      2505      2272           2
 1174      2742      2743      2509      2508      2727      2728      2506      2505           2
 1175      2743      2744      2510      2509      2728      2729      2507      2506           2
 1176      2744      2456      2283      2510      2729      2451      2284      2507           2
 1177      2231      2254      2352      2260      2274      2481      2730      2407           2
 1178      2254      2253      2353      2352      2481      2482      2731      2730           2
 1179      2253      2252      2354      2353      2482      2483      2732      2731           2
 1180      2252      2230      2259      2354      2483      2300      2452      2732           2
 1181      2260      2352      2355      2261      2407      2730      2733      2408           2
 1182      2352      2353      2356      2355      2730      2731      2734      2733           2
 1183      2353      2354      2357      2356      2731      2732      2735      2734           2
 1184      2354      2259      2258      2357      2732      2452      2453      2735           2
 1185      2261      2355      2358      2262      2408      2733      2736      2409           2
 1186      2355      2356      2359      2358      2733      2734      2737      2736           2
 1187      2356      2357      2360      2359      2734      2735      2738      2737           2
 1188      2357      2258      2257      2360      2735      2453      2454      2738           2
 1189      2262      2358      2361      2263      2409      2736      2739      2410           2
 1190      2358      2359      2362      2361      2736      2737      2740      2739           2
 1191      2359      2360      2363      2362      2737      2738      2741      2740           2
 1192      2360      2257      2256      2363      2738      2454      2455      2741           2
 1193      2263      2361      2364      2264      2410      2739      2742      2411           2
 1194      2361      2362      2365      2364      2739      2740      2743      2742           2
 1195      2362      2363      2366      2365      2740      2741      2744      2743           2
 1196      2363      2256      2255      2366      2741      2455      2456      2744           2
 1197      2264      2364       203        19      2411      2742      2508      2273           2
 1198      2364      2365       204       203      2742      2743      2509      2508           2
 1199      2365      2366       205       204      2743      2744      2510      2509           2
 1200      2366      2255        20       205      2744      2456      2283      2510           2
 1201      2292      2459      2745      2529      2227      2238      2511      2309           2
 1202      2459      2458      2746      2745      2238      2237      2512      2511           2
 1203      2458      2457      2747      2746      2237      2236      2513      2512           2
 1204      2457      2282      2556      2747      2236      2226      2301      2513           2
 1205      2529      2745      2748      2530      2309      2511      2514      2308           2
 1206      2745      2746      2749      2748      2511      2512      2515      2514           2
 1207      2746      2747      2750      2749      2512      2513      2516      2515           2
 1208      2747      2556      2557      2750      2513      2301      2302      2516           2
 1209      2530      2748      2751      2531      2308      2514      2517      2307           2
 1210      2748      2749      2752      2751      2514      2515      2518      2517           2
 1211      2749      2750      2753      2752      2515      2516      2519      2518           2
 1212      2750      2557      2558      2753      2516      2302      2303      2519           2
 1213      2531      2751      2583      2319      2307      2517      2306      2233           2
 1214      2751      2752      2584      2583      2517      2518      2305      2306           2
 1215      2752      2753      2585      2584      2518      2519      2304      2305           2
 1216      2753      2558      2336      2585      2519      2303      2232      2304           2
 1217      2293      2462      2754      2532      2292      2459      2745      2529           2
 1218      2462      2461      2755      2754      2459      2458      2746      2745           2
 1219      2461      2460      2756      2755      2458      2457      2747      2746           2
 1220      2460      2281      2559      2756      2457      2282      2556      2747           2
 1221      2532      2754      2757      2533      2529      2745      2748      2530           2
 1222      2754      2755      2758      2757      2745      2746      2749      2748           2
 1223      2755      2756      2759      2758      2746      2747      2750      2749           2
 1224      2756      2559      2560      2759      2747      2556      2557      2750           2
 1225      2533      2757      2760      2534      2530      2748      2751      2531           2
 1226      2757      2758      2761      2760      2748      2749      2752      2751           2
 1227      2758      2759      2762      2761      2749      2750      2753      2752           2
 1228      2759      2560      2561      2762      2750      2557      2558      2753           2
 1229      2534      2760      2586      2320      2531      2751      2583      2319           2
 1230      2760      2761      2587      2586      2751      2752      2584      2583           2
 1231      2761      2762      2588      2587      2752      2753      2585      2584           2
 1232      2762      2561      2335      2588      2753      2558      2336      2585           2
 1233      2294      2465      2763      2535      2293      2462      2754      2532           2
 1234      2465      2464      2764      2763      2462      2461      2755      2754           2
 1235      2464      2463      2765      2764      2461      2460      2756      2755           2
 1236      2463      2280      2562      2765      2460      2281      2559      2756           2
 1237      2535      2763      2766      2536      2532      2754      2757      2533           2
 1238      2763      2764      2767      2766      2754      2755      2758      2757           2
 1239      2764      2765      2768      2767      2755      2756      2759      2758           2
 1240      2765      2562      2563      2768      2756      2559      2560      2759           2
 1241      2536      2766      2769      2537      2533      2757      2760      2534           2
 1242      2766      2767      2770      2769      2757      2758      2761      2760           2
 1243      2767      2768      2771      2770      2758      2759      2762      2761           2
 1244      2768      2563      2564      2771      2759      2560      2561      2762           2
 1245      2537      2769      2589      2321      2534      2760      2586      2320           2
 1246      2769      2770      2590      2589      2760      2761      2587      2586           2
 1247      2770      2771      2591      2590      2761      2762      2588      2587           2
 1248      2771      2564      2334      2591      2762      2561      2335      2588           2
 1249      2295      2468      2772      2538      2294      2465      2763      2535           2
 1250      2468      2467      2773      2772      2465      2464      2764      2763           2
 1251      2467      2466      2774      2773      2464      2463      2765      2764           2
 1252      2466      2279      2565      2774      2463      2280      2562      2765           2
 1253      2538      2772      2775      2539      2535      2763      2766      2536           2
 1254      2772      2773      2776      2775      2763      2764      2767      2766           2
 1255      2773      2774      2777      2776      2764      2765      2768      2767           2
 1256      2774      2565      2566      2777      2765      2562      2563      2768           2
 1257      2539      2775      2778      2540      2536      2766      2769      2537           2
 1258      2775      2776      2779      2778      2766      2767      2770      2769           2
 1259      2776      2777      2780      2779      2767      2768      2771      2770           2
 1260      2777      2566      2567      2780      2768      2563      2564      2771           2
 1261      2540      2778      2592      2322      2537      2769      2589      2321           2
 1262      2778      2779      2593      2592      2769      2770      2590      2589           2
 1263      2779      2780      2594      2593      2770      2771      2591      2590           2
 1264      2780      2567      2333      2594      2771      2564      2334      2591           2
 1265      2296      2471      2781      2541      2295      2468      2772      2538           2
 1266      2471      2470      2782      2781      2468      2467      2773      2772           2
 1267      2470      2469      2783      2782      2467      2466      2774      2773           2
 1268      2469      2278      2568      2783      2466      2279      2565      2774           2
 1269      2541      2781      2784      2542      2538      2772      2775      2539           2
 1270      2781      2782      2785      2784      2772      2773      2776      2775           2
 1271      2782      2783      2786      2785      2773      2774      2777      2776           2
 1272      2783      2568      2569      2786      2774      2565      2566      2777           2
 1273      2542      2784      2787      2543      2539      2775      2778      2540           2
 1274      2784      2785      2788      2787      2775      2776      2779      2778           2
 1275      2785      2786      2789      2788      2776      2777      2780      2779           2
 1276      2786      2569      2570      2789      2777      2566      2567      2780           2
 1277      2543      2787      2595      2323      2540      2778      2592      2322           2
 1278      2787      2788      2596      2595      2778      2779      2593      2592           2
 1279      2788      2789      2597      2596      2779      2780      2594      2593           2
 1280      2789      2570      2332      2597      2780      2567      2333      2594           2
 1281      2297      2474      2790      2544      2296      2471      2781      2541           2
 1282      2474      2473      2791      2790      2471      2470      2782      2781           2
 1283      2473      2472      2792      2791      2470      2469      2783      2782           2
 1284      2472      2277      2571      2792      2469      2278      2568      2783           2
 1285      2544      2790      2793      2545      2541      2781      2784      2542           2
 1286      2790      2791      2794      2793      2781      2782      2785      2784           2
 1287      2791      2792      2795      2794      2782      2783      2786      2785           2
 1288      2792      2571      2572      2795      2783      2568      2569      2786           2
 1289      2545      2793      2796      2546      2542      2784      2787      2543           2
 1290      2793      2794      2797      2796      2784      2785      2788      2787           2
 1291      2794      2795      2798      2797      2785      2786      2789      2788           2
 1292      2795      2572      2573      2798      2786      2569      2570      2789           2
 1293      2546      2796      2598      2324      2543      2787      2595      2323           2
 1294      2796      2797      2599      2598      2787      2788      2596      2595           2
 1295      2797      2798      2600      2599      2788      2789      2597      2596           2
 1296      2798      2573      2331      2600      2789      2570      2332      2597           2
 1297      2298      2477      2799      2547      2297      2474      2790      2544           2
 1298      2477      2476      2800      2799      2474      2473      2791      2790           2
 1299      2476      2475      2801      2800      2473      2472      2792      2791           2
 1300      2475      2276      2574      2801      2472      2277      2571      2792           2
 1301      2547      2799      2802      2548      2544      2790      2793      2545           2
 1302      2799      2800      2803      2802      2790      2791      2794      2793           2
 1303      2800      2801      2804      2803      2791      2792      2795      2794           2
 1304      2801      2574      2575      2804      2792      2571      2572      2795           2
 1305      2548      2802      2805      2549      2545      2793      2796      2546           2
 1306      2802      2803      2806      2805      2793      2794      2797      2796           2
 1307      2803      2804      2807      2806      2794      2795      2798      2797           2
 1308      2804      2575      2576      2807      2795      2572      2573      2798           2
 1309      2549      2805      2601      2325      2546      2796      2598      2324           2
 1310      2805      2806      2602      2601      2796      2797      2599      2598           2
 1311      2806      2807      2603      2602      2797      2798      2600      2599           2
 1312      2807      2576      2330      2603      2798      2573      2331      2600           2
 1313      2299      2480      2808      2550      2298      2477      2799      2547           2
 1314      2480      2479      2809      2808      2477      2476      2800      2799           2
 1315      2479      2478      2810      2809      2476      2475      2801      2800           2
 1316      2478      2275      2577      2810      2475      2276      2574      2801           2
 1317      2550      2808      2811      2551      2547      2799      2802      2548           2
 1318      2808      2809      2812      2811      2799      2800      2803      2802           2
 1319      2809      2810      2813      2812      2800      2801      2804      2803           2
 1320      2810      2577      2578      2813      2801      2574      2575      2804           2
 1321      2551      2811      2814      2552      2548      2802      2805      2549           2
 1322      2811      2812      2815      2814      2802      2803      2806      2805           2
 1323      2812      2813      2816      2815      2803      2804      2807      2806           2
 1324      2813      2578      2579      2816      2804      2575      2576      2807           2
 1325      2552      2814      2604      2326      2549      2805      2601      2325           2
 1326      2814      2815      2605      2604      2805      2806      2602      2601           2
 1327      2815      2816      2606      2605      2806      2807      2603      2602           2
 1328      2816      2579      2329      2606      2807      2576      2330      2603           2
 1329      2300      2483      2817      2553      2299      2480      2808      2550           2
 1330      2483      2482      2818      2817      2480      2479      2809      2808           2
 1331      2482      2481      2819      2818      2479      2478      2810      2809           2
 1332      2481      2274      2580      2819      2478      2275      2577      2810           2
 1333      2553      2817      2820      2554      2550      2808      2811      2551           2
 1334      2817      2818      2821      2820      2808      2809      2812      2811           2
 1335      2818      2819      2822      2821      2809      2810      2813      2812           2
 1336      2819      2580      2581      2822      2810      2577      2578      2813           2
 1337      2554      2820      2823      2555      2551      2811      2814      2552           2
 1338      2820      2821      2824      2823      2811      2812      2815      2814           2
 1339      2821      2822      2825      2824      2812      2813      2816      2815           2
 1340      2822      2581      2582      2825      2813      2578      2579      2816           2
 1341      2555      2823      2607      2327      2552      2814      2604      2326           2
 1342      2823      2824      2608      2607      2814      2815      2605      2604           2
 1343      2824      2825      2609      2608      2815      2816      2606      2605           2
 1344      2825      2582      2328      2609      2816      2579      2329      2606           2
 1345      2230      2252      2520      2316      2300      2483      2817      2553           2
 1346      2252      2253      2521      2520      2483      2482      2818      2817           2
 1347      2253      2254      2522      2521      2482      2481      2819      2818           2
 1348      2254      2231      2312      2522      2481      2274      2580      2819           2
 1349      2316      2520      2523      2317      2553      2817      2820      2554           2
 1350      2520      2521      2524      2523      2817      2818      2821      2820           2
 1351      2521      2522      2525      2524      2818      2819      2822      2821           2
 1352      2522      2312      2311      2525      2819      2580      2581      2822           2
 1353      2317      2523      2526      2318      2554      2820      2823      2555           2
 1354      2523      2524      2527      2526      2820      2821      2824      2823           2
 1355      2524      2525      2528      2527      2821      2822      2825      2824           2
 1356      2525      2311      2310      2528      2822      2581      2582      2825           2
 1357      2318      2526      2313      2235      2555      2823      2607      2327           2
 1358      2526      2527      2314      2313      2823      2824      2608      2607           2
 1359      2527      2528      2315      2314      2824      2825      2609      2608           2
 1360      2528      2310      2234      2315      2825      2582      2328      2609           2
 1361      2882      3057      3210      2967      2826      2836      2937      2848           2
 1362      3057      3058      3211      3210      2836      2837      2938      2937           2
 1363      3058      3059      3212      3211      2837      2838      2939      2938           2
 1364      3059      2892      3012      3212      2838      2827      2839      2939           2
 1365      2967      3210      3213      2968      2848      2937      2940      2847           2
 1366      3210      3211      3214      3213      2937      2938      2941      2940           2
 1367      3211      3212      3215      3214      2938      2939      2942      2941           2
 1368      3212      3012      3013      3215      2939      2839      2840      2942           2
 1369      2968      3213      3216      2969      2847      2940      2943      2846           2
 1370      3213      3214      3217      3216      2940      2941      2944      2943           2
 1371      3214      3215      3218      3217      2941      2942      2945      2944           2
 1372      3215      3013      3014      3218      2942      2840      2841      2945           2
 1373      2969      3216      3219      2970      2846      2943      2946      2845           2
 1374      3216      3217      3220      3219      2943      2944      2947      2946           2
 1375      3217      3218      3221      3220      2944      2945      2948      2947           2
 1376      3218      3014      3015      3221      2945      2841      2842      2948           2
 1377      2970      3219      3222      2971      2845      2946      2949      2844           2
 1378      3219      3220      3223      3222      2946      2947      2950      2949           2
 1379      3220      3221      3224      3223      2947      2948      2951      2950           2
 1380      3221      3015      3016      3224      2948      2842      2843      2951           2
 1381      2971      3222      3084      2865      2844      2949       226        22           2
 1382      3222      3223      3085      3084      2949      2950       225       226           2
 1383      3223      3224      3086      3085      2950      2951       224       225           2
 1384      3224      3016      2891      3086      2951      2843        21       224           2
 1385      2881      3060      3225      2972      2882      3057      3210      2967           2
 1386      3060      3061      3226      3225      3057      3058      3211      3210           2
 1387      3061      3062      3227      3226      3058      3059      3212      3211           2
 1388      3062      2893      3017      3227      3059      2892      3012      3212           2
 1389      2972      3225      3228      2973      2967      3210      3213      2968           2
 1390      3225      3226      3229      3228      3210      3211      3214      3213           2
 1391      3226      3227      3230      3229      3211      3212      3215      3214           2
 1392      3227      3017      3018      3230      3212      3012      3013      3215           2
 1393      2973      3228      3231      2974      2968      3213      3216      2969           2
 1394      3228      3229      3232      3231      3213      3214      3217      3216           2
 1395      3229      3230      3233      3232      3214      3215      3218      3217           2
 1396      3230      3018      3019      3233      3215      3013      3014      3218           2
 1397      2974      3231      3234      2975      2969      3216      3219      2970           2
 1398      3231      3232      3235      3234      3216      3217      3220      3219           2
 1399      3232      3233      3236      3235      3217      3218      3221      3220           2
 1400      3233      3019      3020      3236      3218      3014      3015      3221           2
 1401      2975      3234      3237      2976      2970      3219      3222      2971           2
 1402      3234      3235      3238      3237      3219      3220      3223      3222           2
 1403      3235      3236      3239      3238      3220      3221      3224      3223           2
 1404      3236      3020      3021      3239      3221      3015      3016      3224           2
 1405      2976      3237      3087      2866      2971      3222      3084      2865           2
 1406      3237      3238      3088      3087      3222      3223      3085      3084           2
 1407      3238      3239      3089      3088      3223      3224      3086      3085           2
 1408      3239      3021      2890      3089      3224      3016      2891      3086           2
 1409      2880      3063      3240      2977      2881      3060      3225      2972           2
 1410      3063      3064      3241      3240      3060      3061      3226      3225           2
 1411      3064      3065      3242      3241      3061      3062      3227      3226           2
 1412      3065      2894      3022      3242      3062      2893      3017      3227           2
 1413      2977      3240      3243      2978      2972      3225      3228      2973           2
 1414      3240      3241      3244      3243      3225      3226      3229      3228           2
 1415      3241      3242      3245      3244      3226      3227      3230      3229           2
 1416      3242      3022      3023      3245      3227      3017      3018      3230           2
 1417      2978      3243      3246      2979      2973      3228      3231      2974           2
 1418      3243      3244      3247      3246      3228      3229      3232      3231           2
 1419      3244      3245      3248      3247      3229      3230      3233      3232           2
 1420      3245      3023      3024      3248      3230      3018      3019      3233           2
 1421      2979      3246      3249      2980      2974      3231      3234      2975           2
 1422      3246      3247      3250      3249      3231      3232      3235      3234           2
 1423      3247      3248      3251      3250      3232      3233      3236      3235           2
 1424      3248      3024      3025      3251      3233      3019      3020      3236           2
 1425      2980      3249      3252      2981      2975      3234      3237      2976           2
 1426      3249      3250      3253      3252      3234      3235      3238      3237           2
 1427      3250      3251      3254      3253      3235      3236      3239      3238           2
 1428      3251      3025      3026      3254      3236      3020      3021      3239           2
 1429      2981      3252      3090      2867      2976      3237      3087      2866           2
 1430      3252      3253      3091      3090      3237      3238      3088      3087           2
 1431      3253      3254      3092      3091      3238      3239      3089      3088           2
 1432      3254      3026      2889      3092      3239      3021      2890      3089           2
 1433      2879      3066      3255      2982      2880      3063      3240      2977           2
 1434      3066      3067      3256      3255      3063      3064      3241      3240           2
 1435      3067      3068      3257      3256      3064      3065      3242      3241           2
 1436      3068      2895      3027      3257      3065      2894      3022      3242           2
 1437      2982      3255      3258      2983      2977      3240      3243      2978           2
 1438      3255      3256      3259      3258      3240      3241      3244      3243           2
 1439      3256      3257      3260      3259      3241      3242      3245      3244           2
 1440      3257      3027      3028      3260      3242      3022      3023      3245           2
 1441      2983      3258      3261      2984      2978      3243      3246      2979           2
 1442      3258      3259      3262      3261      3243      3244      3247      3246           2
 1443      3259      3260      3263      3262      3244      3245      3248      3247           2
 1444      3260      3028      3029      3263      3245      3023      3024      3248           2
 1445      2984      3261      3264      2985      2979      3246      3249      2980           2
 1446      3261      3262      3265      3264      3246      3247      3250      3249           2
 1447      3262      3263      3266      3265      3247      3248      3251      3250           2
 1448      3263      3029      3030      3266      3248      3024      3025      3251           2
 1449      2985      3264      3267      2986      2980      3249      3252      2981           2
 1450      3264      3265      3268      3267      3249      3250      3253      3252           2
 1451      3265      3266      3269      3268      3250      3251      3254      3253           2
 1452      3266      3030      3031      3269      3251      3025      3026      3254           2
 1453      2986      3267      3093      2868      2981      3252      3090      2867           2
 1454      3267      3268      3094      3093      3252      3253      3091      3090           2
 1455      3268      3269      3095      3094      3253      3254      3092      3091           2
 1456      3269      3031      2888      3095      3254      3026      2889      3092           2
 1457      2878      3069      3270      2987      2879      3066      3255      2982           2
 1458      3069      3070      3271      3270      3066      3067      3256      3255           2
 1459      3070      3071      3272      3271      3067      3068      3257      3256           2
 1460      3071      2896      3032      3272      3068      2895      3027      3257           2
 1461      2987      3270      3273      2988      2982      3255      3258      2983           2
 1462      3270      3271      3274      3273      3255      3256      3259      3258           2
 1463      3271      3272      3275      3274      3256      3257      3260      3259           2
 1464      3272      3032      3033      3275      3257      3027      3028      3260           2
 1465      2988      3273      3276      2989      2983      3258      3261      2984           2
 1466      3273      3274      3277      3276      3258      3259      3262      3261           2
 1467      3274      3275      3278      3277      3259      3260      3263      3262           2
 1468      3275      3033      3034      3278      3260      3028      3029      3263           2
 1469      2989      3276      3279      2990      2984      3261      3264      2985           2
 1470      3276      3277      3280      3279      3261      3262      3265      3264           2
 1471      3277      3278      3281      3280      3262      3263      3266      3265           2
 1472      3278      3034      3035      3281      3263      3029      3030      3266           2
 1473      2990      3279      3282      2991      2985      3264      3267      2986           2
 1474      3279      3280      3283      3282      3264      3265      3268      3267           2
 1475      3280      3281      3284      3283      3265      3266      3269      3268           2
 1476      3281      3035      3036      3284      3266      3030      3031      3269           2
 1477      2991      3282      3096      2869      2986      3267      3093      2868           2
 1478      3282      3283      3097      3096      3267      3268      3094      3093           2
 1479      3283      3284      3098      3097      3268      3269      3095      3094           2
 1480      3284      3036      2887      3098      3269      3031      2888      3095           2
 1481      2877      3072      3285      2992      2878      3069      3270      2987           2
 1482      3072      3073      3286      3285      3069      3070      3271      3270           2
 1483      3073      3074      3287      3286      3070      3071      3272      3271           2
 1484      3074      2897      3037      3287      3071      2896      3032      3272           2
 1485      2992      3285      3288      2993      2987      3270      3273      2988           2
 1486      3285      3286      3289      3288      3270      3271      3274      3273           2
 1487      3286      3287      3290      3289      3271      3272      3275      3274           2
 1488      3287      3037      3038      3290      3272      3032      3033      3275           2
 1489      2993      3288      3291      2994      2988      3273      3276      2989           2
 1490      3288      3289      3292      3291      3273      3274      3277      3276           2
 1491      3289      3290      3293      3292      3274      3275      3278      3277           2
 1492      3290      3038      3039      3293      3275      3033      3034      3278           2
 1493      2994      3291      3294      2995      2989      3276      3279      2990           2
 1494      3291      3292      3295      3294      3276      3277      3280      3279           2
 1495      3292      3293      3296      3295      3277      3278      3281      3280           2
 1496      3293      3039      3040      3296      3278      3034      3035      3281           2
 1497      2995      3294      3297      2996      2990      3279      3282      2991           2
 1498      3294      3295      3298      3297      3279      3280      3283      3282           2
 1499      3295      3296      3299      3298      3280      3281      3284      3283           2
 1500      3296      3040      3041      3299      3281      3035      3036      3284           2
 1501      2996      3297      3099      2870      2991      3282      3096      2869           2
 1502      3297      3298      3100      3099      3282      3283      3097      3096           2
 1503      3298      3299      3101      3100      3283      3284      3098      3097           2
 1504      3299      3041      2886      3101      3284      3036      2887      3098           2
 1505      2876      3075      3300      2997      2877      3072      3285      2992           2
 1506      3075      3076      3301      3300      3072      3073      3286      3285           2
 1507      3076      3077      3302      3301      3073      3074      3287      3286           2
 1508      3077      2898      3042      3302      3074      2897      3037      3287           2
 1509      2997      3300      3303      2998      2992      3285      3288      2993           2
 1510      3300      3301      3304      3303      3285      3286      3289      3288           2
 1511      3301      3302      3305      3304      3286      3287      3290      3289           2
 1512      3302      3042      3043      3305      3287      3037      3038      3290           2
 1513      2998      3303      3306      2999      2993      3288      3291      2994           2
 1514      3303      3304      3307      3306      3288      3289      3292      3291           2
 1515      3304      3305      3308      3307      3289      3290      3293      3292           2
 1516      3305      3043      3044      3308      3290      3038      3039      3293           2
 1517      2999      3306      3309      3000      2994      3291      3294      2995           2
 1518      3306      3307      3310      3309      3291      3292      3295      3294           2
 1519      3307      3308      3311      3310      3292      3293      3296      3295           2
 1520      3308      3044      3045      3311      3293      3039      3040      3296           2
 1521      3000      3309      3312      3001      2995      3294      3297      2996           2
 1522      3309      3310      3313      3312      3294      3295      3298      3297           2
 1523      3310      3311      3314      3313      3295      3296      3299      3298           2
 1524      3311      3045      3046      3314      3296      3040      3041      3299           2
 1525      3001      3312      3102      2871      2996      3297      3099      2870           2
 1526      3312      3313      3103      3102      3297      3298      3100      3099           2
 1527      3313      3314      3104      3103      3298      3299      3101      3100           2
 1528      3314      3046      2885      3104      3299      3041      2886      3101           2
 1529      2875      3078      3315      3002      2876      3075      3300      2997           2
 1530      3078      3079      3316      3315      3075      3076      3301      3300           2
 1531      3079      3080      3317      3316      3076      3077      3302      3301           2
 1532      3080      2899      3047      3317      3077      2898      3042      3302           2
 1533      3002      3315      3318      3003      2997      3300      3303      2998           2
 1534      3315      3316      3319      3318      3300      3301      3304      3303           2
 1535      3316      3317      3320      3319      3301      3302      3305      3304           2
 1536      3317      3047      3048      3320      3302      3042      3043      3305           2
 1537      3003      3318      3321      3004      2998      3303      3306      2999           2
 1538      3318      3319      3322      3321      3303      3304      3307      3306           2
 1539      3319      3320      3323      3322      3304      3305      3308      3307           2
 1540      3320      3048      3049      3323      3305      3043      3044      3308           2
 1541      3004      3321      3324      3005      2999      3306      3309      3000           2
 1542      3321      3322      3325      3324      3306      3307      3310      3309           2
 1543      3322      3323      3326      3325      3307      3308      3311      3310           2
 1544      3323      3049      3050      3326      3308      3044      3045      3311           2
 1545      3005      3324      3327      3006      3000      3309      3312      3001           2
 1546      3324      3325      3328      3327      3309      3310      3313      3312           2
 1547      3325      3326      3329      3328      3310      3311      3314      3313           2
 1548      3326      3050      3051      3329      3311      3045      3046      3314           2
 1549      3006      3327      3105      2872      3001      3312      3102      2871           2
 1550      3327      3328      3106      3105      3312      3313      3103      3102           2
 1551      3328      3329      3107      3106      3313      3314      3104      3103           2
 1552      3329      3051      2884      3107      3314      3046      2885      3104           2
 1553      2874      3081      3330      3007      2875      3078      3315      3002           2
 1554      3081      3082      3331      3330      3078      3079      3316      3315           2
 1555      3082      3083      3332      3331      3079      3080      3317      3316           2
 1556      3083      2900      3052      3332      3080      2899      3047      3317           2
 1557      3007      3330      3333      3008      3002      3315      3318      3003           2
 1558      3330      3331      3334      3333      3315      3316      3319      3318           2
 1559      3331      3332      3335      3334      3316      3317      3320      3319           2
 1560      3332      3052      3053      3335      3317      3047      3048      3320           2
 1561      3008      3333      3336      3009      3003      3318      3321      3004           2
 1562      3333      3334      3337      3336      3318      3319      3322      3321           2
 1563      3334      3335      3338      3337      3319      3320      3323      3322           2
 1564      3335      3053      3054      3338      3320      3048      3049      3323           2
 1565      3009      3336      3339      3010      3004      3321      3324      3005           2
 1566      3336      3337      3340      3339      3321      3322      3325      3324           2
 1567      3337      3338      3341      3340      3322      3323      3326      3325           2
 1568      3338      3054      3055      3341      3323      3049      3050      3326           2
 1569      3010      3339      3342      3011      3005      3324      3327      3006           2
 1570      3339      3340      3343      3342      3324      3325      3328      3327           2
 1571      3340      3341      3344      3343      3325      3326      3329      3328           2
 1572      3341      3055      3056      3344      3326      3050      3051      3329           2
 1573      3011      3342      3108      2873      3006      3327      3105      2872           2
 1574      3342      3343      3109      3108      3327      3328      3106      3105           2
 1575      3343      3344      3110      3109      3328      3329      3107      3106           2
 1576      3344      3056      2883      3110      3329      3051      2884      3107           2
 1577      2831      2851      2952      2860      2874      3081      3330      3007           2
 1578      2851      2850      2953      2952      3081      3082      3331      3330           2
 1579      2850      2849      2954      2953      3082      3083      3332      3331           2
 1580      2849      2828      2856      2954      3083      2900      3052      3332           2
 1581      2860      2952      2955      2861      3007      3330      3333      3008           2
 1582      2952      2953      2956      2955      3330      3331      3334      3333           2
 1583      2953      2954      2957      2956      3331      3332      3335      3334           2
 1584      2954      2856      2855      2957      3332      3052      3053      3335           2
 1585      2861      2955      2958      2862      3008      3333      3336      3009           2
 1586      2955      2956      2959      2958      3333      3334      3337      3336           2
 1587      2956      2957      2960      2959      3334      3335      3338      3337           2
 1588      2957      2855      2854      2960      3335      3053      3054      3338           2
 1589      2862      2958      2961      2863      3009      3336      3339      3010           2
 1590      2958      2959      2962      2961      3336      3337      3340      3339           2
 1591      2959      2960      2963      2962      3337      3338      3341      3340           2
 1592      2960      2854      2853      2963      3338      3054      3055      3341           2
 1593      2863      2961      2964      2864      3010      3339      3342      3011           2
 1594      2961      2962      2965      2964      3339      3340      3343      3342           2
 1595      2962      2963      2966      2965      3340      3341      3344      3343           2
 1596      2963      2853      2852      2966      3341      3055      3056      3344           2
 1597      2864      2964      2857      2830      3011      3342      3108      2873           2
 1598      2964      2965      2858      2857      3342      3343      3109      3108           2
 1599      2965      2966      2859      2858      3343      3344      3110      3109           2
 1600      2966      2852      2829      2859      3344      3056      2883      3110           2
 1601      2892      3059      3345      3129      2827      2838      3111      2909           2
 1602      3059      3058      3346      3345      2838      2837      3112      3111           2
 1603      3058      3057      3347      3346      2837      2836      3113      3112           2
 1604      3057      2882      3156      3347      2836      2826      2901      3113           2
 1605      3129      3345      3348      3130      2909      3111      3114      2908           2
 1606      3345      3346      3349      3348      3111      3112      3115      3114           2
 1607      3346      3347      3350      3349      3112      3113      3116      3115           2
 1608      3347      3156      3157      3350      3113      2901      2902      3116           2
 1609      3130      3348      3351      3131      2908      3114      3117      2907           2
 1610      3348      3349      3352      3351      3114      3115      3118      3117           2
 1611      3349      3350      3353      3352      3115      3116      3119      3118           2
 1612      3350      3157      3158      3353      3116      2902      2903      3119           2
 1613      3131      3351      3183      2919      2907      3117      2906      2833           2
 1614      3351      3352      3184      3183      3117      3118      2905      2906           2
 1615      3352      3353      3185      3184      3118      3119      2904      2905           2
 1616      3353      3158      2936      3185      3119      2903      2832      2904           2
 1617      2893      3062      3354      3132      2892      3059      3345      3129           2
 1618      3062      3061      3355      3354      3059      3058      3346      3345           2
 1619      3061      3060      3356      3355      3058      3057      3347      3346           2
 1620      3060      2881      3159      3356      3057      2882      3156      3347           2
 1621      3132      3354      3357      3133      3129      3345      3348      3130           2
 1622      3354      3355      3358      3357      3345      3346      3349      3348           2
 1623      3355      3356      3359      3358      3346      3347      3350      3349           2
 1624      3356      3159      3160      3359      3347      3156      3157      3350           2
 1625      3133      3357      3360      3134      3130      3348      3351      3131           2
 1626      3357      3358      3361      3360      3348      3349      3352      3351           2
 1627      3358      3359      3362      3361      3349      3350      3353      3352           2
 1628      3359      3160      3161      3362      3350      3157      3158      3353           2
 1629      3134      3360      3186      2920      3131      3351      3183      2919           2
 1630      3360      3361      3187      3186      3351      3352      3184      3183           2
 1631      3361      3362      3188      3187      3352      3353      3185      3184           2
 1632      3362      3161      2935      3188      3353      3158      2936      3185           2
 1633      2894      3065      3363      3135      2893      3062      3354      3132           2
 1634      3065      3064      3364      3363      3062      3061      3355      3354           2
 1635      3064      3063      3365      3364      3061      3060      3356      3355           2
 1636      3063      2880      3162      3365      3060      2881      3159      3356           2
 1637      3135      3363      3366      3136      3132      3354      3357      3133           2
 1638      3363      3364      3367      3366      3354      3355      3358      3357           2
 1639      3364      3365      3368      3367      3355      3356      3359      3358           2
 1640      3365      3162      3163      3368      3356      3159      3160      3359           2
 1641      3136      3366      3369      3137      3133      3357      3360      3134           2
 1642      3366      3367      3370      3369      3357      3358      3361      3360           2
 1643      3367      3368      3371      3370      3358      3359      3362      3361           2
 1644      3368      3163      3164      3371      3359      3160      3161      3362           2
 1645      3137      3369      3189      2921      3134      3360      3186      2920           2
 1646      3369      3370      3190      3189      3360      3361      3187      3186           2
 1647      3370      3371      3191      3190      3361      3362      3188      3187           2
 1648      3371      3164      2934      3191      3362      3161      2935      3188           2
 1649      2895      3068      3372      3138      2894      3065      3363      3135           2
 1650      3068      3067      3373      3372      3065      3064      3364      3363           2
 1651      3067      3066      3374      3373      3064      3063      3365      3364           2
 1652      3066      2879      3165      3374      3063      2880      3162      3365           2
 1653      3138      3372      3375      3139      3135      3363      3366      3136           2
 1654      3372      3373      3376      3375      3363      3364      3367      3366           2
 1655      3373      3374      3377      3376      3364      3365      3368      3367           2
 1656      3374      3165      3166      3377      3365      3162      3163      3368           2
 1657      3139      3375      3378      3140      3136      3366      3369      3137           2
 1658      3375      3376      3379      3378      3366      3367      3370      3369           2
 1659      3376      3377      3380      3379      3367      3368      3371      3370           2
 1660      3377      3166      3167      3380      3368      3163      3164      3371           2
 1661      3140      3378      3192      2922      3137      3369      3189      2921           2
 1662      3378      3379      3193      3192      3369      3370      3190      3189           2
 1663      3379      3380      3194      3193      3370      3371      3191      3190           2
 1664      3380      3167      2933      3194      3371      3164      2934      3191           2
 1665      2896      3071      3381      3141      2895      3068      3372      3138           2
 1666      3071      3070      3382      3381      3068      3067      3373      3372           2
 1667      3070      3069      3383      3382      3067      3066      3374      3373           2
 1668      3069      2878      3168      3383      3066      2879      3165      3374           2
 1669      3141      3381      3384      3142      3138      3372      3375      3139           2
 1670      3381      3382      3385      3384      3372      3373      3376      3375           2
 1671      3382      3383      3386      3385      3373      3374      3377      3376           2
 1672      3383      3168      3169      3386      3374      3165      3166      3377           2
 1673      3142      3384      3387      3143      3139      3375      3378      3140           2
 1674      3384      3385      3388      3387      3375      3376      3379      3378           2
 1675      3385      3386      3389      3388      3376      3377      3380      3379           2
 1676      3386      3169      3170      3389      3377      3166      3167      3380           2
 1677      3143      3387      3195      2923      3140      3378      3192      2922           2
 1678      3387      3388      3196      3195      3378      3379      3193      3192           2
 1679      3388      3389      3197      3196      3379      3380      3194      3193           2
 1680      3389      3170      2932      3197      3380      3167      2933      3194           2
 1681      2897      3074      3390      3144      2896      3071      3381      3141           2
 1682      3074      3073      3391      3390      3071      3070      3382      3381           2
 1683      3073      3072      3392      3391      3070      3069      3383      3382           2
 1684      3072      2877      3171      3392      3069      2878      3168      3383           2
 1685      3144      3390      3393      3145      3141      3381      3384      3142           2
 1686      3390      3391      3394      3393      3381      3382      3385      3384           2
 1687      3391      3392      3395      3394      3382      3383      3386      3385           2
 1688      3392      3171      3172      3395      3383      3168      3169      3386           2
 1689      3145      3393      3396      3146      3142      3384      3387      3143           2
 1690      3393      3394      3397      3396      3384      3385      3388      3387           2
 1691      3394      3395      3398      3397      3385      3386      3389      3388           2
 1692      3395      3172      3173      3398      3386      3169      3170      3389           2
 1693      3146      3396      3198      2924      3143      3387      3195      2923           2
 1694      3396      3397      3199      3198      3387      3388      3196      3195           2
 1695      3397      3398      3200      3199      3388      3389      3197      3196           2
 1696      3398      3173      2931      3200      3389      3170      2932      3197           2
 1697      2898      3077      3399      3147      2897      3074      3390      3144           2
 1698      3077      3076      3400      3399      3074      3073      3391      3390           2
 1699      3076      3075      3401      3400      3073      3072      3392      3391           2
 1700      3075      2876      3174      3401      3072      2877      3171      3392           2
 1701      3147      3399      3402      3148      3144      3390      3393      3145           2
 1702      3399      3400      3403      3402      3390      3391      3394      3393           2
 1703      3400      3401      3404      3403      3391      3392      3395      3394           2
 1704      3401      3174      3175      3404      3392      3171      3172      3395           2
 1705      3148      3402      3405      3149      3145      3393      3396      3146           2
 1706      3402      3403      3406      3405      3393      3394      3397      3396           2
 1707      3403      3404      3407      3406      3394      3395      3398      3397           2
 1708      3404      3175      3176      3407      3395      3172      3173      3398           2
 1709      3149      3405      3201      2925      3146      3396      3198      2924           2
 1710      3405      3406      3202      3201      3396      3397      3199      3198           2
 1711      3406      3407      3203      3202      3397      3398      3200      3199           2
 1712      3407      3176      2930      3203      3398      3173      2931      3200           2
 1713      2899      3080      3408      3150      2898      3077      3399      3147           2
 1714      3080      3079      3409      3408      3077      3076      3400      3399           2
 1715      3079      3078      3410      3409      3076      3075      3401      3400           2
 1716      3078      2875      3177      3410      3075      2876      3174      3401           2
 1717      3150      3408      3411      3151      3147      3399      3402      3148           2
 1718      3408      3409      3412      3411      3399      3400      3403      3402           2
 1719      3409      3410      3413      3412      3400      3401      3404      3403           2
 1720      3410      3177      3178      3413      3401      3174      3175      3404           2
 1721      3151      3411      3414      3152      3148      3402      3405      3149           2
 1722      3411      3412      3415      3414      3402      3403      3406      3405           2
 1723      3412      3413      3416      3415      3403      3404      3407      3406           2
 1724      3413      3178      3179      3416      3404      3175      3176      3407           2
 1725      3152      3414      3204      2926      3149      3405      3201      2925           2
 1726      3414      3415      3205      3204      3405      3406      3202      3201           2
 1727      3415      3416      3206      3205      3406      3407      3203      3202           2
 1728      3416      3179      2929      3206      3407      3176      2930      3203           2
 1729      2900      3083      3417      3153      2899      3080      3408      3150           2
 1730      3083      3082      3418      3417      3080      3079      3409      3408           2
 1731      3082      3081      3419      3418      3079      3078      3410      3409           2
 1732      3081      2874      3180      3419      3078      2875      3177      3410           2
 1733      3153      3417      3420      3154      3150      3408      3411      3151           2
 1734      3417      3418      3421      3420      3408      3409      3412      3411           2
 1735      3418      3419      3422      3421      3409      3410      3413      3412           2
 1736      3419      3180      3181      3422      3410      3177      3178      3413           2
 1737      3154      3420      3423      3155      3151      3411      3414      3152           2
 1738      3420      3421      3424      3423      3411      3412      3415      3414           2
 1739      3421      3422      3425      3424      3412      3413      3416      3415           2
 1740      3422      3181      3182      3425      3413      3178      3179      3416           2
 1741      3155      3423      3207      2927      3152      3414      3204      2926           2
 1742      3423      3424      3208      3207      3414      3415      3205      3204           2
 1743      3424      3425      3209      3208      3415      3416      3206      3205           2
 1744      3425      3182      2928      3209      3416      3179      2929      3206           2
 1745      2828      2849      3120      2916      2900      3083      3417      3153           2
 1746      2849      2850      3121      3120      3083      3082      3418      3417           2
 1747      2850      2851      3122      3121      3082      3081      3419      3418           2
 1748      2851      2831      2912      3122      3081      2874      3180      3419           2
 1749      2916      3120      3123      2917      3153      3417      3420      3154           2
 1750      3120      3121      3124      3123      3417      3418      3421      3420           2
 1751      3121      3122      3125      3124      3418      3419      3422      3421           2
 1752      3122      2912      2911      3125      3419      3180      3181      3422           2
 1753      2917      3123      3126      2918      3154      3420      3423      3155           2
 1754      3123      3124      3127      3126      3420      3421      3424      3423           2
 1755      3124      3125      3128      3127      3421      3422      3425      3424           2
 1756      3125      2911      2910      3128      3422      3181      3182      3425           2
 1757      2918      3126      2913      2835      3155      3423      3207      2927           2
 1758      3126      3127      2914      2913      3423      3424      3208      3207           2
 1759      3127      3128      2915      2914      3424      3425      3209      3208           2
 1760      3128      2910      2834      2915      3425      3182      2928      3209           2

	TOTAL SYSTEM DATA

     NUMBER OF EQUATIONS . . . . . . . . . . . . . .(NEQ) = 11847
     NUMBER OF MATRIX ELEMENTS . . . . . . . . . . .(NWK) = 9379249
     MAXIMUM HALF BANDWIDTH  . . . . . . . . . . . .(MK ) = 11804
     MEAN HALF BANDWIDTH . . . . . . . . . . . . . .(MM ) = 791.6982358402971


